[2025-01-26 01:47] Container for titan/libpng/libpng_read_fuzzer started in 27f8153183f4
Campaign launched at 2025-01-25 17:47
+ mkdir -p /magma_shared/findings
+ export AFL_SKIP_CPUFREQ=1
+ AFL_SKIP_CPUFREQ=1
+ export AFL_NO_AFFINITY=1
+ AFL_NO_AFFINITY=1
+ [[ /magma/targets/libpng = *openssl* ]]
+ [[ /magma/targets/libpng = *lua* ]]
+ [[ /magma/targets/libpng = *libpng* ]]
+ echo 'set timeout -t 1000+'
+ FUZZ_TIMEOUT='-t 1000+'
+ /magma/fuzzers/titan/repo/prototype/afl-fuzz -m 100M -t 1000+ -i /magma/targets/libpng/corpus/libpng_read_fuzzer -o /magma_shared/findings -s /magma_out/output-libpng_read_fuzzer/bug_conf_cluster -k /magma_out/output-libpng_read_fuzzer/bug_over_cluster -- /magma_out/libpng_read_fuzzer
set timeout -t 1000+
[0;36maflgo (yeah!) [1;97m2.52b[0m
[0;36m[1;92m[+] [0mRunning with [1;97mEXP[0m schedule and time-to-exploitation set to [1;97m10 minutes[0m[0m
parsing cluster
cluster lengthing
parsing done with 7 targets
parsing cluster
parsing done with 7 targets
[1;92m[+] [0mLooks like we're not running on a tty, so I'll be a bit less verbose.[0m
[1;92m[+] [0mYou have 6 CPU cores and 2 runnable tasks (utilization: 33%).[0m
[1;92m[+] [0mTry parallel jobs - see docs/parallel_fuzzing.txt.[0m
[1;93m[!] [1;97mWARNING: [0mNot binding to a CPU core (AFL_NO_AFFINITY set).[0m
[1;94m[*] [0mChecking core_pattern...[0m
[1;94m[*] [0mSetting up output directories...[0m
[1;92m[+] [0mOutput directory exists but deemed OK to reuse.[0m
[1;94m[*] [0mDeleting old session data...[0m
[1;92m[+] [0mOutput dir cleanup successful.[0m
[1;94m[*] [0mScanning '/magma/targets/libpng/corpus/libpng_read_fuzzer'...[0m
[1;92m[+] [0mNo auto-generated dictionary tokens to reuse.[0m
[1;94m[*] [0mCreating hard links for all input files...[0m
[1;94m[*] [0mValidating target binary...[0m
[1;94m[*] [0mAttempting dry run with 'id:000000,orig:not_kitty.png'...[0m
[1;94m[*] [0mSpinning up the fork server...[0m
[1;92m[+] [0mAll right - fork server is up.[0m
[1;90m    len = 218, map size = 946, exec speed = 2497 us
[0m[1;93m[!] [1;97mWARNING: [0mNo new instrumentation output, test case may be useless.[0m
[1;94m[*] [0mAttempting dry run with 'id:000001,orig:not_kitty_alpha.png'...[0m
[1;90m    len = 376, map size = 1097, exec speed = 1901 us
[0m[1;93m[!] [1;97mWARNING: [0mNo new instrumentation output, test case may be useless.[0m
[1;94m[*] [0mAttempting dry run with 'id:000002,orig:not_kitty_gamma.png'...[0m
[1;90m    len = 228, map size = 985, exec speed = 1691 us
[0m[1;93m[!] [1;97mWARNING: [0mNo new instrumentation output, test case may be useless.[0m
[1;94m[*] [0mAttempting dry run with 'id:000003,orig:not_kitty_icc.png'...[0m
[1;90m    len = 427, map size = 1102, exec speed = 2087 us
[0m[1;93m[!] [1;97mWARNING: [0mNo new instrumentation output, test case may be useless.[0m
[1;92m[+] [0mAll test cases processed.[0m

[1;93m[!] [1;97mWARNING: [0m[1;91mSome test cases look useless. Consider using a smaller set.[0m
[1;92m[+] [0mHere are some useful stats:

[1;90m    Test case count : [0m4 favored, 0 variable, 4 total
[1;90m       Bitmap range : [0m946 to 1102 bits (average: 1032.50 bits)
[1;90m        Exec timing : [0m1691 to 2497 us (average: 2044 us)
[0m
[1;92m[+] [0mAll set and ready to roll![0m
[1;94m[*] [0mEntering queue cycle 1.[0m
[1;94m[*] [0mFuzzing test case #0 (4 total, 0 uniq crashes found)...[0m
[1;94m[*] [0mFuzzing test case #1 (134 total, 0 uniq crashes found)...[0m
[1;94m[*] [0mFuzzing test case #2 (183 total, 0 uniq crashes found)...[0m
[1;94m[*] [0mFuzzing test case #3 (186 total, 0 uniq crashes found)...[0m
[1;94m[*] [0mFuzzing test case #4 (216 total, 0 uniq crashes found)...[0m
[1;94m[*] [0mFuzzing test case #8 (216 total, 0 uniq crashes found)...[0m
[1;94m[*] [0mFuzzing test case #9 (216 total, 0 uniq crashes found)...[0m
[1;94m[*] [0mFuzzing test case #11 (216 total, 0 uniq crashes found)...[0m
[1;94m[*] [0mFuzzing test case #19 (216 total, 0 uniq crashes found)...[0m
[1;94m[*] [0mFuzzing test case #23 (228 total, 0 uniq crashes found)...[0m
[1;94m[*] [0mFuzzing test case #25 (229 total, 0 uniq crashes found)...[0m
[1;94m[*] [0mFuzzing test case #39 (229 total, 0 uniq crashes found)...[0m
[1;94m[*] [0mFuzzing test case #45 (229 total, 0 uniq crashes found)...[0m
[1;94m[*] [0mFuzzing test case #46 (231 total, 0 uniq crashes found)...[0m
[1;94m[*] [0mFuzzing test case #47 (239 total, 0 uniq crashes found)...[0m
[1;94m[*] [0mFuzzing test case #51 (239 total, 0 uniq crashes found)...[0m
[1;94m[*] [0mFuzzing test case #52 (250 total, 0 uniq crashes found)...[0m
[1;94m[*] [0mFuzzing test case #53 (257 total, 0 uniq crashes found)...[0m
[1;94m[*] [0mFuzzing test case #57 (266 total, 0 uniq crashes found)...[0m
[1;94m[*] [0mFuzzing test case #71 (268 total, 0 uniq crashes found)...[0m
[1;94m[*] [0mFuzzing test case #72 (271 total, 0 uniq crashes found)...[0m
[1;94m[*] [0mFuzzing test case #78 (271 total, 0 uniq crashes found)...[0m
[1;94m[*] [0mFuzzing test case #79 (271 total, 0 uniq crashes found)...[0m
[1;94m[*] [0mFuzzing test case #100 (271 total, 0 uniq crashes found)...[0m
[1;94m[*] [0mFuzzing test case #104 (275 total, 0 uniq crashes found)...[0m
[1;94m[*] [0mFuzzing test case #106 (276 total, 0 uniq crashes found)...[0m
[1;94m[*] [0mFuzzing test case #107 (276 total, 0 uniq crashes found)...[0m
[1;94m[*] [0mFuzzing test case #114 (277 total, 0 uniq crashes found)...[0m
[1;94m[*] [0mFuzzing test case #119 (280 total, 0 uniq crashes found)...[0m
[1;94m[*] [0mFuzzing test case #121 (284 total, 0 uniq crashes found)...[0m
[1;94m[*] [0mFuzzing test case #122 (301 total, 0 uniq crashes found)...[0m
[1;94m[*] [0mFuzzing test case #123 (301 total, 0 uniq crashes found)...[0m
[1;94m[*] [0mFuzzing test case #130 (303 total, 0 uniq crashes found)...[0m
[1;94m[*] [0mFuzzing test case #140 (317 total, 0 uniq crashes found)...[0m
[1;94m[*] [0mFuzzing test case #146 (317 total, 0 uniq crashes found)...[0m
[1;94m[*] [0mFuzzing test case #149 (323 total, 0 uniq crashes found)...[0m
[1;94m[*] [0mFuzzing test case #150 (323 total, 0 uniq crashes found)...[0m
[1;94m[*] [0mFuzzing test case #153 (324 total, 0 uniq crashes found)...[0m
[1;94m[*] [0mFuzzing test case #155 (326 total, 0 uniq crashes found)...[0m
[1;94m[*] [0mFuzzing test case #158 (330 total, 0 uniq crashes found)...[0m
[1;94m[*] [0mFuzzing test case #159 (331 total, 0 uniq crashes found)...[0m
[1;94m[*] [0mFuzzing test case #162 (331 total, 0 uniq crashes found)...[0m
[1;94m[*] [0mFuzzing test case #171 (335 total, 0 uniq crashes found)...[0m
[1;94m[*] [0mFuzzing test case #178 (335 total, 0 uniq crashes found)...[0m
[1;94m[*] [0mFuzzing test case #180 (335 total, 0 uniq crashes found)...[0m
[1;94m[*] [0mFuzzing test case #183 (335 total, 0 uniq crashes found)...[0m
[1;94m[*] [0mFuzzing test case #184 (337 total, 0 uniq crashes found)...[0m
[1;94m[*] [0mFuzzing test case #191 (337 total, 0 uniq crashes found)...[0m
[1;94m[*] [0mFuzzing test case #196 (337 total, 0 uniq crashes found)...[0m
[1;94m[*] [0mFuzzing test case #197 (337 total, 0 uniq crashes found)...[0m
[1;94m[*] [0mFuzzing test case #199 (345 total, 0 uniq crashes found)...[0m
[1;94m[*] [0mFuzzing test case #203 (346 total, 0 uniq crashes found)...[0m
[1;94m[*] [0mFuzzing test case #205 (348 total, 0 uniq crashes found)...[0m
[1;94m[*] [0mFuzzing test case #206 (351 total, 0 uniq crashes found)...[0m
[1;94m[*] [0mFuzzing test case #208 (352 total, 0 uniq crashes found)...[0m
[1;94m[*] [0mFuzzing test case #213 (352 total, 0 uniq crashes found)...[0m
[1;94m[*] [0mFuzzing test case #215 (352 total, 0 uniq crashes found)...[0m
[1;94m[*] [0mFuzzing test case #218 (352 total, 0 uniq crashes found)...[0m
[1;94m[*] [0mFuzzing test case #220 (356 total, 0 uniq crashes found)...[0m
[1;94m[*] [0mFuzzing test case #221 (356 total, 0 uniq crashes found)...[0m
[1;94m[*] [0mFuzzing test case #224 (357 total, 0 uniq crashes found)...[0m
[1;94m[*] [0mFuzzing test case #225 (357 total, 0 uniq crashes found)...[0m
[1;94m[*] [0mFuzzing test case #227 (359 total, 0 uniq crashes found)...[0m
[1;94m[*] [0mFuzzing test case #228 (359 total, 0 uniq crashes found)...[0m
[1;94m[*] [0mFuzzing test case #229 (365 total, 0 uniq crashes found)...[0m
[1;94m[*] [0mFuzzing test case #233 (365 total, 0 uniq crashes found)...[0m
[1;94m[*] [0mFuzzing test case #236 (382 total, 0 uniq crashes found)...[0m
[1;94m[*] [0mFuzzing test case #238 (401 total, 0 uniq crashes found)...[0m
[1;94m[*] [0mFuzzing test case #240 (408 total, 0 uniq crashes found)...[0m
[1;94m[*] [0mFuzzing test case #249 (409 total, 0 uniq crashes found)...[0m
[1;94m[*] [0mFuzzing test case #258 (409 total, 0 uniq crashes found)...[0m
[1;94m[*] [0mFuzzing test case #267 (409 total, 0 uniq crashes found)...[0m
[1;94m[*] [0mFuzzing test case #269 (415 total, 0 uniq crashes found)...[0m
[1;94m[*] [0mFuzzing test case #271 (417 total, 0 uniq crashes found)...[0m
[1;94m[*] [0mFuzzing test case #272 (418 total, 0 uniq crashes found)...[0m
[1;94m[*] [0mFuzzing test case #274 (420 total, 0 uniq crashes found)...[0m
[1;94m[*] [0mFuzzing test case #278 (428 total, 0 uniq crashes found)...[0m
[1;94m[*] [0mFuzzing test case #279 (428 total, 0 uniq crashes found)...[0m
[1;94m[*] [0mFuzzing test case #290 (428 total, 0 uniq crashes found)...[0m
[1;94m[*] [0mFuzzing test case #309 (466 total, 0 uniq crashes found)...[0m
[1;94m[*] [0mFuzzing test case #315 (470 total, 0 uniq crashes found)...[0m
[1;94m[*] [0mFuzzing test case #316 (472 total, 0 uniq crashes found)...[0m
[1;94m[*] [0mFuzzing test case #317 (475 total, 0 uniq crashes found)...[0m
[1;94m[*] [0mFuzzing test case #319 (483 total, 0 uniq crashes found)...[0m
[1;94m[*] [0mFuzzing test case #320 (483 total, 0 uniq crashes found)...[0m
[1;94m[*] [0mFuzzing test case #321 (485 total, 0 uniq crashes found)...[0m
[1;94m[*] [0mFuzzing test case #322 (485 total, 0 uniq crashes found)...[0m
[1;94m[*] [0mFuzzing test case #323 (496 total, 0 uniq crashes found)...[0m
[1;94m[*] [0mFuzzing test case #326 (498 total, 0 uniq crashes found)...[0m
[1;94m[*] [0mFuzzing test case #328 (500 total, 0 uniq crashes found)...[0m
[1;94m[*] [0mFuzzing test case #338 (500 total, 0 uniq crashes found)...[0m
[1;94m[*] [0mFuzzing test case #342 (500 total, 0 uniq crashes found)...[0m
[1;94m[*] [0mFuzzing test case #343 (502 total, 0 uniq crashes found)...[0m
[1;94m[*] [0mFuzzing test case #349 (502 total, 0 uniq crashes found)...[0m
[1;94m[*] [0mFuzzing test case #350 (502 total, 0 uniq crashes found)...[0m
[1;94m[*] [0mFuzzing test case #351 (502 total, 0 uniq crashes found)...[0m
[1;94m[*] [0mFuzzing test case #356 (505 total, 0 uniq crashes found)...[0m
[1;94m[*] [0mFuzzing test case #357 (505 total, 0 uniq crashes found)...[0m
[1;94m[*] [0mFuzzing test case #360 (505 total, 0 uniq crashes found)...[0m
[1;94m[*] [0mFuzzing test case #366 (505 total, 0 uniq crashes found)...[0m
[1;94m[*] [0mFuzzing test case #376 (505 total, 0 uniq crashes found)...[0m
[1;94m[*] [0mFuzzing test case #378 (517 total, 0 uniq crashes found)...[0m
[1;94m[*] [0mFuzzing test case #383 (521 total, 0 uniq crashes found)...[0m
[1;94m[*] [0mFuzzing test case #405 (524 total, 0 uniq crashes found)...[0m
[1;94m[*] [0mFuzzing test case #412 (526 total, 0 uniq crashes found)...[0m
[1;94m[*] [0mFuzzing test case #414 (530 total, 0 uniq crashes found)...[0m
[1;94m[*] [0mFuzzing test case #420 (531 total, 0 uniq crashes found)...[0m
[1;94m[*] [0mFuzzing test case #448 (532 total, 0 uniq crashes found)...[0m
[1;94m[*] [0mFuzzing test case #465 (540 total, 0 uniq crashes found)...[0m
[1;94m[*] [0mFuzzing test case #472 (546 total, 0 uniq crashes found)...[0m
[1;94m[*] [0mFuzzing test case #480 (551 total, 0 uniq crashes found)...[0m
[1;94m[*] [0mFuzzing test case #481 (556 total, 0 uniq crashes found)...[0m
[1;94m[*] [0mFuzzing test case #493 (557 total, 0 uniq crashes found)...[0m
[1;94m[*] [0mFuzzing test case #496 (558 total, 0 uniq crashes found)...[0m
[1;94m[*] [0mFuzzing test case #497 (560 total, 0 uniq crashes found)...[0m
[1;94m[*] [0mFuzzing test case #498 (562 total, 0 uniq crashes found)...[0m
[1;94m[*] [0mFuzzing test case #499 (563 total, 0 uniq crashes found)...[0m
[1;94m[*] [0mFuzzing test case #500 (564 total, 0 uniq crashes found)...[0m
[1;94m[*] [0mFuzzing test case #501 (566 total, 0 uniq crashes found)...[0m
[1;94m[*] [0mFuzzing test case #502 (566 total, 0 uniq crashes found)...[0m
[1;94m[*] [0mFuzzing test case #520 (567 total, 0 uniq crashes found)...[0m
[1;94m[*] [0mFuzzing test case #524 (575 total, 0 uniq crashes found)...[0m
[1;94m[*] [0mFuzzing test case #529 (579 total, 0 uniq crashes found)...[0m
[1;94m[*] [0mFuzzing test case #533 (579 total, 0 uniq crashes found)...[0m
[1;94m[*] [0mFuzzing test case #547 (583 total, 0 uniq crashes found)...[0m
[1;94m[*] [0mFuzzing test case #551 (586 total, 0 uniq crashes found)...[0m
[1;94m[*] [0mFuzzing test case #554 (587 total, 0 uniq crashes found)...[0m
[1;94m[*] [0mFuzzing test case #556 (588 total, 0 uniq crashes found)...[0m
[1;94m[*] [0mFuzzing test case #557 (588 total, 0 uniq crashes found)...[0m
[1;94m[*] [0mFuzzing test case #560 (596 total, 0 uniq crashes found)...[0m
[1;94m[*] [0mFuzzing test case #562 (596 total, 0 uniq crashes found)...[0m
[1;94m[*] [0mFuzzing test case #563 (598 total, 0 uniq crashes found)...[0m
[1;94m[*] [0mFuzzing test case #564 (599 total, 0 uniq crashes found)...[0m
[1;94m[*] [0mFuzzing test case #571 (600 total, 0 uniq crashes found)...[0m
[1;94m[*] [0mFuzzing test case #582 (603 total, 0 uniq crashes found)...[0m
[1;94m[*] [0mFuzzing test case #587 (611 total, 0 uniq crashes found)...[0m
[1;94m[*] [0mFuzzing test case #596 (616 total, 0 uniq crashes found)...[0m
[1;94m[*] [0mFuzzing test case #613 (616 total, 0 uniq crashes found)...[0m
[1;94m[*] [0mFuzzing test case #617 (621 total, 0 uniq crashes found)...[0m
[1;94m[*] [0mFuzzing test case #621 (622 total, 0 uniq crashes found)...[0m
[1;94m[*] [0mFuzzing test case #623 (628 total, 0 uniq crashes found)...[0m
[1;94m[*] [0mFuzzing test case #784 (630 total, 0 uniq crashes found)...[0m
[1;94m[*] [0mFuzzing test case #876 (630 total, 0 uniq crashes found)...[0m
[1;94m[*] [0mFuzzing test case #924 (630 total, 0 uniq crashes found)...[0m
[1;94m[*] [0mFuzzing test case #925 (630 total, 0 uniq crashes found)...[0m
[1;94m[*] [0mFuzzing test case #1123 (630 total, 0 uniq crashes found)...[0m
[1;94m[*] [0mFuzzing test case #1262 (630 total, 0 uniq crashes found)...[0m
[1;94m[*] [0mFuzzing test case #1448 (630 total, 0 uniq crashes found)...[0m
[1;94m[*] [0mFuzzing test case #1583 (630 total, 0 uniq crashes found)...[0m
[1;94m[*] [0mFuzzing test case #1585 (630 total, 0 uniq crashes found)...[0m
[1;94m[*] [0mFuzzing test case #1724 (630 total, 0 uniq crashes found)...[0m
[1;94m[*] [0mFuzzing test case #1737 (631 total, 0 uniq crashes found)...[0m
[1;94m[*] [0mFuzzing test case #1790 (631 total, 0 uniq crashes found)...[0m
[1;94m[*] [0mFuzzing test case #1791 (632 total, 0 uniq crashes found)...[0m
[1;94m[*] [0mFuzzing test case #1958 (634 total, 0 uniq crashes found)...[0m
[1;94m[*] [0mFuzzing test case #2084 (634 total, 0 uniq crashes found)...[0m
[1;94m[*] [0mFuzzing test case #2167 (635 total, 0 uniq crashes found)...[0m
[1;94m[*] [0mFuzzing test case #2195 (636 total, 0 uniq crashes found)...[0m
[1;94m[*] [0mFuzzing test case #2245 (636 total, 0 uniq crashes found)...[0m
[1;94m[*] [0mFuzzing test case #2336 (636 total, 0 uniq crashes found)...[0m
[1;94m[*] [0mFuzzing test case #2543 (637 total, 0 uniq crashes found)...[0m
[1;94m[*] [0mFuzzing test case #2851 (638 total, 0 uniq crashes found)...[0m
[1;94m[*] [0mFuzzing test case #2852 (639 total, 0 uniq crashes found)...[0m
[1;94m[*] [0mFuzzing test case #2984 (642 total, 0 uniq crashes found)...[0m
[1;94m[*] [0mFuzzing test case #3013 (642 total, 0 uniq crashes found)...[0m
[1;94m[*] [0mFuzzing test case #3109 (642 total, 0 uniq crashes found)...[0m
[1;94m[*] [0mFuzzing test case #3163 (642 total, 0 uniq crashes found)...[0m
[1;94m[*] [0mFuzzing test case #3221 (642 total, 0 uniq crashes found)...[0m
[1;94m[*] [0mFuzzing test case #3261 (642 total, 0 uniq crashes found)...[0m
[1;94m[*] [0mFuzzing test case #3300 (642 total, 0 uniq crashes found)...[0m
[1;94m[*] [0mFuzzing test case #3404 (642 total, 0 uniq crashes found)...[0m
[1;94m[*] [0mFuzzing test case #3581 (642 total, 0 uniq crashes found)...[0m
[1;94m[*] [0mFuzzing test case #3598 (642 total, 0 uniq crashes found)...[0m
[1;94m[*] [0mFuzzing test case #3656 (642 total, 0 uniq crashes found)...[0m
[1;94m[*] [0mFuzzing test case #3678 (643 total, 0 uniq crashes found)...[0m
[1;94m[*] [0mFuzzing test case #3793 (643 total, 0 uniq crashes found)...[0m
[1;94m[*] [0mFuzzing test case #3852 (643 total, 0 uniq crashes found)...[0m
[1;94m[*] [0mFuzzing test case #3878 (643 total, 0 uniq crashes found)...[0m
[1;94m[*] [0mFuzzing test case #3890 (643 total, 0 uniq crashes found)...[0m
[1;94m[*] [0mFuzzing test case #3952 (643 total, 0 uniq crashes found)...[0m
[1;94m[*] [0mFuzzing test case #3973 (643 total, 0 uniq crashes found)...[0m
[1;94m[*] [0mFuzzing test case #3974 (644 total, 0 uniq crashes found)...[0m
[1;94m[*] [0mFuzzing test case #4029 (644 total, 0 uniq crashes found)...[0m
[1;94m[*] [0mFuzzing test case #4067 (644 total, 0 uniq crashes found)...[0m
[1;94m[*] [0mFuzzing test case #4452 (644 total, 0 uniq crashes found)...[0m
[1;94m[*] [0mFuzzing test case #4535 (644 total, 0 uniq crashes found)...[0m
[1;94m[*] [0mFuzzing test case #4577 (644 total, 0 uniq crashes found)...[0m
[1;94m[*] [0mFuzzing test case #4618 (644 total, 0 uniq crashes found)...[0m
[1;94m[*] [0mFuzzing test case #4659 (644 total, 0 uniq crashes found)...[0m
[1;94m[*] [0mFuzzing test case #4785 (644 total, 0 uniq crashes found)...[0m
[1;94m[*] [0mFuzzing test case #4861 (644 total, 0 uniq crashes found)...[0m
[1;94m[*] [0mFuzzing test case #4943 (644 total, 0 uniq crashes found)...[0m
[1;94m[*] [0mFuzzing test case #5000 (644 total, 0 uniq crashes found)...[0m
[1;94m[*] [0mFuzzing test case #5050 (644 total, 0 uniq crashes found)...[0m
[1;94m[*] [0mFuzzing test case #5087 (644 total, 0 uniq crashes found)...[0m
[1;94m[*] [0mFuzzing test case #5286 (644 total, 0 uniq crashes found)...[0m
[1;94m[*] [0mFuzzing test case #5624 (644 total, 0 uniq crashes found)...[0m
[1;94m[*] [0mFuzzing test case #5750 (644 total, 0 uniq crashes found)...[0m
[1;94m[*] [0mFuzzing test case #5797 (644 total, 0 uniq crashes found)...[0m
[1;94m[*] [0mFuzzing test case #5940 (644 total, 0 uniq crashes found)...[0m
[1;94m[*] [0mFuzzing test case #5949 (644 total, 0 uniq crashes found)...[0m
[1;94m[*] [0mFuzzing test case #6172 (644 total, 0 uniq crashes found)...[0m
[1;94m[*] [0mFuzzing test case #6445 (644 total, 0 uniq crashes found)...[0m
[1;94m[*] [0mFuzzing test case #6673 (644 total, 0 uniq crashes found)...[0m
[1;94m[*] [0mFuzzing test case #6723 (644 total, 0 uniq crashes found)...[0m
[1;94m[*] [0mFuzzing test case #6951 (644 total, 0 uniq crashes found)...[0m
[1;94m[*] [0mFuzzing test case #6996 (644 total, 0 uniq crashes found)...[0m
[1;94m[*] [0mFuzzing test case #7074 (644 total, 0 uniq crashes found)...[0m
[1;94m[*] [0mFuzzing test case #7093 (644 total, 0 uniq crashes found)...[0m
[1;94m[*] [0mFuzzing test case #7148 (644 total, 0 uniq crashes found)...[0m
[1;94m[*] [0mFuzzing test case #7294 (644 total, 0 uniq crashes found)...[0m
[1;94m[*] [0mFuzzing test case #7352 (644 total, 0 uniq crashes found)...[0m
[1;94m[*] [0mFuzzing test case #7543 (644 total, 0 uniq crashes found)...[0m
[1;94m[*] [0mFuzzing test case #7739 (644 total, 0 uniq crashes found)...[0m
[1;94m[*] [0mFuzzing test case #7829 (644 total, 0 uniq crashes found)...[0m
[1;94m[*] [0mFuzzing test case #7925 (644 total, 0 uniq crashes found)...[0m
[1;94m[*] [0mFuzzing test case #7940 (644 total, 0 uniq crashes found)...[0m
[1;94m[*] [0mFuzzing test case #8076 (644 total, 0 uniq crashes found)...[0m
[1;94m[*] [0mFuzzing test case #8124 (644 total, 0 uniq crashes found)...[0m
[1;94m[*] [0mFuzzing test case #8140 (644 total, 0 uniq crashes found)...[0m
[1;94m[*] [0mFuzzing test case #8179 (645 total, 0 uniq crashes found)...[0m
[1;94m[*] [0mFuzzing test case #8273 (645 total, 0 uniq crashes found)...[0m
[1;94m[*] [0mFuzzing test case #8288 (645 total, 0 uniq crashes found)...[0m
[1;94m[*] [0mFuzzing test case #8334 (645 total, 0 uniq crashes found)...[0m
[1;94m[*] [0mFuzzing test case #8414 (645 total, 0 uniq crashes found)...[0m
[1;94m[*] [0mFuzzing test case #8512 (645 total, 0 uniq crashes found)...[0m
[1;94m[*] [0mFuzzing test case #8598 (645 total, 0 uniq crashes found)...[0m
[1;94m[*] [0mFuzzing test case #8921 (645 total, 0 uniq crashes found)...[0m
[1;94m[*] [0mFuzzing test case #8983 (645 total, 0 uniq crashes found)...[0m
[1;94m[*] [0mFuzzing test case #9013 (645 total, 0 uniq crashes found)...[0m
[1;94m[*] [0mFuzzing test case #9398 (645 total, 0 uniq crashes found)...[0m
[1;94m[*] [0mFuzzing test case #9503 (645 total, 0 uniq crashes found)...[0m
[1;94m[*] [0mFuzzing test case #9556 (645 total, 0 uniq crashes found)...[0m
[1;94m[*] [0mFuzzing test case #9717 (645 total, 0 uniq crashes found)...[0m
[1;94m[*] [0mFuzzing test case #9724 (645 total, 0 uniq crashes found)...[0m
[1;94m[*] [0mFuzzing test case #9867 (645 total, 0 uniq crashes found)...[0m
[1;94m[*] [0mFuzzing test case #9922 (645 total, 0 uniq crashes found)...[0m
[1;94m[*] [0mFuzzing test case #9925 (645 total, 0 uniq crashes found)...[0m
[1;94m[*] [0mFuzzing test case #10090 (645 total, 0 uniq crashes found)...[0m
[1;94m[*] [0mFuzzing test case #10183 (645 total, 0 uniq crashes found)...[0m
[1;94m[*] [0mFuzzing test case #10268 (645 total, 0 uniq crashes found)...[0m
[1;94m[*] [0mFuzzing test case #10274 (645 total, 0 uniq crashes found)...[0m
[1;94m[*] [0mFuzzing test case #10530 (645 total, 0 uniq crashes found)...[0m
[1;94m[*] [0mFuzzing test case #10621 (645 total, 0 uniq crashes found)...[0m
[1;94m[*] [0mFuzzing test case #10772 (645 total, 0 uniq crashes found)...[0m
[1;94m[*] [0mFuzzing test case #10853 (645 total, 0 uniq crashes found)...[0m
[1;94m[*] [0mFuzzing test case #10869 (645 total, 0 uniq crashes found)...[0m
[1;94m[*] [0mFuzzing test case #10878 (645 total, 0 uniq crashes found)...[0m
[1;94m[*] [0mFuzzing test case #10884 (645 total, 0 uniq crashes found)...[0m
[1;94m[*] [0mFuzzing test case #10901 (645 total, 0 uniq crashes found)...[0m
[1;94m[*] [0mFuzzing test case #10958 (645 total, 0 uniq crashes found)...[0m
[1;94m[*] [0mFuzzing test case #10976 (645 total, 0 uniq crashes found)...[0m
[1;94m[*] [0mFuzzing test case #10989 (645 total, 0 uniq crashes found)...[0m
[1;94m[*] [0mFuzzing test case #11019 (645 total, 0 uniq crashes found)...[0m
[1;94m[*] [0mFuzzing test case #11050 (645 total, 0 uniq crashes found)...[0m
[1;94m[*] [0mFuzzing test case #11082 (645 total, 0 uniq crashes found)...[0m
[1;94m[*] [0mFuzzing test case #11197 (645 total, 0 uniq crashes found)...[0m
[1;94m[*] [0mFuzzing test case #11221 (645 total, 0 uniq crashes found)...[0m
[1;94m[*] [0mFuzzing test case #11236 (645 total, 0 uniq crashes found)...[0m
[1;94m[*] [0mFuzzing test case #11486 (645 total, 0 uniq crashes found)...[0m
[1;94m[*] [0mFuzzing test case #11516 (645 total, 0 uniq crashes found)...[0m
[1;94m[*] [0mFuzzing test case #11517 (645 total, 0 uniq crashes found)...[0m
[1;94m[*] [0mFuzzing test case #11649 (645 total, 0 uniq crashes found)...[0m
[1;94m[*] [0mFuzzing test case #11688 (645 total, 0 uniq crashes found)...[0m
[1;94m[*] [0mFuzzing test case #11864 (645 total, 0 uniq crashes found)...[0m
[1;94m[*] [0mFuzzing test case #11874 (645 total, 0 uniq crashes found)...[0m
[1;94m[*] [0mFuzzing test case #11889 (645 total, 0 uniq crashes found)...[0m
[1;94m[*] [0mFuzzing test case #11899 (645 total, 0 uniq crashes found)...[0m
[1;94m[*] [0mFuzzing test case #12067 (645 total, 0 uniq crashes found)...[0m
[1;94m[*] [0mFuzzing test case #12073 (645 total, 0 uniq crashes found)...[0m
[1;94m[*] [0mFuzzing test case #12151 (645 total, 0 uniq crashes found)...[0m
[1;94m[*] [0mFuzzing test case #12372 (645 total, 0 uniq crashes found)...[0m
[1;94m[*] [0mFuzzing test case #12385 (645 total, 0 uniq crashes found)...[0m
[1;94m[*] [0mFuzzing test case #12395 (645 total, 0 uniq crashes found)...[0m
[1;94m[*] [0mFuzzing test case #12613 (645 total, 0 uniq crashes found)...[0m
[1;94m[*] [0mFuzzing test case #12653 (645 total, 0 uniq crashes found)...[0m
[1;94m[*] [0mFuzzing test case #12753 (645 total, 0 uniq crashes found)...[0m
[1;94m[*] [0mFuzzing test case #12885 (645 total, 0 uniq crashes found)...[0m
[1;94m[*] [0mFuzzing test case #13015 (645 total, 0 uniq crashes found)...[0m
[1;94m[*] [0mFuzzing test case #13021 (646 total, 0 uniq crashes found)...[0m
[1;94m[*] [0mFuzzing test case #13238 (646 total, 0 uniq crashes found)...[0m
[1;94m[*] [0mFuzzing test case #13240 (646 total, 0 uniq crashes found)...[0m
[1;94m[*] [0mFuzzing test case #13326 (646 total, 0 uniq crashes found)...[0m
[1;94m[*] [0mFuzzing test case #13481 (646 total, 0 uniq crashes found)...[0m
[1;94m[*] [0mFuzzing test case #13495 (646 total, 0 uniq crashes found)...[0m
[1;94m[*] [0mFuzzing test case #13599 (646 total, 0 uniq crashes found)...[0m
[1;94m[*] [0mFuzzing test case #13627 (646 total, 0 uniq crashes found)...[0m
[1;94m[*] [0mFuzzing test case #13659 (646 total, 0 uniq crashes found)...[0m
[1;94m[*] [0mFuzzing test case #13676 (646 total, 0 uniq crashes found)...[0m
[1;94m[*] [0mFuzzing test case #13724 (646 total, 0 uniq crashes found)...[0m
[1;94m[*] [0mFuzzing test case #13738 (646 total, 0 uniq crashes found)...[0m
[1;94m[*] [0mFuzzing test case #13795 (646 total, 0 uniq crashes found)...[0m
[1;94m[*] [0mFuzzing test case #13924 (646 total, 0 uniq crashes found)...[0m
[1;94m[*] [0mFuzzing test case #13960 (646 total, 0 uniq crashes found)...[0m
[1;94m[*] [0mFuzzing test case #14163 (646 total, 0 uniq crashes found)...[0m
[1;94m[*] [0mFuzzing test case #14464 (646 total, 0 uniq crashes found)...[0m
[1;94m[*] [0mFuzzing test case #14782 (646 total, 0 uniq crashes found)...[0m
[1;94m[*] [0mFuzzing test case #14824 (646 total, 0 uniq crashes found)...[0m
[1;94m[*] [0mFuzzing test case #14989 (646 total, 0 uniq crashes found)...[0m
[1;94m[*] [0mFuzzing test case #15145 (646 total, 0 uniq crashes found)...[0m
[1;94m[*] [0mFuzzing test case #15172 (646 total, 0 uniq crashes found)...[0m
[1;94m[*] [0mFuzzing test case #15207 (646 total, 0 uniq crashes found)...[0m
[1;94m[*] [0mFuzzing test case #15422 (646 total, 0 uniq crashes found)...[0m
[1;94m[*] [0mFuzzing test case #15494 (646 total, 0 uniq crashes found)...[0m
[1;94m[*] [0mFuzzing test case #15843 (646 total, 0 uniq crashes found)...[0m
[1;94m[*] [0mFuzzing test case #15982 (646 total, 0 uniq crashes found)...[0m
[1;94m[*] [0mFuzzing test case #16009 (646 total, 0 uniq crashes found)...[0m
[1;94m[*] [0mFuzzing test case #16034 (646 total, 0 uniq crashes found)...[0m
[1;94m[*] [0mFuzzing test case #16286 (646 total, 0 uniq crashes found)...[0m
[1;94m[*] [0mFuzzing test case #16319 (646 total, 0 uniq crashes found)...[0m
[1;94m[*] [0mFuzzing test case #16454 (646 total, 0 uniq crashes found)...[0m
[1;94m[*] [0mFuzzing test case #16487 (646 total, 0 uniq crashes found)...[0m
[1;94m[*] [0mFuzzing test case #16512 (646 total, 0 uniq crashes found)...[0m
[1;94m[*] [0mFuzzing test case #16752 (646 total, 0 uniq crashes found)...[0m
[1;94m[*] [0mFuzzing test case #16879 (646 total, 0 uniq crashes found)...[0m
[1;94m[*] [0mFuzzing test case #17113 (646 total, 0 uniq crashes found)...[0m
[1;94m[*] [0mFuzzing test case #17295 (647 total, 0 uniq crashes found)...[0m
[1;94m[*] [0mFuzzing test case #17413 (647 total, 0 uniq crashes found)...[0m
[1;94m[*] [0mFuzzing test case #17501 (647 total, 0 uniq crashes found)...[0m
[1;94m[*] [0mFuzzing test case #17577 (647 total, 0 uniq crashes found)...[0m
[1;94m[*] [0mFuzzing test case #17891 (647 total, 0 uniq crashes found)...[0m
[1;94m[*] [0mFuzzing test case #18027 (647 total, 0 uniq crashes found)...[0m
[1;94m[*] [0mFuzzing test case #18254 (647 total, 0 uniq crashes found)...[0m
[1;94m[*] [0mFuzzing test case #18386 (647 total, 0 uniq crashes found)...[0m
[1;94m[*] [0mFuzzing test case #18419 (647 total, 0 uniq crashes found)...[0m
[1;94m[*] [0mFuzzing test case #18681 (647 total, 0 uniq crashes found)...[0m
[1;94m[*] [0mFuzzing test case #19061 (647 total, 0 uniq crashes found)...[0m
[1;94m[*] [0mFuzzing test case #19090 (647 total, 0 uniq crashes found)...[0m
[1;94m[*] [0mFuzzing test case #19135 (647 total, 0 uniq crashes found)...[0m
[1;94m[*] [0mFuzzing test case #19448 (647 total, 0 uniq crashes found)...[0m
[1;94m[*] [0mFuzzing test case #19466 (647 total, 0 uniq crashes found)...[0m
[1;94m[*] [0mFuzzing test case #19613 (647 total, 0 uniq crashes found)...[0m
[1;94m[*] [0mFuzzing test case #19632 (647 total, 0 uniq crashes found)...[0m
[1;94m[*] [0mFuzzing test case #19636 (647 total, 0 uniq crashes found)...[0m
[1;94m[*] [0mFuzzing test case #19805 (647 total, 0 uniq crashes found)...[0m
[1;94m[*] [0mFuzzing test case #19823 (647 total, 0 uniq crashes found)...[0m
[1;94m[*] [0mFuzzing test case #20171 (647 total, 0 uniq crashes found)...[0m
[1;94m[*] [0mFuzzing test case #20202 (647 total, 0 uniq crashes found)...[0m
[1;94m[*] [0mFuzzing test case #20228 (647 total, 0 uniq crashes found)...[0m
[1;94m[*] [0mFuzzing test case #20812 (647 total, 0 uniq crashes found)...[0m
[1;94m[*] [0mFuzzing test case #21017 (647 total, 0 uniq crashes found)...[0m
[1;94m[*] [0mFuzzing test case #21020 (647 total, 0 uniq crashes found)...[0m
[1;94m[*] [0mFuzzing test case #21099 (647 total, 0 uniq crashes found)...[0m
[1;94m[*] [0mFuzzing test case #21180 (647 total, 0 uniq crashes found)...[0m
[1;94m[*] [0mFuzzing test case #21202 (647 total, 0 uniq crashes found)...[0m
[1;94m[*] [0mFuzzing test case #21386 (647 total, 0 uniq crashes found)...[0m
[1;94m[*] [0mFuzzing test case #21411 (647 total, 0 uniq crashes found)...[0m
[1;94m[*] [0mFuzzing test case #21455 (647 total, 0 uniq crashes found)...[0m
[1;94m[*] [0mFuzzing test case #21727 (647 total, 0 uniq crashes found)...[0m
[1;94m[*] [0mFuzzing test case #21956 (647 total, 0 uniq crashes found)...[0m
[1;94m[*] [0mFuzzing test case #22145 (647 total, 0 uniq crashes found)...[0m
[1;94m[*] [0mFuzzing test case #22166 (647 total, 0 uniq crashes found)...[0m
[1;94m[*] [0mFuzzing test case #22201 (647 total, 0 uniq crashes found)...[0m
[1;94m[*] [0mFuzzing test case #22562 (647 total, 0 uniq crashes found)...[0m
[1;94m[*] [0mFuzzing test case #22743 (647 total, 0 uniq crashes found)...[0m
[1;94m[*] [0mFuzzing test case #22755 (647 total, 0 uniq crashes found)...[0m
[1;94m[*] [0mFuzzing test case #23118 (647 total, 0 uniq crashes found)...[0m
[1;94m[*] [0mFuzzing test case #23142 (647 total, 0 uniq crashes found)...[0m
[1;94m[*] [0mFuzzing test case #23183 (647 total, 0 uniq crashes found)...[0m
[1;94m[*] [0mFuzzing test case #23303 (647 total, 0 uniq crashes found)...[0m
[1;94m[*] [0mFuzzing test case #23591 (647 total, 0 uniq crashes found)...[0m
[1;94m[*] [0mFuzzing test case #23793 (647 total, 0 uniq crashes found)...[0m
[1;94m[*] [0mFuzzing test case #23949 (648 total, 0 uniq crashes found)...[0m
[1;94m[*] [0mFuzzing test case #23975 (648 total, 0 uniq crashes found)...[0m
[1;94m[*] [0mFuzzing test case #24149 (648 total, 0 uniq crashes found)...[0m
[1;94m[*] [0mFuzzing test case #24157 (648 total, 0 uniq crashes found)...[0m
[1;94m[*] [0mFuzzing test case #24160 (648 total, 0 uniq crashes found)...[0m
[1;94m[*] [0mFuzzing test case #24196 (648 total, 0 uniq crashes found)...[0m
[1;94m[*] [0mFuzzing test case #24278 (648 total, 0 uniq crashes found)...[0m
[1;94m[*] [0mFuzzing test case #24377 (648 total, 0 uniq crashes found)...[0m
[1;94m[*] [0mFuzzing test case #24391 (648 total, 0 uniq crashes found)...[0m
[1;94m[*] [0mFuzzing test case #24458 (648 total, 0 uniq crashes found)...[0m
[1;94m[*] [0mFuzzing test case #24463 (648 total, 0 uniq crashes found)...[0m
[1;94m[*] [0mFuzzing test case #24504 (648 total, 0 uniq crashes found)...[0m
[1;94m[*] [0mFuzzing test case #24546 (648 total, 0 uniq crashes found)...[0m
[1;94m[*] [0mFuzzing test case #24825 (648 total, 0 uniq crashes found)...[0m
[1;94m[*] [0mFuzzing test case #24862 (648 total, 0 uniq crashes found)...[0m
[1;94m[*] [0mFuzzing test case #24996 (648 total, 0 uniq crashes found)...[0m
[1;94m[*] [0mFuzzing test case #25128 (648 total, 0 uniq crashes found)...[0m
[1;94m[*] [0mFuzzing test case #25211 (648 total, 0 uniq crashes found)...[0m
[1;94m[*] [0mFuzzing test case #25268 (648 total, 0 uniq crashes found)...[0m
[1;94m[*] [0mFuzzing test case #25461 (648 total, 0 uniq crashes found)...[0m
[1;94m[*] [0mFuzzing test case #25593 (648 total, 0 uniq crashes found)...[0m
[1;94m[*] [0mFuzzing test case #25971 (648 total, 0 uniq crashes found)...[0m
[1;94m[*] [0mFuzzing test case #26027 (648 total, 0 uniq crashes found)...[0m
[1;94m[*] [0mFuzzing test case #26208 (648 total, 0 uniq crashes found)...[0m
[1;94m[*] [0mFuzzing test case #26286 (648 total, 0 uniq crashes found)...[0m
[1;94m[*] [0mFuzzing test case #26301 (648 total, 0 uniq crashes found)...[0m
[1;94m[*] [0mFuzzing test case #26464 (648 total, 0 uniq crashes found)...[0m
[1;94m[*] [0mFuzzing test case #26500 (648 total, 0 uniq crashes found)...[0m
[1;94m[*] [0mFuzzing test case #26559 (649 total, 0 uniq crashes found)...[0m
[1;94m[*] [0mFuzzing test case #26576 (649 total, 0 uniq crashes found)...[0m
[1;94m[*] [0mFuzzing test case #26610 (649 total, 0 uniq crashes found)...[0m
[1;94m[*] [0mFuzzing test case #27019 (649 total, 0 uniq crashes found)...[0m
[1;94m[*] [0mFuzzing test case #27078 (650 total, 0 uniq crashes found)...[0m
[1;94m[*] [0mFuzzing test case #27117 (650 total, 0 uniq crashes found)...[0m
[1;94m[*] [0mFuzzing test case #27131 (650 total, 0 uniq crashes found)...[0m
[1;94m[*] [0mFuzzing test case #27303 (650 total, 0 uniq crashes found)...[0m
[1;94m[*] [0mFuzzing test case #27393 (650 total, 0 uniq crashes found)...[0m
[1;94m[*] [0mFuzzing test case #27398 (650 total, 0 uniq crashes found)...[0m
[1;94m[*] [0mFuzzing test case #27400 (650 total, 0 uniq crashes found)...[0m
[1;94m[*] [0mFuzzing test case #27538 (650 total, 0 uniq crashes found)...[0m
[1;94m[*] [0mFuzzing test case #27596 (650 total, 0 uniq crashes found)...[0m
[1;94m[*] [0mFuzzing test case #27611 (650 total, 0 uniq crashes found)...[0m
[1;94m[*] [0mFuzzing test case #27641 (650 total, 0 uniq crashes found)...[0m
[1;94m[*] [0mFuzzing test case #27658 (650 total, 0 uniq crashes found)...[0m
[1;94m[*] [0mFuzzing test case #27811 (650 total, 0 uniq crashes found)...[0m
[1;94m[*] [0mFuzzing test case #27925 (650 total, 0 uniq crashes found)...[0m
[1;94m[*] [0mFuzzing test case #28288 (650 total, 0 uniq crashes found)...[0m
[1;94m[*] [0mFuzzing test case #28405 (650 total, 0 uniq crashes found)...[0m
[1;94m[*] [0mFuzzing test case #28443 (650 total, 0 uniq crashes found)...[0m
[1;94m[*] [0mFuzzing test case #28794 (650 total, 0 uniq crashes found)...[0m
[1;94m[*] [0mFuzzing test case #28796 (650 total, 0 uniq crashes found)...[0m
[1;94m[*] [0mFuzzing test case #28840 (650 total, 0 uniq crashes found)...[0m
[1;94m[*] [0mFuzzing test case #28868 (650 total, 0 uniq crashes found)...[0m
[1;94m[*] [0mFuzzing test case #29224 (650 total, 0 uniq crashes found)...[0m
[1;94m[*] [0mFuzzing test case #29575 (650 total, 0 uniq crashes found)...[0m
[1;94m[*] [0mFuzzing test case #29768 (650 total, 0 uniq crashes found)...[0m
[1;94m[*] [0mFuzzing test case #29870 (650 total, 0 uniq crashes found)...[0m
[1;94m[*] [0mFuzzing test case #29950 (650 total, 0 uniq crashes found)...[0m
[1;94m[*] [0mFuzzing test case #30218 (650 total, 0 uniq crashes found)...[0m
[1;94m[*] [0mFuzzing test case #30223 (650 total, 0 uniq crashes found)...[0m
[1;94m[*] [0mFuzzing test case #30225 (650 total, 0 uniq crashes found)...[0m
[1;94m[*] [0mFuzzing test case #30240 (650 total, 0 uniq crashes found)...[0m
[1;94m[*] [0mFuzzing test case #30346 (650 total, 0 uniq crashes found)...[0m
[1;94m[*] [0mFuzzing test case #30393 (650 total, 0 uniq crashes found)...[0m
[1;94m[*] [0mFuzzing test case #30576 (650 total, 0 uniq crashes found)...[0m
[1;94m[*] [0mFuzzing test case #30740 (650 total, 0 uniq crashes found)...[0m
[1;94m[*] [0mFuzzing test case #30856 (650 total, 0 uniq crashes found)...[0m
[1;94m[*] [0mFuzzing test case #30872 (650 total, 0 uniq crashes found)...[0m
[1;94m[*] [0mFuzzing test case #30886 (650 total, 0 uniq crashes found)...[0m
[1;94m[*] [0mFuzzing test case #30911 (650 total, 0 uniq crashes found)...[0m
[1;94m[*] [0mFuzzing test case #30933 (650 total, 0 uniq crashes found)...[0m
[1;94m[*] [0mFuzzing test case #31418 (650 total, 0 uniq crashes found)...[0m
[1;94m[*] [0mFuzzing test case #31426 (650 total, 0 uniq crashes found)...[0m
[1;94m[*] [0mFuzzing test case #31437 (650 total, 0 uniq crashes found)...[0m
[1;94m[*] [0mFuzzing test case #31444 (650 total, 0 uniq crashes found)...[0m
[1;94m[*] [0mFuzzing test case #31510 (650 total, 0 uniq crashes found)...[0m
[1;94m[*] [0mFuzzing test case #31519 (650 total, 0 uniq crashes found)...[0m
[1;94m[*] [0mFuzzing test case #31591 (650 total, 0 uniq crashes found)...[0m
[1;94m[*] [0mFuzzing test case #31621 (650 total, 0 uniq crashes found)...[0m
[1;94m[*] [0mFuzzing test case #31638 (650 total, 0 uniq crashes found)...[0m
[1;94m[*] [0mFuzzing test case #31659 (650 total, 0 uniq crashes found)...[0m
[1;94m[*] [0mFuzzing test case #31692 (650 total, 0 uniq crashes found)...[0m
[1;94m[*] [0mFuzzing test case #31799 (650 total, 0 uniq crashes found)...[0m
[1;94m[*] [0mFuzzing test case #31915 (650 total, 0 uniq crashes found)...[0m
[1;94m[*] [0mFuzzing test case #31960 (650 total, 0 uniq crashes found)...[0m
[1;94m[*] [0mFuzzing test case #31979 (650 total, 0 uniq crashes found)...[0m
[1;94m[*] [0mFuzzing test case #32368 (650 total, 0 uniq crashes found)...[0m
[1;94m[*] [0mFuzzing test case #32440 (650 total, 0 uniq crashes found)...[0m
[1;94m[*] [0mFuzzing test case #32830 (650 total, 0 uniq crashes found)...[0m
[1;94m[*] [0mFuzzing test case #32907 (650 total, 0 uniq crashes found)...[0m
[1;94m[*] [0mFuzzing test case #32916 (650 total, 0 uniq crashes found)...[0m
[1;94m[*] [0mFuzzing test case #33042 (650 total, 0 uniq crashes found)...[0m
[1;94m[*] [0mFuzzing test case #33219 (650 total, 0 uniq crashes found)...[0m
[1;94m[*] [0mFuzzing test case #33378 (650 total, 0 uniq crashes found)...[0m
[1;94m[*] [0mFuzzing test case #33430 (650 total, 0 uniq crashes found)...[0m
[1;94m[*] [0mFuzzing test case #33735 (650 total, 0 uniq crashes found)...[0m
[1;94m[*] [0mFuzzing test case #33742 (650 total, 0 uniq crashes found)...[0m
[1;94m[*] [0mFuzzing test case #34002 (650 total, 0 uniq crashes found)...[0m
[1;94m[*] [0mFuzzing test case #34021 (650 total, 0 uniq crashes found)...[0m
[1;94m[*] [0mFuzzing test case #34045 (650 total, 0 uniq crashes found)...[0m
[1;94m[*] [0mFuzzing test case #34059 (650 total, 0 uniq crashes found)...[0m
[1;94m[*] [0mFuzzing test case #34314 (650 total, 0 uniq crashes found)...[0m
[1;94m[*] [0mFuzzing test case #34476 (650 total, 0 uniq crashes found)...[0m
[1;94m[*] [0mFuzzing test case #34576 (650 total, 0 uniq crashes found)...[0m
[1;94m[*] [0mFuzzing test case #34577 (651 total, 0 uniq crashes found)...[0m
[1;94m[*] [0mFuzzing test case #34579 (653 total, 0 uniq crashes found)...[0m
[1;94m[*] [0mFuzzing test case #34626 (653 total, 0 uniq crashes found)...[0m
[1;94m[*] [0mFuzzing test case #34634 (653 total, 0 uniq crashes found)...[0m
[1;94m[*] [0mFuzzing test case #34643 (653 total, 0 uniq crashes found)...[0m
[1;94m[*] [0mFuzzing test case #34854 (653 total, 0 uniq crashes found)...[0m
[1;94m[*] [0mFuzzing test case #34939 (653 total, 0 uniq crashes found)...[0m
[1;94m[*] [0mFuzzing test case #35137 (653 total, 0 uniq crashes found)...[0m
[1;94m[*] [0mFuzzing test case #35152 (653 total, 0 uniq crashes found)...[0m
[1;94m[*] [0mFuzzing test case #35168 (653 total, 0 uniq crashes found)...[0m
[1;94m[*] [0mFuzzing test case #35477 (653 total, 0 uniq crashes found)...[0m
[1;94m[*] [0mFuzzing test case #35482 (653 total, 0 uniq crashes found)...[0m
[1;94m[*] [0mFuzzing test case #35513 (653 total, 0 uniq crashes found)...[0m
[1;94m[*] [0mFuzzing test case #35533 (653 total, 0 uniq crashes found)...[0m
[1;94m[*] [0mFuzzing test case #35580 (653 total, 0 uniq crashes found)...[0m
[1;94m[*] [0mFuzzing test case #35696 (654 total, 0 uniq crashes found)...[0m
[1;94m[*] [0mFuzzing test case #35914 (654 total, 0 uniq crashes found)...[0m
[1;94m[*] [0mFuzzing test case #35996 (654 total, 0 uniq crashes found)...[0m
[1;94m[*] [0mFuzzing test case #36058 (654 total, 0 uniq crashes found)...[0m
[1;94m[*] [0mFuzzing test case #36079 (654 total, 0 uniq crashes found)...[0m
[1;94m[*] [0mFuzzing test case #36105 (654 total, 0 uniq crashes found)...[0m
[1;94m[*] [0mFuzzing test case #36195 (654 total, 0 uniq crashes found)...[0m
[1;94m[*] [0mFuzzing test case #36277 (654 total, 0 uniq crashes found)...[0m
[1;94m[*] [0mFuzzing test case #36458 (654 total, 0 uniq crashes found)...[0m
[1;94m[*] [0mFuzzing test case #36508 (654 total, 0 uniq crashes found)...[0m
[1;94m[*] [0mFuzzing test case #36519 (654 total, 0 uniq crashes found)...[0m
[1;94m[*] [0mFuzzing test case #36521 (654 total, 0 uniq crashes found)...[0m
[1;94m[*] [0mFuzzing test case #36626 (654 total, 0 uniq crashes found)...[0m
[1;94m[*] [0mFuzzing test case #36652 (654 total, 0 uniq crashes found)...[0m
[1;94m[*] [0mFuzzing test case #36681 (654 total, 0 uniq crashes found)...[0m
[1;94m[*] [0mFuzzing test case #36690 (654 total, 0 uniq crashes found)...[0m
[1;94m[*] [0mFuzzing test case #36933 (654 total, 0 uniq crashes found)...[0m
[1;94m[*] [0mFuzzing test case #37172 (654 total, 0 uniq crashes found)...[0m
[1;94m[*] [0mFuzzing test case #37218 (654 total, 0 uniq crashes found)...[0m
[1;94m[*] [0mFuzzing test case #37419 (654 total, 0 uniq crashes found)...[0m
[1;94m[*] [0mFuzzing test case #37475 (654 total, 0 uniq crashes found)...[0m
[1;94m[*] [0mFuzzing test case #37496 (654 total, 0 uniq crashes found)...[0m
[1;94m[*] [0mFuzzing test case #37803 (654 total, 0 uniq crashes found)...[0m
[1;94m[*] [0mFuzzing test case #37919 (654 total, 0 uniq crashes found)...[0m
[1;94m[*] [0mFuzzing test case #37939 (654 total, 0 uniq crashes found)...[0m
[1;94m[*] [0mFuzzing test case #38085 (654 total, 0 uniq crashes found)...[0m
[1;94m[*] [0mFuzzing test case #38335 (654 total, 0 uniq crashes found)...[0m
[1;94m[*] [0mFuzzing test case #38336 (654 total, 0 uniq crashes found)...[0m
[1;94m[*] [0mFuzzing test case #38414 (654 total, 0 uniq crashes found)...[0m
[1;94m[*] [0mFuzzing test case #38506 (654 total, 0 uniq crashes found)...[0m
[1;94m[*] [0mFuzzing test case #38706 (654 total, 0 uniq crashes found)...[0m
[1;94m[*] [0mFuzzing test case #38794 (654 total, 0 uniq crashes found)...[0m
[1;94m[*] [0mFuzzing test case #38869 (654 total, 0 uniq crashes found)...[0m
[1;94m[*] [0mFuzzing test case #38879 (654 total, 0 uniq crashes found)...[0m
[1;94m[*] [0mFuzzing test case #38987 (654 total, 0 uniq crashes found)...[0m
[1;94m[*] [0mFuzzing test case #39030 (654 total, 0 uniq crashes found)...[0m
[1;94m[*] [0mFuzzing test case #39195 (654 total, 0 uniq crashes found)...[0m
[1;94m[*] [0mFuzzing test case #39255 (654 total, 0 uniq crashes found)...[0m
[1;94m[*] [0mFuzzing test case #39421 (654 total, 0 uniq crashes found)...[0m
[1;94m[*] [0mFuzzing test case #39515 (654 total, 0 uniq crashes found)...[0m
[1;94m[*] [0mFuzzing test case #39576 (654 total, 0 uniq crashes found)...[0m
[1;94m[*] [0mFuzzing test case #39690 (654 total, 0 uniq crashes found)...[0m
[1;94m[*] [0mFuzzing test case #39704 (655 total, 0 uniq crashes found)...[0m
[1;94m[*] [0mFuzzing test case #39733 (655 total, 0 uniq crashes found)...[0m
[1;94m[*] [0mFuzzing test case #39736 (655 total, 0 uniq crashes found)...[0m
[1;94m[*] [0mFuzzing test case #39856 (655 total, 0 uniq crashes found)...[0m
[1;94m[*] [0mFuzzing test case #39959 (655 total, 0 uniq crashes found)...[0m
[1;94m[*] [0mFuzzing test case #39968 (655 total, 0 uniq crashes found)...[0m
[1;94m[*] [0mFuzzing test case #39996 (655 total, 0 uniq crashes found)...[0m
[1;94m[*] [0mFuzzing test case #40055 (655 total, 0 uniq crashes found)...[0m
[1;94m[*] [0mFuzzing test case #40116 (655 total, 0 uniq crashes found)...[0m
[1;94m[*] [0mFuzzing test case #40172 (656 total, 0 uniq crashes found)...[0m
[1;94m[*] [0mFuzzing test case #40513 (656 total, 0 uniq crashes found)...[0m
[1;94m[*] [0mFuzzing test case #40640 (656 total, 0 uniq crashes found)...[0m
[1;94m[*] [0mFuzzing test case #40667 (656 total, 0 uniq crashes found)...[0m
[1;94m[*] [0mFuzzing test case #40706 (656 total, 0 uniq crashes found)...[0m
[1;94m[*] [0mFuzzing test case #40822 (656 total, 0 uniq crashes found)...[0m
[1;94m[*] [0mFuzzing test case #40849 (656 total, 0 uniq crashes found)...[0m
[1;94m[*] [0mFuzzing test case #40915 (656 total, 0 uniq crashes found)...[0m
[1;94m[*] [0mFuzzing test case #41013 (656 total, 0 uniq crashes found)...[0m
[1;94m[*] [0mFuzzing test case #41020 (656 total, 0 uniq crashes found)...[0m
[1;94m[*] [0mFuzzing test case #41073 (656 total, 0 uniq crashes found)...[0m
[1;94m[*] [0mFuzzing test case #41075 (656 total, 0 uniq crashes found)...[0m
[1;94m[*] [0mFuzzing test case #41076 (656 total, 0 uniq crashes found)...[0m
[1;94m[*] [0mFuzzing test case #41142 (656 total, 0 uniq crashes found)...[0m
[1;94m[*] [0mFuzzing test case #41262 (656 total, 0 uniq crashes found)...[0m
[1;94m[*] [0mFuzzing test case #41264 (656 total, 0 uniq crashes found)...[0m
[1;94m[*] [0mFuzzing test case #41304 (656 total, 0 uniq crashes found)...[0m
[1;94m[*] [0mFuzzing test case #41342 (656 total, 0 uniq crashes found)...[0m
[1;94m[*] [0mFuzzing test case #41491 (656 total, 0 uniq crashes found)...[0m
[1;94m[*] [0mFuzzing test case #41605 (656 total, 0 uniq crashes found)...[0m
[1;94m[*] [0mFuzzing test case #41759 (656 total, 0 uniq crashes found)...[0m
[1;94m[*] [0mFuzzing test case #41768 (656 total, 0 uniq crashes found)...[0m
[1;94m[*] [0mFuzzing test case #41776 (656 total, 0 uniq crashes found)...[0m
[1;94m[*] [0mFuzzing test case #41805 (656 total, 0 uniq crashes found)...[0m
[1;94m[*] [0mFuzzing test case #41900 (656 total, 0 uniq crashes found)...[0m
[1;94m[*] [0mFuzzing test case #42100 (656 total, 0 uniq crashes found)...[0m
[1;94m[*] [0mFuzzing test case #42106 (656 total, 0 uniq crashes found)...[0m
[1;94m[*] [0mFuzzing test case #42107 (657 total, 0 uniq crashes found)...[0m
[1;94m[*] [0mFuzzing test case #42108 (659 total, 0 uniq crashes found)...[0m
[1;94m[*] [0mFuzzing test case #42120 (659 total, 0 uniq crashes found)...[0m
[1;94m[*] [0mFuzzing test case #42204 (659 total, 0 uniq crashes found)...[0m
[1;94m[*] [0mFuzzing test case #42422 (659 total, 0 uniq crashes found)...[0m
[1;94m[*] [0mFuzzing test case #42436 (659 total, 0 uniq crashes found)...[0m
[1;94m[*] [0mFuzzing test case #42655 (659 total, 0 uniq crashes found)...[0m
[1;94m[*] [0mFuzzing test case #42714 (659 total, 0 uniq crashes found)...[0m
[1;94m[*] [0mFuzzing test case #42867 (659 total, 0 uniq crashes found)...[0m
[1;94m[*] [0mFuzzing test case #42887 (659 total, 0 uniq crashes found)...[0m
[1;94m[*] [0mFuzzing test case #43077 (659 total, 0 uniq crashes found)...[0m
[1;94m[*] [0mFuzzing test case #43257 (659 total, 0 uniq crashes found)...[0m
[1;94m[*] [0mFuzzing test case #43289 (659 total, 0 uniq crashes found)...[0m
[1;94m[*] [0mFuzzing test case #43397 (659 total, 0 uniq crashes found)...[0m
[1;94m[*] [0mFuzzing test case #43520 (659 total, 0 uniq crashes found)...[0m
[1;94m[*] [0mFuzzing test case #43545 (659 total, 0 uniq crashes found)...[0m
[1;94m[*] [0mFuzzing test case #43552 (659 total, 0 uniq crashes found)...[0m
[1;94m[*] [0mFuzzing test case #43559 (659 total, 0 uniq crashes found)...[0m
[1;94m[*] [0mFuzzing test case #43592 (659 total, 0 uniq crashes found)...[0m
[1;94m[*] [0mFuzzing test case #43610 (660 total, 0 uniq crashes found)...[0m
[1;94m[*] [0mFuzzing test case #43659 (660 total, 0 uniq crashes found)...[0m
[1;94m[*] [0mFuzzing test case #43707 (660 total, 0 uniq crashes found)...[0m
[1;94m[*] [0mFuzzing test case #43844 (660 total, 0 uniq crashes found)...[0m
[1;94m[*] [0mFuzzing test case #44198 (660 total, 0 uniq crashes found)...[0m
[1;94m[*] [0mFuzzing test case #44263 (660 total, 0 uniq crashes found)...[0m
[1;94m[*] [0mFuzzing test case #44322 (660 total, 0 uniq crashes found)...[0m
[1;94m[*] [0mFuzzing test case #44381 (660 total, 0 uniq crashes found)...[0m
[1;94m[*] [0mFuzzing test case #44466 (660 total, 0 uniq crashes found)...[0m
[1;94m[*] [0mFuzzing test case #44603 (661 total, 0 uniq crashes found)...[0m
[1;94m[*] [0mFuzzing test case #44754 (661 total, 0 uniq crashes found)...[0m
[1;94m[*] [0mFuzzing test case #44862 (661 total, 0 uniq crashes found)...[0m
[1;94m[*] [0mFuzzing test case #44893 (661 total, 0 uniq crashes found)...[0m
[1;94m[*] [0mFuzzing test case #44926 (661 total, 0 uniq crashes found)...[0m
[1;94m[*] [0mFuzzing test case #45071 (661 total, 0 uniq crashes found)...[0m
[1;94m[*] [0mFuzzing test case #45126 (661 total, 0 uniq crashes found)...[0m
[1;94m[*] [0mFuzzing test case #45171 (661 total, 0 uniq crashes found)...[0m
[1;94m[*] [0mFuzzing test case #45262 (661 total, 0 uniq crashes found)...[0m
[1;94m[*] [0mFuzzing test case #45319 (661 total, 0 uniq crashes found)...[0m
[1;94m[*] [0mFuzzing test case #45421 (661 total, 0 uniq crashes found)...[0m
[1;94m[*] [0mFuzzing test case #45561 (661 total, 0 uniq crashes found)...[0m
[1;94m[*] [0mFuzzing test case #45592 (661 total, 0 uniq crashes found)...[0m
[1;94m[*] [0mFuzzing test case #45604 (662 total, 0 uniq crashes found)...[0m
[1;94m[*] [0mFuzzing test case #45649 (662 total, 0 uniq crashes found)...[0m
[1;94m[*] [0mFuzzing test case #45675 (662 total, 0 uniq crashes found)...[0m
[1;94m[*] [0mFuzzing test case #45687 (662 total, 0 uniq crashes found)...[0m
[1;94m[*] [0mFuzzing test case #45691 (662 total, 0 uniq crashes found)...[0m
[1;94m[*] [0mFuzzing test case #45868 (662 total, 0 uniq crashes found)...[0m
[1;94m[*] [0mFuzzing test case #45881 (662 total, 0 uniq crashes found)...[0m
[1;94m[*] [0mFuzzing test case #45980 (662 total, 0 uniq crashes found)...[0m
[1;94m[*] [0mFuzzing test case #46101 (665 total, 0 uniq crashes found)...[0m
[1;94m[*] [0mFuzzing test case #46262 (665 total, 0 uniq crashes found)...[0m
[1;94m[*] [0mFuzzing test case #46284 (665 total, 0 uniq crashes found)...[0m
[1;94m[*] [0mFuzzing test case #46331 (665 total, 0 uniq crashes found)...[0m
[1;94m[*] [0mFuzzing test case #46354 (665 total, 0 uniq crashes found)...[0m
[1;94m[*] [0mFuzzing test case #46496 (665 total, 0 uniq crashes found)...[0m
[1;94m[*] [0mFuzzing test case #46498 (666 total, 0 uniq crashes found)...[0m
[1;94m[*] [0mFuzzing test case #46598 (666 total, 0 uniq crashes found)...[0m
[1;94m[*] [0mFuzzing test case #46836 (666 total, 0 uniq crashes found)...[0m
[1;94m[*] [0mFuzzing test case #46970 (666 total, 0 uniq crashes found)...[0m
[1;94m[*] [0mFuzzing test case #46974 (666 total, 0 uniq crashes found)...[0m
[1;94m[*] [0mFuzzing test case #46987 (666 total, 0 uniq crashes found)...[0m
[1;94m[*] [0mFuzzing test case #47225 (666 total, 0 uniq crashes found)...[0m
[1;94m[*] [0mFuzzing test case #47350 (666 total, 0 uniq crashes found)...[0m
[1;94m[*] [0mFuzzing test case #47473 (666 total, 0 uniq crashes found)...[0m
[1;94m[*] [0mFuzzing test case #47540 (666 total, 0 uniq crashes found)...[0m
[1;94m[*] [0mFuzzing test case #47556 (666 total, 0 uniq crashes found)...[0m
[1;94m[*] [0mFuzzing test case #47602 (666 total, 0 uniq crashes found)...[0m
[1;94m[*] [0mFuzzing test case #47707 (666 total, 0 uniq crashes found)...[0m
[1;94m[*] [0mFuzzing test case #47796 (666 total, 0 uniq crashes found)...[0m
[1;94m[*] [0mFuzzing test case #47826 (666 total, 0 uniq crashes found)...[0m
[1;94m[*] [0mFuzzing test case #47836 (666 total, 0 uniq crashes found)...[0m
[1;94m[*] [0mFuzzing test case #47915 (666 total, 0 uniq crashes found)...[0m
[1;94m[*] [0mFuzzing test case #48299 (666 total, 0 uniq crashes found)...[0m
[1;94m[*] [0mFuzzing test case #48344 (666 total, 0 uniq crashes found)...[0m
[1;94m[*] [0mFuzzing test case #48384 (666 total, 0 uniq crashes found)...[0m
[1;94m[*] [0mFuzzing test case #48454 (666 total, 0 uniq crashes found)...[0m
[1;94m[*] [0mFuzzing test case #48501 (666 total, 0 uniq crashes found)...[0m
[1;94m[*] [0mFuzzing test case #48645 (666 total, 0 uniq crashes found)...[0m
[1;94m[*] [0mFuzzing test case #48787 (666 total, 0 uniq crashes found)...[0m
[1;94m[*] [0mFuzzing test case #48836 (666 total, 0 uniq crashes found)...[0m
[1;94m[*] [0mFuzzing test case #48851 (666 total, 0 uniq crashes found)...[0m
[1;94m[*] [0mFuzzing test case #48915 (666 total, 0 uniq crashes found)...[0m
[1;94m[*] [0mFuzzing test case #48940 (666 total, 0 uniq crashes found)...[0m
[1;94m[*] [0mFuzzing test case #49013 (666 total, 0 uniq crashes found)...[0m
[1;94m[*] [0mFuzzing test case #49178 (666 total, 0 uniq crashes found)...[0m
[1;94m[*] [0mFuzzing test case #49648 (666 total, 0 uniq crashes found)...[0m
[1;94m[*] [0mFuzzing test case #49682 (666 total, 0 uniq crashes found)...[0m
[1;94m[*] [0mFuzzing test case #49801 (666 total, 0 uniq crashes found)...[0m
[1;94m[*] [0mFuzzing test case #49832 (666 total, 0 uniq crashes found)...[0m
[1;94m[*] [0mFuzzing test case #49867 (666 total, 0 uniq crashes found)...[0m
[1;94m[*] [0mFuzzing test case #49919 (666 total, 0 uniq crashes found)...[0m
[1;94m[*] [0mFuzzing test case #49922 (666 total, 0 uniq crashes found)...[0m
[1;94m[*] [0mFuzzing test case #50216 (666 total, 0 uniq crashes found)...[0m
[1;94m[*] [0mFuzzing test case #50314 (666 total, 0 uniq crashes found)...[0m
[1;94m[*] [0mFuzzing test case #50395 (666 total, 0 uniq crashes found)...[0m
[1;94m[*] [0mFuzzing test case #50473 (666 total, 0 uniq crashes found)...[0m
[1;94m[*] [0mFuzzing test case #50492 (666 total, 0 uniq crashes found)...[0m
[1;94m[*] [0mFuzzing test case #50807 (666 total, 0 uniq crashes found)...[0m
[1;94m[*] [0mFuzzing test case #50892 (666 total, 0 uniq crashes found)...[0m
[1;94m[*] [0mFuzzing test case #50917 (666 total, 0 uniq crashes found)...[0m
[1;94m[*] [0mFuzzing test case #51272 (666 total, 0 uniq crashes found)...[0m
[1;94m[*] [0mFuzzing test case #51433 (666 total, 0 uniq crashes found)...[0m
[1;94m[*] [0mFuzzing test case #51607 (666 total, 0 uniq crashes found)...[0m
[1;94m[*] [0mFuzzing test case #51637 (666 total, 0 uniq crashes found)...[0m
[1;94m[*] [0mFuzzing test case #51672 (666 total, 0 uniq crashes found)...[0m
[1;94m[*] [0mFuzzing test case #51704 (666 total, 0 uniq crashes found)...[0m
[1;94m[*] [0mFuzzing test case #51707 (666 total, 0 uniq crashes found)...[0m
[1;94m[*] [0mFuzzing test case #51849 (666 total, 0 uniq crashes found)...[0m
[1;94m[*] [0mFuzzing test case #51899 (666 total, 0 uniq crashes found)...[0m
[1;94m[*] [0mFuzzing test case #51999 (666 total, 0 uniq crashes found)...[0m
[1;94m[*] [0mFuzzing test case #52364 (666 total, 0 uniq crashes found)...[0m
[1;94m[*] [0mFuzzing test case #52560 (666 total, 0 uniq crashes found)...[0m
[1;94m[*] [0mFuzzing test case #52618 (666 total, 0 uniq crashes found)...[0m
[1;94m[*] [0mFuzzing test case #52675 (666 total, 0 uniq crashes found)...[0m
[1;94m[*] [0mFuzzing test case #52712 (666 total, 0 uniq crashes found)...[0m
[1;94m[*] [0mFuzzing test case #52810 (666 total, 0 uniq crashes found)...[0m
[1;94m[*] [0mFuzzing test case #52817 (666 total, 0 uniq crashes found)...[0m
[1;94m[*] [0mFuzzing test case #52907 (666 total, 0 uniq crashes found)...[0m
[1;94m[*] [0mFuzzing test case #52909 (666 total, 0 uniq crashes found)...[0m
[1;94m[*] [0mFuzzing test case #53057 (666 total, 0 uniq crashes found)...[0m
[1;94m[*] [0mFuzzing test case #53385 (666 total, 0 uniq crashes found)...[0m
[1;94m[*] [0mFuzzing test case #53405 (666 total, 0 uniq crashes found)...[0m
[1;94m[*] [0mFuzzing test case #53503 (666 total, 0 uniq crashes found)...[0m
[1;94m[*] [0mFuzzing test case #53597 (666 total, 0 uniq crashes found)...[0m
[1;94m[*] [0mFuzzing test case #53716 (666 total, 0 uniq crashes found)...[0m
[1;94m[*] [0mFuzzing test case #53935 (666 total, 0 uniq crashes found)...[0m
[1;94m[*] [0mFuzzing test case #53972 (666 total, 0 uniq crashes found)...[0m
[1;94m[*] [0mFuzzing test case #54154 (666 total, 0 uniq crashes found)...[0m
[1;94m[*] [0mFuzzing test case #54299 (666 total, 0 uniq crashes found)...[0m
[1;94m[*] [0mFuzzing test case #54415 (666 total, 0 uniq crashes found)...[0m
[1;94m[*] [0mFuzzing test case #54416 (666 total, 0 uniq crashes found)...[0m
[1;94m[*] [0mFuzzing test case #55021 (666 total, 0 uniq crashes found)...[0m
[1;94m[*] [0mFuzzing test case #55187 (666 total, 0 uniq crashes found)...[0m
[1;94m[*] [0mFuzzing test case #55201 (666 total, 0 uniq crashes found)...[0m
[1;94m[*] [0mFuzzing test case #55283 (666 total, 0 uniq crashes found)...[0m
[1;94m[*] [0mFuzzing test case #55462 (666 total, 0 uniq crashes found)...[0m
[1;94m[*] [0mFuzzing test case #55466 (666 total, 0 uniq crashes found)...[0m
[1;94m[*] [0mFuzzing test case #55577 (666 total, 0 uniq crashes found)...[0m
[1;94m[*] [0mFuzzing test case #55913 (666 total, 0 uniq crashes found)...[0m
[1;94m[*] [0mFuzzing test case #55914 (666 total, 0 uniq crashes found)...[0m
[1;94m[*] [0mFuzzing test case #55972 (666 total, 0 uniq crashes found)...[0m
[1;94m[*] [0mFuzzing test case #55983 (667 total, 0 uniq crashes found)...[0m
[1;94m[*] [0mFuzzing test case #56019 (667 total, 0 uniq crashes found)...[0m
[1;94m[*] [0mFuzzing test case #56084 (667 total, 0 uniq crashes found)...[0m
[1;94m[*] [0mFuzzing test case #56094 (667 total, 0 uniq crashes found)...[0m
[1;94m[*] [0mFuzzing test case #56115 (667 total, 0 uniq crashes found)...[0m
[1;94m[*] [0mFuzzing test case #56126 (667 total, 0 uniq crashes found)...[0m
[1;94m[*] [0mFuzzing test case #56147 (667 total, 0 uniq crashes found)...[0m
[1;94m[*] [0mFuzzing test case #56320 (667 total, 0 uniq crashes found)...[0m
[1;94m[*] [0mFuzzing test case #56684 (667 total, 0 uniq crashes found)...[0m
[1;94m[*] [0mFuzzing test case #56686 (667 total, 0 uniq crashes found)...[0m
[1;94m[*] [0mFuzzing test case #56691 (667 total, 0 uniq crashes found)...[0m
[1;94m[*] [0mFuzzing test case #56784 (667 total, 0 uniq crashes found)...[0m
[1;94m[*] [0mFuzzing test case #56810 (668 total, 0 uniq crashes found)...[0m
[1;94m[*] [0mFuzzing test case #56811 (668 total, 0 uniq crashes found)...[0m
[1;94m[*] [0mFuzzing test case #56816 (668 total, 0 uniq crashes found)...[0m
[1;94m[*] [0mFuzzing test case #56841 (668 total, 0 uniq crashes found)...[0m
[1;94m[*] [0mFuzzing test case #57144 (668 total, 0 uniq crashes found)...[0m
[1;94m[*] [0mFuzzing test case #57145 (668 total, 0 uniq crashes found)...[0m
[1;94m[*] [0mFuzzing test case #57196 (668 total, 0 uniq crashes found)...[0m
[1;94m[*] [0mFuzzing test case #57207 (668 total, 0 uniq crashes found)...[0m
[1;94m[*] [0mFuzzing test case #57232 (668 total, 0 uniq crashes found)...[0m
[1;94m[*] [0mFuzzing test case #57432 (668 total, 0 uniq crashes found)...[0m
[1;94m[*] [0mFuzzing test case #57441 (668 total, 0 uniq crashes found)...[0m
[1;94m[*] [0mFuzzing test case #57645 (668 total, 0 uniq crashes found)...[0m
[1;94m[*] [0mFuzzing test case #57647 (668 total, 0 uniq crashes found)...[0m
[1;94m[*] [0mFuzzing test case #57653 (668 total, 0 uniq crashes found)...[0m
[1;94m[*] [0mFuzzing test case #57758 (668 total, 0 uniq crashes found)...[0m
[1;94m[*] [0mFuzzing test case #57787 (668 total, 0 uniq crashes found)...[0m
[1;94m[*] [0mFuzzing test case #57812 (668 total, 0 uniq crashes found)...[0m
[1;94m[*] [0mFuzzing test case #57898 (668 total, 0 uniq crashes found)...[0m
[1;94m[*] [0mFuzzing test case #58005 (668 total, 0 uniq crashes found)...[0m
[1;94m[*] [0mFuzzing test case #58192 (668 total, 0 uniq crashes found)...[0m
[1;94m[*] [0mFuzzing test case #58269 (668 total, 0 uniq crashes found)...[0m
[1;94m[*] [0mFuzzing test case #58369 (668 total, 0 uniq crashes found)...[0m
[1;94m[*] [0mFuzzing test case #58441 (668 total, 0 uniq crashes found)...[0m
[1;94m[*] [0mFuzzing test case #58574 (668 total, 0 uniq crashes found)...[0m
[1;94m[*] [0mFuzzing test case #58638 (668 total, 0 uniq crashes found)...[0m
[1;94m[*] [0mFuzzing test case #58709 (668 total, 0 uniq crashes found)...[0m
[1;94m[*] [0mFuzzing test case #58822 (668 total, 0 uniq crashes found)...[0m
[1;94m[*] [0mFuzzing test case #58864 (668 total, 0 uniq crashes found)...[0m
[1;94m[*] [0mFuzzing test case #58950 (668 total, 0 uniq crashes found)...[0m
[1;94m[*] [0mFuzzing test case #58957 (668 total, 0 uniq crashes found)...[0m
[1;94m[*] [0mFuzzing test case #58959 (668 total, 0 uniq crashes found)...[0m
[1;94m[*] [0mFuzzing test case #59002 (668 total, 0 uniq crashes found)...[0m
[1;94m[*] [0mFuzzing test case #59043 (668 total, 0 uniq crashes found)...[0m
[1;94m[*] [0mFuzzing test case #59351 (668 total, 0 uniq crashes found)...[0m
[1;94m[*] [0mFuzzing test case #59383 (668 total, 0 uniq crashes found)...[0m
[1;94m[*] [0mFuzzing test case #59403 (668 total, 0 uniq crashes found)...[0m
[1;94m[*] [0mFuzzing test case #59441 (668 total, 0 uniq crashes found)...[0m
[1;94m[*] [0mFuzzing test case #59540 (668 total, 0 uniq crashes found)...[0m
[1;94m[*] [0mFuzzing test case #59733 (668 total, 0 uniq crashes found)...[0m
[1;94m[*] [0mFuzzing test case #59791 (668 total, 0 uniq crashes found)...[0m
[1;94m[*] [0mFuzzing test case #60045 (668 total, 0 uniq crashes found)...[0m
[1;94m[*] [0mFuzzing test case #60233 (668 total, 0 uniq crashes found)...[0m
[1;94m[*] [0mFuzzing test case #60239 (668 total, 0 uniq crashes found)...[0m
[1;94m[*] [0mFuzzing test case #60263 (668 total, 0 uniq crashes found)...[0m
[1;94m[*] [0mFuzzing test case #60371 (668 total, 0 uniq crashes found)...[0m
[1;94m[*] [0mFuzzing test case #60503 (668 total, 0 uniq crashes found)...[0m
[1;94m[*] [0mFuzzing test case #60556 (668 total, 0 uniq crashes found)...[0m
[1;94m[*] [0mFuzzing test case #60620 (668 total, 0 uniq crashes found)...[0m
[1;94m[*] [0mFuzzing test case #60818 (668 total, 0 uniq crashes found)...[0m
[1;94m[*] [0mFuzzing test case #60884 (668 total, 0 uniq crashes found)...[0m
[1;94m[*] [0mFuzzing test case #60903 (668 total, 0 uniq crashes found)...[0m
[1;94m[*] [0mFuzzing test case #61108 (668 total, 0 uniq crashes found)...[0m
[1;94m[*] [0mFuzzing test case #61145 (668 total, 0 uniq crashes found)...[0m
[1;94m[*] [0mFuzzing test case #61203 (668 total, 0 uniq crashes found)...[0m
[1;94m[*] [0mFuzzing test case #61262 (668 total, 0 uniq crashes found)...[0m
[1;94m[*] [0mFuzzing test case #61278 (668 total, 0 uniq crashes found)...[0m
[1;94m[*] [0mFuzzing test case #61636 (668 total, 0 uniq crashes found)...[0m
[1;94m[*] [0mFuzzing test case #61756 (668 total, 0 uniq crashes found)...[0m
[1;94m[*] [0mFuzzing test case #61923 (668 total, 0 uniq crashes found)...[0m
[1;94m[*] [0mFuzzing test case #61943 (668 total, 0 uniq crashes found)...[0m
[1;94m[*] [0mFuzzing test case #61985 (668 total, 0 uniq crashes found)...[0m
[1;94m[*] [0mFuzzing test case #62232 (668 total, 0 uniq crashes found)...[0m
[1;94m[*] [0mFuzzing test case #62262 (668 total, 0 uniq crashes found)...[0m
[1;94m[*] [0mFuzzing test case #62265 (668 total, 0 uniq crashes found)...[0m
[1;94m[*] [0mFuzzing test case #62363 (668 total, 0 uniq crashes found)...[0m
[1;94m[*] [0mFuzzing test case #62379 (668 total, 0 uniq crashes found)...[0m
[1;94m[*] [0mFuzzing test case #62732 (668 total, 0 uniq crashes found)...[0m
[1;94m[*] [0mFuzzing test case #62745 (668 total, 0 uniq crashes found)...[0m
[1;94m[*] [0mFuzzing test case #62937 (668 total, 0 uniq crashes found)...[0m
[1;94m[*] [0mFuzzing test case #63092 (668 total, 0 uniq crashes found)...[0m
[1;94m[*] [0mFuzzing test case #63140 (668 total, 0 uniq crashes found)...[0m
[1;94m[*] [0mFuzzing test case #63373 (668 total, 0 uniq crashes found)...[0m
[1;94m[*] [0mFuzzing test case #63470 (668 total, 0 uniq crashes found)...[0m
[1;94m[*] [0mFuzzing test case #63637 (668 total, 0 uniq crashes found)...[0m
[1;94m[*] [0mFuzzing test case #63673 (668 total, 0 uniq crashes found)...[0m
[1;94m[*] [0mFuzzing test case #63708 (668 total, 0 uniq crashes found)...[0m
[1;94m[*] [0mFuzzing test case #63751 (668 total, 0 uniq crashes found)...[0m
[1;94m[*] [0mFuzzing test case #64068 (668 total, 0 uniq crashes found)...[0m
[1;94m[*] [0mFuzzing test case #64079 (668 total, 0 uniq crashes found)...[0m
[1;94m[*] [0mFuzzing test case #64248 (668 total, 0 uniq crashes found)...[0m
[1;94m[*] [0mFuzzing test case #64254 (668 total, 0 uniq crashes found)...[0m
[1;94m[*] [0mFuzzing test case #64319 (668 total, 0 uniq crashes found)...[0m
[1;94m[*] [0mFuzzing test case #64368 (668 total, 0 uniq crashes found)...[0m
[1;94m[*] [0mFuzzing test case #64473 (668 total, 0 uniq crashes found)...[0m
[1;94m[*] [0mFuzzing test case #64556 (668 total, 0 uniq crashes found)...[0m
[1;94m[*] [0mFuzzing test case #64582 (668 total, 0 uniq crashes found)...[0m
[1;94m[*] [0mFuzzing test case #64964 (668 total, 0 uniq crashes found)...[0m
[1;94m[*] [0mFuzzing test case #65002 (668 total, 0 uniq crashes found)...[0m
[1;94m[*] [0mFuzzing test case #65142 (668 total, 0 uniq crashes found)...[0m
[1;94m[*] [0mFuzzing test case #65319 (668 total, 0 uniq crashes found)...[0m
[1;94m[*] [0mFuzzing test case #65321 (668 total, 0 uniq crashes found)...[0m
[1;94m[*] [0mFuzzing test case #65374 (668 total, 0 uniq crashes found)...[0m
[1;94m[*] [0mFuzzing test case #65433 (668 total, 0 uniq crashes found)...[0m
[1;94m[*] [0mFuzzing test case #65478 (668 total, 0 uniq crashes found)...[0m
[1;94m[*] [0mFuzzing test case #65583 (668 total, 0 uniq crashes found)...[0m
[1;94m[*] [0mFuzzing test case #65628 (668 total, 0 uniq crashes found)...[0m
[1;94m[*] [0mFuzzing test case #65715 (668 total, 0 uniq crashes found)...[0m
[1;94m[*] [0mFuzzing test case #65755 (668 total, 0 uniq crashes found)...[0m
[1;94m[*] [0mFuzzing test case #65859 (668 total, 0 uniq crashes found)...[0m
[1;94m[*] [0mFuzzing test case #65873 (668 total, 0 uniq crashes found)...[0m
[1;94m[*] [0mFuzzing test case #65925 (668 total, 0 uniq crashes found)...[0m
[1;94m[*] [0mFuzzing test case #65964 (668 total, 0 uniq crashes found)...[0m
[1;94m[*] [0mFuzzing test case #65988 (668 total, 0 uniq crashes found)...[0m
[1;94m[*] [0mFuzzing test case #66236 (668 total, 0 uniq crashes found)...[0m
[1;94m[*] [0mFuzzing test case #66299 (668 total, 0 uniq crashes found)...[0m
[1;94m[*] [0mFuzzing test case #66390 (668 total, 0 uniq crashes found)...[0m
[1;94m[*] [0mFuzzing test case #66410 (668 total, 0 uniq crashes found)...[0m
[1;94m[*] [0mFuzzing test case #66422 (668 total, 0 uniq crashes found)...[0m
[1;94m[*] [0mFuzzing test case #66527 (668 total, 0 uniq crashes found)...[0m
[1;94m[*] [0mFuzzing test case #66622 (668 total, 0 uniq crashes found)...[0m
[1;94m[*] [0mFuzzing test case #66628 (668 total, 0 uniq crashes found)...[0m
[1;94m[*] [0mFuzzing test case #66638 (668 total, 0 uniq crashes found)...[0m
[1;94m[*] [0mFuzzing test case #66755 (668 total, 0 uniq crashes found)...[0m
[1;94m[*] [0mFuzzing test case #66788 (668 total, 0 uniq crashes found)...[0m
[1;94m[*] [0mFuzzing test case #66876 (669 total, 0 uniq crashes found)...[0m
[1;94m[*] [0mFuzzing test case #66879 (670 total, 0 uniq crashes found)...[0m
[1;94m[*] [0mFuzzing test case #66902 (670 total, 0 uniq crashes found)...[0m
[1;94m[*] [0mFuzzing test case #66970 (670 total, 0 uniq crashes found)...[0m
[1;94m[*] [0mFuzzing test case #66994 (670 total, 0 uniq crashes found)...[0m
[1;94m[*] [0mFuzzing test case #67110 (670 total, 0 uniq crashes found)...[0m
[1;94m[*] [0mFuzzing test case #67115 (670 total, 0 uniq crashes found)...[0m
[1;94m[*] [0mFuzzing test case #67157 (671 total, 0 uniq crashes found)...[0m
[1;94m[*] [0mFuzzing test case #67181 (671 total, 0 uniq crashes found)...[0m
[1;94m[*] [0mFuzzing test case #67269 (671 total, 0 uniq crashes found)...[0m
[1;94m[*] [0mFuzzing test case #67432 (671 total, 0 uniq crashes found)...[0m
[1;94m[*] [0mFuzzing test case #67436 (671 total, 0 uniq crashes found)...[0m
[1;94m[*] [0mFuzzing test case #67469 (671 total, 0 uniq crashes found)...[0m
[1;94m[*] [0mFuzzing test case #67516 (671 total, 0 uniq crashes found)...[0m
[1;94m[*] [0mFuzzing test case #67595 (671 total, 0 uniq crashes found)...[0m
[1;94m[*] [0mFuzzing test case #67615 (671 total, 0 uniq crashes found)...[0m
[1;94m[*] [0mFuzzing test case #67673 (671 total, 0 uniq crashes found)...[0m
[1;94m[*] [0mFuzzing test case #67724 (671 total, 0 uniq crashes found)...[0m
[1;94m[*] [0mFuzzing test case #67820 (671 total, 0 uniq crashes found)...[0m
[1;94m[*] [0mFuzzing test case #67859 (671 total, 0 uniq crashes found)...[0m
[1;94m[*] [0mFuzzing test case #68166 (671 total, 0 uniq crashes found)...[0m
[1;94m[*] [0mFuzzing test case #68510 (671 total, 0 uniq crashes found)...[0m
[1;94m[*] [0mFuzzing test case #68616 (671 total, 0 uniq crashes found)...[0m
[1;94m[*] [0mFuzzing test case #68796 (671 total, 0 uniq crashes found)...[0m
[1;94m[*] [0mFuzzing test case #68808 (671 total, 0 uniq crashes found)...[0m
[1;94m[*] [0mFuzzing test case #68832 (671 total, 0 uniq crashes found)...[0m
[1;94m[*] [0mFuzzing test case #68983 (671 total, 0 uniq crashes found)...[0m
[1;94m[*] [0mFuzzing test case #68994 (671 total, 0 uniq crashes found)...[0m
[1;94m[*] [0mFuzzing test case #69007 (671 total, 0 uniq crashes found)...[0m
[1;94m[*] [0mFuzzing test case #69036 (671 total, 0 uniq crashes found)...[0m
[1;94m[*] [0mFuzzing test case #69053 (671 total, 0 uniq crashes found)...[0m
[1;94m[*] [0mFuzzing test case #69057 (671 total, 0 uniq crashes found)...[0m
[1;94m[*] [0mFuzzing test case #69097 (671 total, 0 uniq crashes found)...[0m
[1;94m[*] [0mFuzzing test case #69221 (671 total, 0 uniq crashes found)...[0m
[1;94m[*] [0mFuzzing test case #69245 (671 total, 0 uniq crashes found)...[0m
[1;94m[*] [0mFuzzing test case #69299 (671 total, 0 uniq crashes found)...[0m
[1;94m[*] [0mFuzzing test case #69324 (671 total, 0 uniq crashes found)...[0m
[1;94m[*] [0mFuzzing test case #69380 (671 total, 0 uniq crashes found)...[0m
[1;94m[*] [0mFuzzing test case #69410 (671 total, 0 uniq crashes found)...[0m
[1;94m[*] [0mFuzzing test case #69434 (671 total, 0 uniq crashes found)...[0m
[1;94m[*] [0mFuzzing test case #69598 (671 total, 0 uniq crashes found)...[0m
[1;94m[*] [0mFuzzing test case #69626 (671 total, 0 uniq crashes found)...[0m
[1;94m[*] [0mFuzzing test case #69706 (671 total, 0 uniq crashes found)...[0m
[1;94m[*] [0mFuzzing test case #69853 (671 total, 0 uniq crashes found)...[0m
[1;94m[*] [0mFuzzing test case #69936 (671 total, 0 uniq crashes found)...[0m
[1;94m[*] [0mFuzzing test case #69991 (671 total, 0 uniq crashes found)...[0m
[1;94m[*] [0mFuzzing test case #70067 (671 total, 0 uniq crashes found)...[0m
[1;94m[*] [0mFuzzing test case #70123 (671 total, 0 uniq crashes found)...[0m
[1;94m[*] [0mFuzzing test case #70188 (671 total, 0 uniq crashes found)...[0m
[1;94m[*] [0mFuzzing test case #70606 (671 total, 0 uniq crashes found)...[0m
[1;94m[*] [0mFuzzing test case #70643 (671 total, 0 uniq crashes found)...[0m
[1;94m[*] [0mFuzzing test case #70717 (671 total, 0 uniq crashes found)...[0m
[1;94m[*] [0mFuzzing test case #70738 (671 total, 0 uniq crashes found)...[0m
[1;94m[*] [0mFuzzing test case #70845 (671 total, 0 uniq crashes found)...[0m
[1;94m[*] [0mFuzzing test case #70871 (671 total, 0 uniq crashes found)...[0m
[1;94m[*] [0mFuzzing test case #70943 (671 total, 0 uniq crashes found)...[0m
[1;94m[*] [0mFuzzing test case #70962 (671 total, 0 uniq crashes found)...[0m
[1;94m[*] [0mFuzzing test case #71103 (671 total, 0 uniq crashes found)...[0m
[1;94m[*] [0mFuzzing test case #71186 (671 total, 0 uniq crashes found)...[0m
[1;94m[*] [0mFuzzing test case #71214 (671 total, 0 uniq crashes found)...[0m
[1;94m[*] [0mFuzzing test case #71239 (671 total, 0 uniq crashes found)...[0m
[1;94m[*] [0mFuzzing test case #71481 (671 total, 0 uniq crashes found)...[0m
[1;94m[*] [0mFuzzing test case #71648 (671 total, 0 uniq crashes found)...[0m
[1;94m[*] [0mFuzzing test case #71744 (671 total, 0 uniq crashes found)...[0m
[1;94m[*] [0mFuzzing test case #71757 (671 total, 0 uniq crashes found)...[0m
[1;94m[*] [0mFuzzing test case #71860 (671 total, 0 uniq crashes found)...[0m
[1;94m[*] [0mFuzzing test case #71890 (671 total, 0 uniq crashes found)...[0m
[1;94m[*] [0mFuzzing test case #71901 (671 total, 0 uniq crashes found)...[0m
[1;94m[*] [0mFuzzing test case #72069 (671 total, 0 uniq crashes found)...[0m
[1;94m[*] [0mFuzzing test case #72074 (671 total, 0 uniq crashes found)...[0m
[1;94m[*] [0mFuzzing test case #72118 (671 total, 0 uniq crashes found)...[0m
[1;94m[*] [0mFuzzing test case #72164 (671 total, 0 uniq crashes found)...[0m
[1;94m[*] [0mFuzzing test case #72177 (671 total, 0 uniq crashes found)...[0m
[1;94m[*] [0mFuzzing test case #72195 (671 total, 0 uniq crashes found)...[0m
[1;94m[*] [0mFuzzing test case #72557 (671 total, 0 uniq crashes found)...[0m
[1;94m[*] [0mFuzzing test case #72679 (671 total, 0 uniq crashes found)...[0m
[1;94m[*] [0mFuzzing test case #72733 (671 total, 0 uniq crashes found)...[0m
[1;94m[*] [0mFuzzing test case #72780 (671 total, 0 uniq crashes found)...[0m
[1;94m[*] [0mFuzzing test case #72868 (671 total, 0 uniq crashes found)...[0m
[1;94m[*] [0mFuzzing test case #73050 (671 total, 0 uniq crashes found)...[0m
[1;94m[*] [0mFuzzing test case #73334 (671 total, 0 uniq crashes found)...[0m
[1;94m[*] [0mFuzzing test case #73383 (671 total, 0 uniq crashes found)...[0m
[1;94m[*] [0mFuzzing test case #73485 (671 total, 0 uniq crashes found)...[0m
[1;94m[*] [0mFuzzing test case #73748 (671 total, 0 uniq crashes found)...[0m
[1;94m[*] [0mFuzzing test case #73850 (671 total, 0 uniq crashes found)...[0m
[1;94m[*] [0mFuzzing test case #74315 (671 total, 0 uniq crashes found)...[0m
[1;94m[*] [0mFuzzing test case #74376 (671 total, 0 uniq crashes found)...[0m
[1;94m[*] [0mFuzzing test case #74388 (671 total, 0 uniq crashes found)...[0m
[1;94m[*] [0mFuzzing test case #74392 (671 total, 0 uniq crashes found)...[0m
[1;94m[*] [0mFuzzing test case #74408 (671 total, 0 uniq crashes found)...[0m
[1;94m[*] [0mFuzzing test case #74612 (671 total, 0 uniq crashes found)...[0m
[1;94m[*] [0mFuzzing test case #74760 (671 total, 0 uniq crashes found)...[0m
[1;94m[*] [0mFuzzing test case #74972 (671 total, 0 uniq crashes found)...[0m
[1;94m[*] [0mFuzzing test case #75001 (671 total, 0 uniq crashes found)...[0m
[1;94m[*] [0mFuzzing test case #75016 (671 total, 0 uniq crashes found)...[0m
[1;94m[*] [0mFuzzing test case #75024 (671 total, 0 uniq crashes found)...[0m
[1;94m[*] [0mFuzzing test case #75277 (671 total, 0 uniq crashes found)...[0m
[1;94m[*] [0mFuzzing test case #75512 (671 total, 0 uniq crashes found)...[0m
[1;94m[*] [0mFuzzing test case #75567 (671 total, 0 uniq crashes found)...[0m
[1;94m[*] [0mFuzzing test case #75586 (671 total, 0 uniq crashes found)...[0m
[1;94m[*] [0mFuzzing test case #75632 (671 total, 0 uniq crashes found)...[0m
[1;94m[*] [0mFuzzing test case #75667 (671 total, 0 uniq crashes found)...[0m
[1;94m[*] [0mFuzzing test case #75827 (671 total, 0 uniq crashes found)...[0m
[1;94m[*] [0mFuzzing test case #75873 (671 total, 0 uniq crashes found)...[0m
[1;94m[*] [0mFuzzing test case #76084 (671 total, 0 uniq crashes found)...[0m
[1;94m[*] [0mFuzzing test case #76182 (671 total, 0 uniq crashes found)...[0m
[1;94m[*] [0mFuzzing test case #76300 (671 total, 0 uniq crashes found)...[0m
[1;94m[*] [0mFuzzing test case #76336 (671 total, 0 uniq crashes found)...[0m
[1;94m[*] [0mFuzzing test case #76434 (671 total, 0 uniq crashes found)...[0m
[1;94m[*] [0mFuzzing test case #76479 (671 total, 0 uniq crashes found)...[0m
[1;94m[*] [0mFuzzing test case #76500 (671 total, 0 uniq crashes found)...[0m
[1;94m[*] [0mFuzzing test case #76598 (671 total, 0 uniq crashes found)...[0m
[1;94m[*] [0mFuzzing test case #76608 (671 total, 0 uniq crashes found)...[0m
[1;94m[*] [0mFuzzing test case #76730 (671 total, 0 uniq crashes found)...[0m
[1;94m[*] [0mFuzzing test case #76768 (671 total, 0 uniq crashes found)...[0m
[1;94m[*] [0mFuzzing test case #77068 (671 total, 0 uniq crashes found)...[0m
[1;94m[*] [0mFuzzing test case #77086 (671 total, 0 uniq crashes found)...[0m
[1;94m[*] [0mFuzzing test case #77114 (671 total, 0 uniq crashes found)...[0m
[1;94m[*] [0mFuzzing test case #77137 (671 total, 0 uniq crashes found)...[0m
[1;94m[*] [0mFuzzing test case #77260 (671 total, 0 uniq crashes found)...[0m
[1;94m[*] [0mFuzzing test case #77373 (671 total, 0 uniq crashes found)...[0m
[1;94m[*] [0mFuzzing test case #77480 (671 total, 0 uniq crashes found)...[0m
[1;94m[*] [0mFuzzing test case #77607 (671 total, 0 uniq crashes found)...[0m
[1;94m[*] [0mFuzzing test case #77805 (671 total, 0 uniq crashes found)...[0m
[1;94m[*] [0mFuzzing test case #77816 (671 total, 0 uniq crashes found)...[0m
[1;94m[*] [0mFuzzing test case #77896 (671 total, 0 uniq crashes found)...[0m
[1;94m[*] [0mFuzzing test case #77953 (671 total, 0 uniq crashes found)...[0m
[1;94m[*] [0mFuzzing test case #78012 (671 total, 0 uniq crashes found)...[0m
[1;94m[*] [0mFuzzing test case #78030 (671 total, 0 uniq crashes found)...[0m
[1;94m[*] [0mFuzzing test case #78036 (671 total, 0 uniq crashes found)...[0m
[1;94m[*] [0mFuzzing test case #78176 (671 total, 0 uniq crashes found)...[0m
[1;94m[*] [0mFuzzing test case #78533 (671 total, 0 uniq crashes found)...[0m
[1;94m[*] [0mFuzzing test case #78807 (671 total, 0 uniq crashes found)...[0m
[1;94m[*] [0mFuzzing test case #78872 (671 total, 0 uniq crashes found)...[0m
[1;94m[*] [0mFuzzing test case #79048 (671 total, 0 uniq crashes found)...[0m
[1;94m[*] [0mFuzzing test case #79130 (671 total, 0 uniq crashes found)...[0m
[1;94m[*] [0mFuzzing test case #79186 (671 total, 0 uniq crashes found)...[0m
[1;94m[*] [0mFuzzing test case #79231 (671 total, 0 uniq crashes found)...[0m
[1;94m[*] [0mFuzzing test case #79338 (671 total, 0 uniq crashes found)...[0m
[1;94m[*] [0mFuzzing test case #79376 (671 total, 0 uniq crashes found)...[0m
[1;94m[*] [0mFuzzing test case #79384 (671 total, 0 uniq crashes found)...[0m
[1;94m[*] [0mFuzzing test case #79512 (671 total, 0 uniq crashes found)...[0m
[1;94m[*] [0mFuzzing test case #79535 (671 total, 0 uniq crashes found)...[0m
[1;94m[*] [0mFuzzing test case #79559 (671 total, 0 uniq crashes found)...[0m
[1;94m[*] [0mFuzzing test case #79562 (671 total, 0 uniq crashes found)...[0m
[1;94m[*] [0mFuzzing test case #79571 (671 total, 0 uniq crashes found)...[0m
[1;94m[*] [0mFuzzing test case #79612 (671 total, 0 uniq crashes found)...[0m
[1;94m[*] [0mFuzzing test case #79616 (671 total, 0 uniq crashes found)...[0m
[1;94m[*] [0mFuzzing test case #79798 (671 total, 0 uniq crashes found)...[0m
[1;94m[*] [0mFuzzing test case #80315 (671 total, 0 uniq crashes found)...[0m
[1;94m[*] [0mFuzzing test case #80428 (671 total, 0 uniq crashes found)...[0m
[1;94m[*] [0mFuzzing test case #80773 (671 total, 0 uniq crashes found)...[0m
[1;94m[*] [0mFuzzing test case #80841 (671 total, 0 uniq crashes found)...[0m
[1;94m[*] [0mFuzzing test case #81197 (671 total, 0 uniq crashes found)...[0m
[1;94m[*] [0mFuzzing test case #81294 (671 total, 0 uniq crashes found)...[0m
[1;94m[*] [0mFuzzing test case #81408 (671 total, 0 uniq crashes found)...[0m
[1;94m[*] [0mFuzzing test case #81470 (671 total, 0 uniq crashes found)...[0m
[1;94m[*] [0mFuzzing test case #81484 (671 total, 0 uniq crashes found)...[0m
[1;94m[*] [0mFuzzing test case #81516 (671 total, 0 uniq crashes found)...[0m
[1;94m[*] [0mFuzzing test case #81642 (671 total, 0 uniq crashes found)...[0m
[1;94m[*] [0mFuzzing test case #81684 (671 total, 0 uniq crashes found)...[0m
[1;94m[*] [0mFuzzing test case #81783 (671 total, 0 uniq crashes found)...[0m
[1;94m[*] [0mFuzzing test case #81955 (671 total, 0 uniq crashes found)...[0m
[1;94m[*] [0mFuzzing test case #81980 (671 total, 0 uniq crashes found)...[0m
[1;94m[*] [0mFuzzing test case #82154 (671 total, 0 uniq crashes found)...[0m
[1;94m[*] [0mFuzzing test case #82273 (671 total, 0 uniq crashes found)...[0m
[1;94m[*] [0mFuzzing test case #82332 (671 total, 0 uniq crashes found)...[0m
[1;94m[*] [0mFuzzing test case #82342 (671 total, 0 uniq crashes found)...[0m
[1;94m[*] [0mFuzzing test case #82403 (671 total, 0 uniq crashes found)...[0m
[1;94m[*] [0mFuzzing test case #82588 (671 total, 0 uniq crashes found)...[0m
[1;94m[*] [0mFuzzing test case #82593 (671 total, 0 uniq crashes found)...[0m
[1;94m[*] [0mFuzzing test case #82719 (671 total, 0 uniq crashes found)...[0m
[1;94m[*] [0mFuzzing test case #82892 (671 total, 0 uniq crashes found)...[0m
[1;94m[*] [0mFuzzing test case #82902 (671 total, 0 uniq crashes found)...[0m
[1;94m[*] [0mFuzzing test case #82914 (671 total, 0 uniq crashes found)...[0m
[1;94m[*] [0mFuzzing test case #83058 (671 total, 0 uniq crashes found)...[0m
[1;94m[*] [0mFuzzing test case #83109 (671 total, 0 uniq crashes found)...[0m
[1;94m[*] [0mFuzzing test case #83244 (671 total, 0 uniq crashes found)...[0m
[1;94m[*] [0mFuzzing test case #83347 (671 total, 0 uniq crashes found)...[0m
[1;94m[*] [0mFuzzing test case #83652 (671 total, 0 uniq crashes found)...[0m
[1;94m[*] [0mFuzzing test case #83710 (671 total, 0 uniq crashes found)...[0m
[1;94m[*] [0mFuzzing test case #83769 (671 total, 0 uniq crashes found)...[0m
[1;94m[*] [0mFuzzing test case #83782 (671 total, 0 uniq crashes found)...[0m
[1;94m[*] [0mFuzzing test case #83879 (671 total, 0 uniq crashes found)...[0m
[1;94m[*] [0mFuzzing test case #83885 (671 total, 0 uniq crashes found)...[0m
[1;94m[*] [0mFuzzing test case #84325 (671 total, 0 uniq crashes found)...[0m
[1;94m[*] [0mFuzzing test case #84392 (671 total, 0 uniq crashes found)...[0m
[1;94m[*] [0mFuzzing test case #84517 (671 total, 0 uniq crashes found)...[0m
[1;94m[*] [0mFuzzing test case #84558 (671 total, 0 uniq crashes found)...[0m
[1;94m[*] [0mFuzzing test case #84609 (671 total, 0 uniq crashes found)...[0m
[1;94m[*] [0mFuzzing test case #84726 (671 total, 0 uniq crashes found)...[0m
[1;94m[*] [0mFuzzing test case #84810 (671 total, 0 uniq crashes found)...[0m
[1;94m[*] [0mFuzzing test case #84891 (671 total, 0 uniq crashes found)...[0m
[1;94m[*] [0mFuzzing test case #84989 (671 total, 0 uniq crashes found)...[0m
[1;94m[*] [0mFuzzing test case #85015 (671 total, 0 uniq crashes found)...[0m
[1;94m[*] [0mFuzzing test case #85045 (671 total, 0 uniq crashes found)...[0m
[1;94m[*] [0mFuzzing test case #85064 (671 total, 0 uniq crashes found)...[0m
[1;94m[*] [0mFuzzing test case #85096 (671 total, 0 uniq crashes found)...[0m
[1;94m[*] [0mFuzzing test case #85237 (671 total, 0 uniq crashes found)...[0m
[1;94m[*] [0mFuzzing test case #85270 (671 total, 0 uniq crashes found)...[0m
[1;94m[*] [0mFuzzing test case #85432 (671 total, 0 uniq crashes found)...[0m
[1;94m[*] [0mFuzzing test case #85614 (671 total, 0 uniq crashes found)...[0m
[1;94m[*] [0mFuzzing test case #85782 (671 total, 0 uniq crashes found)...[0m
[1;94m[*] [0mFuzzing test case #85810 (671 total, 0 uniq crashes found)...[0m
[1;94m[*] [0mFuzzing test case #85815 (671 total, 0 uniq crashes found)...[0m
[1;94m[*] [0mFuzzing test case #85998 (671 total, 0 uniq crashes found)...[0m
[1;94m[*] [0mFuzzing test case #86026 (671 total, 0 uniq crashes found)...[0m
[1;94m[*] [0mFuzzing test case #86147 (671 total, 0 uniq crashes found)...[0m
[1;94m[*] [0mFuzzing test case #86313 (671 total, 0 uniq crashes found)...[0m
[1;94m[*] [0mFuzzing test case #86353 (671 total, 0 uniq crashes found)...[0m
[1;94m[*] [0mFuzzing test case #86364 (671 total, 0 uniq crashes found)...[0m
[1;94m[*] [0mFuzzing test case #86519 (671 total, 0 uniq crashes found)...[0m
[1;94m[*] [0mFuzzing test case #86621 (671 total, 0 uniq crashes found)...[0m
[1;94m[*] [0mFuzzing test case #86757 (671 total, 0 uniq crashes found)...[0m
[1;94m[*] [0mFuzzing test case #86870 (671 total, 0 uniq crashes found)...[0m
[1;94m[*] [0mFuzzing test case #86955 (671 total, 0 uniq crashes found)...[0m
[1;94m[*] [0mFuzzing test case #86990 (671 total, 0 uniq crashes found)...[0m
[1;94m[*] [0mFuzzing test case #87152 (671 total, 0 uniq crashes found)...[0m
[1;94m[*] [0mFuzzing test case #87195 (671 total, 0 uniq crashes found)...[0m
[1;94m[*] [0mFuzzing test case #87236 (671 total, 0 uniq crashes found)...[0m
[1;94m[*] [0mFuzzing test case #87420 (671 total, 0 uniq crashes found)...[0m
[1;94m[*] [0mFuzzing test case #87459 (671 total, 0 uniq crashes found)...[0m
[1;94m[*] [0mFuzzing test case #87544 (671 total, 0 uniq crashes found)...[0m
[1;94m[*] [0mFuzzing test case #87615 (671 total, 0 uniq crashes found)...[0m
[1;94m[*] [0mFuzzing test case #87738 (671 total, 0 uniq crashes found)...[0m
[1;94m[*] [0mFuzzing test case #87904 (671 total, 0 uniq crashes found)...[0m
[1;94m[*] [0mFuzzing test case #88053 (671 total, 0 uniq crashes found)...[0m
[1;94m[*] [0mFuzzing test case #88071 (671 total, 0 uniq crashes found)...[0m
[1;94m[*] [0mFuzzing test case #88094 (671 total, 0 uniq crashes found)...[0m
[1;94m[*] [0mFuzzing test case #88269 (671 total, 0 uniq crashes found)...[0m
[1;94m[*] [0mFuzzing test case #88325 (671 total, 0 uniq crashes found)...[0m
[1;94m[*] [0mFuzzing test case #88357 (671 total, 0 uniq crashes found)...[0m
[1;94m[*] [0mFuzzing test case #88389 (671 total, 0 uniq crashes found)...[0m
[1;94m[*] [0mFuzzing test case #88422 (671 total, 0 uniq crashes found)...[0m
[1;94m[*] [0mFuzzing test case #88456 (671 total, 0 uniq crashes found)...[0m
[1;94m[*] [0mFuzzing test case #88462 (671 total, 0 uniq crashes found)...[0m
[1;94m[*] [0mFuzzing test case #88493 (671 total, 0 uniq crashes found)...[0m
[1;94m[*] [0mFuzzing test case #88651 (671 total, 0 uniq crashes found)...[0m
[1;94m[*] [0mFuzzing test case #88678 (671 total, 0 uniq crashes found)...[0m
[1;94m[*] [0mFuzzing test case #88743 (671 total, 0 uniq crashes found)...[0m
[1;94m[*] [0mFuzzing test case #88865 (671 total, 0 uniq crashes found)...[0m
[1;94m[*] [0mFuzzing test case #88893 (671 total, 0 uniq crashes found)...[0m
[1;94m[*] [0mFuzzing test case #88931 (671 total, 0 uniq crashes found)...[0m
[1;94m[*] [0mFuzzing test case #88980 (671 total, 0 uniq crashes found)...[0m
[1;94m[*] [0mFuzzing test case #89247 (671 total, 0 uniq crashes found)...[0m
[1;94m[*] [0mFuzzing test case #89300 (671 total, 0 uniq crashes found)...[0m
[1;94m[*] [0mFuzzing test case #89376 (671 total, 0 uniq crashes found)...[0m
[1;94m[*] [0mFuzzing test case #89507 (671 total, 0 uniq crashes found)...[0m
[1;94m[*] [0mFuzzing test case #89661 (671 total, 0 uniq crashes found)...[0m
[1;94m[*] [0mFuzzing test case #89721 (671 total, 0 uniq crashes found)...[0m
[1;94m[*] [0mFuzzing test case #89723 (671 total, 0 uniq crashes found)...[0m
[1;94m[*] [0mFuzzing test case #89799 (671 total, 0 uniq crashes found)...[0m
[1;94m[*] [0mFuzzing test case #89868 (671 total, 0 uniq crashes found)...[0m
[1;94m[*] [0mFuzzing test case #89904 (671 total, 0 uniq crashes found)...[0m
[1;94m[*] [0mFuzzing test case #89943 (671 total, 0 uniq crashes found)...[0m
[1;94m[*] [0mFuzzing test case #89987 (671 total, 0 uniq crashes found)...[0m
[1;94m[*] [0mFuzzing test case #90122 (671 total, 0 uniq crashes found)...[0m
[1;94m[*] [0mFuzzing test case #90134 (671 total, 0 uniq crashes found)...[0m
[1;94m[*] [0mFuzzing test case #90289 (671 total, 0 uniq crashes found)...[0m
[1;94m[*] [0mFuzzing test case #90332 (671 total, 0 uniq crashes found)...[0m
[1;94m[*] [0mFuzzing test case #90391 (671 total, 0 uniq crashes found)...[0m
[1;94m[*] [0mFuzzing test case #90589 (671 total, 0 uniq crashes found)...[0m
[1;94m[*] [0mFuzzing test case #90627 (671 total, 0 uniq crashes found)...[0m
[1;94m[*] [0mFuzzing test case #90733 (671 total, 0 uniq crashes found)...[0m
[1;94m[*] [0mFuzzing test case #90752 (671 total, 0 uniq crashes found)...[0m
[1;94m[*] [0mFuzzing test case #90766 (671 total, 0 uniq crashes found)...[0m
[1;94m[*] [0mFuzzing test case #90819 (671 total, 0 uniq crashes found)...[0m
[1;94m[*] [0mFuzzing test case #91004 (671 total, 0 uniq crashes found)...[0m
[1;94m[*] [0mFuzzing test case #91007 (671 total, 0 uniq crashes found)...[0m
[1;94m[*] [0mFuzzing test case #91009 (671 total, 0 uniq crashes found)...[0m
[1;94m[*] [0mFuzzing test case #91044 (671 total, 0 uniq crashes found)...[0m
[1;94m[*] [0mFuzzing test case #91049 (671 total, 0 uniq crashes found)...[0m
[1;94m[*] [0mFuzzing test case #91098 (671 total, 0 uniq crashes found)...[0m
[1;94m[*] [0mFuzzing test case #91114 (671 total, 0 uniq crashes found)...[0m
[1;94m[*] [0mFuzzing test case #91290 (671 total, 0 uniq crashes found)...[0m
[1;94m[*] [0mFuzzing test case #91321 (671 total, 0 uniq crashes found)...[0m
[1;94m[*] [0mFuzzing test case #91492 (671 total, 0 uniq crashes found)...[0m
[1;94m[*] [0mFuzzing test case #91499 (671 total, 0 uniq crashes found)...[0m
[1;94m[*] [0mFuzzing test case #91551 (671 total, 0 uniq crashes found)...[0m
[1;94m[*] [0mFuzzing test case #91587 (671 total, 0 uniq crashes found)...[0m
[1;94m[*] [0mFuzzing test case #91589 (671 total, 0 uniq crashes found)...[0m
[1;94m[*] [0mFuzzing test case #91619 (671 total, 0 uniq crashes found)...[0m
[1;94m[*] [0mFuzzing test case #91814 (671 total, 0 uniq crashes found)...[0m
[1;94m[*] [0mFuzzing test case #91912 (671 total, 0 uniq crashes found)...[0m
[1;94m[*] [0mFuzzing test case #92077 (671 total, 0 uniq crashes found)...[0m
[1;94m[*] [0mFuzzing test case #92180 (671 total, 0 uniq crashes found)...[0m
[1;94m[*] [0mFuzzing test case #92191 (671 total, 0 uniq crashes found)...[0m
[1;94m[*] [0mFuzzing test case #92291 (671 total, 0 uniq crashes found)...[0m
[1;94m[*] [0mFuzzing test case #92402 (671 total, 0 uniq crashes found)...[0m
[1;94m[*] [0mFuzzing test case #92618 (671 total, 0 uniq crashes found)...[0m
[1;94m[*] [0mFuzzing test case #92679 (671 total, 0 uniq crashes found)...[0m
[1;94m[*] [0mFuzzing test case #92754 (671 total, 0 uniq crashes found)...[0m
[1;94m[*] [0mFuzzing test case #92772 (671 total, 0 uniq crashes found)...[0m
[1;94m[*] [0mFuzzing test case #92780 (671 total, 0 uniq crashes found)...[0m
[1;94m[*] [0mFuzzing test case #92923 (671 total, 0 uniq crashes found)...[0m
[1;94m[*] [0mFuzzing test case #92927 (671 total, 0 uniq crashes found)...[0m
[1;94m[*] [0mFuzzing test case #93128 (671 total, 0 uniq crashes found)...[0m
[1;94m[*] [0mFuzzing test case #93142 (671 total, 0 uniq crashes found)...[0m
[1;94m[*] [0mFuzzing test case #93171 (671 total, 0 uniq crashes found)...[0m
[1;94m[*] [0mFuzzing test case #93235 (671 total, 0 uniq crashes found)...[0m
[1;94m[*] [0mFuzzing test case #93306 (671 total, 0 uniq crashes found)...[0m
[1;94m[*] [0mFuzzing test case #93373 (671 total, 0 uniq crashes found)...[0m
[1;94m[*] [0mFuzzing test case #93579 (671 total, 0 uniq crashes found)...[0m
[1;94m[*] [0mFuzzing test case #93587 (672 total, 0 uniq crashes found)...[0m
[1;94m[*] [0mFuzzing test case #93745 (672 total, 0 uniq crashes found)...[0m
[1;94m[*] [0mFuzzing test case #94120 (672 total, 0 uniq crashes found)...[0m
[1;94m[*] [0mFuzzing test case #94149 (672 total, 0 uniq crashes found)...[0m
[1;94m[*] [0mFuzzing test case #94179 (672 total, 0 uniq crashes found)...[0m
[1;94m[*] [0mFuzzing test case #94327 (672 total, 0 uniq crashes found)...[0m
[1;94m[*] [0mFuzzing test case #94464 (672 total, 0 uniq crashes found)...[0m
[1;94m[*] [0mFuzzing test case #94514 (672 total, 0 uniq crashes found)...[0m
[1;94m[*] [0mFuzzing test case #94769 (672 total, 0 uniq crashes found)...[0m
[1;94m[*] [0mFuzzing test case #94779 (672 total, 0 uniq crashes found)...[0m
[1;94m[*] [0mFuzzing test case #94838 (672 total, 0 uniq crashes found)...[0m
[1;94m[*] [0mFuzzing test case #94899 (672 total, 0 uniq crashes found)...[0m
[1;94m[*] [0mFuzzing test case #95117 (672 total, 0 uniq crashes found)...[0m
[1;94m[*] [0mFuzzing test case #95127 (672 total, 0 uniq crashes found)...[0m
[1;94m[*] [0mFuzzing test case #95156 (672 total, 0 uniq crashes found)...[0m
[1;94m[*] [0mFuzzing test case #95176 (672 total, 0 uniq crashes found)...[0m
[1;94m[*] [0mFuzzing test case #95209 (672 total, 0 uniq crashes found)...[0m
[1;94m[*] [0mFuzzing test case #95282 (672 total, 0 uniq crashes found)...[0m
[1;94m[*] [0mFuzzing test case #95329 (672 total, 0 uniq crashes found)...[0m
[1;94m[*] [0mFuzzing test case #95509 (672 total, 0 uniq crashes found)...[0m
[1;94m[*] [0mFuzzing test case #95568 (672 total, 0 uniq crashes found)...[0m
[1;94m[*] [0mFuzzing test case #95844 (672 total, 0 uniq crashes found)...[0m
[1;94m[*] [0mFuzzing test case #95984 (672 total, 0 uniq crashes found)...[0m
[1;94m[*] [0mFuzzing test case #96168 (672 total, 0 uniq crashes found)...[0m
[1;94m[*] [0mFuzzing test case #96215 (672 total, 0 uniq crashes found)...[0m
[1;94m[*] [0mFuzzing test case #96374 (672 total, 0 uniq crashes found)...[0m
[1;94m[*] [0mFuzzing test case #96467 (672 total, 0 uniq crashes found)...[0m
[1;94m[*] [0mFuzzing test case #96494 (672 total, 0 uniq crashes found)...[0m
[1;94m[*] [0mFuzzing test case #96593 (672 total, 0 uniq crashes found)...[0m
[1;94m[*] [0mFuzzing test case #96756 (672 total, 0 uniq crashes found)...[0m
[1;94m[*] [0mFuzzing test case #96783 (672 total, 0 uniq crashes found)...[0m
[1;94m[*] [0mFuzzing test case #96876 (672 total, 0 uniq crashes found)...[0m
[1;94m[*] [0mFuzzing test case #96884 (672 total, 0 uniq crashes found)...[0m
[1;94m[*] [0mFuzzing test case #96916 (672 total, 0 uniq crashes found)...[0m
[1;94m[*] [0mFuzzing test case #96920 (672 total, 0 uniq crashes found)...[0m
[1;94m[*] [0mFuzzing test case #96956 (672 total, 0 uniq crashes found)...[0m
[1;94m[*] [0mFuzzing test case #97040 (672 total, 0 uniq crashes found)...[0m
[1;94m[*] [0mFuzzing test case #97224 (672 total, 0 uniq crashes found)...[0m
[1;94m[*] [0mFuzzing test case #97308 (672 total, 0 uniq crashes found)...[0m
[1;94m[*] [0mFuzzing test case #97515 (672 total, 0 uniq crashes found)...[0m
[1;94m[*] [0mFuzzing test case #97546 (672 total, 0 uniq crashes found)...[0m
[1;94m[*] [0mFuzzing test case #97730 (672 total, 0 uniq crashes found)...[0m
[1;94m[*] [0mFuzzing test case #97754 (672 total, 0 uniq crashes found)...[0m
[1;94m[*] [0mFuzzing test case #97759 (672 total, 0 uniq crashes found)...[0m
[1;94m[*] [0mFuzzing test case #97819 (672 total, 0 uniq crashes found)...[0m
[1;94m[*] [0mFuzzing test case #97859 (672 total, 0 uniq crashes found)...[0m
[1;94m[*] [0mFuzzing test case #97866 (672 total, 0 uniq crashes found)...[0m
[1;94m[*] [0mFuzzing test case #97904 (672 total, 0 uniq crashes found)...[0m
[1;94m[*] [0mFuzzing test case #97999 (672 total, 0 uniq crashes found)...[0m
[1;94m[*] [0mFuzzing test case #98018 (672 total, 0 uniq crashes found)...[0m
[1;94m[*] [0mFuzzing test case #98032 (672 total, 0 uniq crashes found)...[0m
[1;94m[*] [0mFuzzing test case #98092 (672 total, 0 uniq crashes found)...[0m
[1;94m[*] [0mFuzzing test case #98142 (672 total, 0 uniq crashes found)...[0m
[1;94m[*] [0mFuzzing test case #98300 (672 total, 0 uniq crashes found)...[0m
[1;94m[*] [0mFuzzing test case #98307 (672 total, 0 uniq crashes found)...[0m
[1;94m[*] [0mFuzzing test case #98328 (672 total, 0 uniq crashes found)...[0m
[1;94m[*] [0mFuzzing test case #98458 (672 total, 0 uniq crashes found)...[0m
[1;94m[*] [0mFuzzing test case #98512 (672 total, 0 uniq crashes found)...[0m
[1;94m[*] [0mFuzzing test case #98758 (672 total, 0 uniq crashes found)...[0m
[1;94m[*] [0mFuzzing test case #98842 (672 total, 0 uniq crashes found)...[0m
[1;94m[*] [0mFuzzing test case #98860 (672 total, 0 uniq crashes found)...[0m
[1;94m[*] [0mFuzzing test case #99102 (672 total, 0 uniq crashes found)...[0m
[1;94m[*] [0mFuzzing test case #99146 (672 total, 0 uniq crashes found)...[0m
[1;94m[*] [0mFuzzing test case #99152 (672 total, 0 uniq crashes found)...[0m
[1;94m[*] [0mFuzzing test case #99206 (673 total, 0 uniq crashes found)...[0m
[1;94m[*] [0mFuzzing test case #99393 (673 total, 0 uniq crashes found)...[0m
[1;94m[*] [0mFuzzing test case #99533 (673 total, 0 uniq crashes found)...[0m
[1;94m[*] [0mFuzzing test case #99556 (674 total, 0 uniq crashes found)...[0m
[1;94m[*] [0mFuzzing test case #99864 (674 total, 0 uniq crashes found)...[0m
[1;94m[*] [0mFuzzing test case #100076 (674 total, 0 uniq crashes found)...[0m
[1;94m[*] [0mFuzzing test case #100178 (674 total, 0 uniq crashes found)...[0m
[1;94m[*] [0mFuzzing test case #100348 (674 total, 0 uniq crashes found)...[0m
[1;94m[*] [0mFuzzing test case #100432 (674 total, 0 uniq crashes found)...[0m
[1;94m[*] [0mFuzzing test case #100459 (674 total, 0 uniq crashes found)...[0m
[1;94m[*] [0mFuzzing test case #100561 (674 total, 0 uniq crashes found)...[0m
[1;94m[*] [0mFuzzing test case #100706 (674 total, 0 uniq crashes found)...[0m
[1;94m[*] [0mFuzzing test case #100733 (674 total, 0 uniq crashes found)...[0m
[1;94m[*] [0mFuzzing test case #100736 (674 total, 0 uniq crashes found)...[0m
[1;94m[*] [0mFuzzing test case #100850 (674 total, 0 uniq crashes found)...[0m
[1;94m[*] [0mFuzzing test case #100953 (674 total, 0 uniq crashes found)...[0m
[1;94m[*] [0mFuzzing test case #100994 (674 total, 0 uniq crashes found)...[0m
[1;94m[*] [0mFuzzing test case #101006 (674 total, 0 uniq crashes found)...[0m
[1;94m[*] [0mFuzzing test case #101063 (674 total, 0 uniq crashes found)...[0m
[1;94m[*] [0mFuzzing test case #101224 (674 total, 0 uniq crashes found)...[0m
[1;94m[*] [0mFuzzing test case #101292 (674 total, 0 uniq crashes found)...[0m
[1;94m[*] [0mFuzzing test case #101320 (674 total, 0 uniq crashes found)...[0m
[1;94m[*] [0mFuzzing test case #101339 (674 total, 0 uniq crashes found)...[0m
[1;94m[*] [0mFuzzing test case #101493 (674 total, 0 uniq crashes found)...[0m
[1;94m[*] [0mFuzzing test case #101555 (674 total, 0 uniq crashes found)...[0m
[1;94m[*] [0mFuzzing test case #101603 (674 total, 0 uniq crashes found)...[0m
[1;94m[*] [0mFuzzing test case #101675 (674 total, 0 uniq crashes found)...[0m
[1;94m[*] [0mFuzzing test case #101738 (674 total, 0 uniq crashes found)...[0m
[1;94m[*] [0mFuzzing test case #101758 (674 total, 0 uniq crashes found)...[0m
[1;94m[*] [0mFuzzing test case #102113 (674 total, 0 uniq crashes found)...[0m
[1;94m[*] [0mFuzzing test case #102169 (674 total, 0 uniq crashes found)...[0m
[1;94m[*] [0mFuzzing test case #102248 (674 total, 0 uniq crashes found)...[0m
[1;94m[*] [0mFuzzing test case #102297 (674 total, 0 uniq crashes found)...[0m
[1;94m[*] [0mFuzzing test case #102322 (674 total, 0 uniq crashes found)...[0m
[1;94m[*] [0mFuzzing test case #102434 (674 total, 0 uniq crashes found)...[0m
[1;94m[*] [0mFuzzing test case #102506 (674 total, 0 uniq crashes found)...[0m
[1;94m[*] [0mFuzzing test case #102539 (674 total, 0 uniq crashes found)...[0m
[1;94m[*] [0mFuzzing test case #102572 (674 total, 0 uniq crashes found)...[0m
[1;94m[*] [0mFuzzing test case #102764 (674 total, 0 uniq crashes found)...[0m
[1;94m[*] [0mFuzzing test case #102908 (674 total, 0 uniq crashes found)...[0m
[1;94m[*] [0mFuzzing test case #102926 (674 total, 0 uniq crashes found)...[0m
[1;94m[*] [0mFuzzing test case #103029 (674 total, 0 uniq crashes found)...[0m
[1;94m[*] [0mFuzzing test case #103166 (674 total, 0 uniq crashes found)...[0m
[1;94m[*] [0mFuzzing test case #103258 (674 total, 0 uniq crashes found)...[0m
[1;94m[*] [0mFuzzing test case #103328 (674 total, 0 uniq crashes found)...[0m
[1;94m[*] [0mFuzzing test case #103585 (674 total, 0 uniq crashes found)...[0m
[1;94m[*] [0mFuzzing test case #103622 (674 total, 0 uniq crashes found)...[0m
[1;94m[*] [0mFuzzing test case #103758 (674 total, 0 uniq crashes found)...[0m
[1;94m[*] [0mFuzzing test case #103776 (674 total, 0 uniq crashes found)...[0m
[1;94m[*] [0mFuzzing test case #103814 (674 total, 0 uniq crashes found)...[0m
[1;94m[*] [0mFuzzing test case #104329 (674 total, 0 uniq crashes found)...[0m
[1;94m[*] [0mFuzzing test case #104332 (674 total, 0 uniq crashes found)...[0m
[1;94m[*] [0mFuzzing test case #104393 (674 total, 0 uniq crashes found)...[0m
[1;94m[*] [0mFuzzing test case #104416 (674 total, 0 uniq crashes found)...[0m
[1;94m[*] [0mFuzzing test case #104462 (674 total, 0 uniq crashes found)...[0m
[1;94m[*] [0mFuzzing test case #104472 (674 total, 0 uniq crashes found)...[0m
[1;94m[*] [0mFuzzing test case #104973 (674 total, 0 uniq crashes found)...[0m
[1;94m[*] [0mFuzzing test case #105041 (674 total, 0 uniq crashes found)...[0m
[1;94m[*] [0mFuzzing test case #105112 (674 total, 0 uniq crashes found)...[0m
[1;94m[*] [0mFuzzing test case #105269 (674 total, 0 uniq crashes found)...[0m
[1;94m[*] [0mFuzzing test case #105358 (674 total, 0 uniq crashes found)...[0m
[1;94m[*] [0mFuzzing test case #105555 (674 total, 0 uniq crashes found)...[0m
[1;94m[*] [0mFuzzing test case #105600 (674 total, 0 uniq crashes found)...[0m
[1;94m[*] [0mFuzzing test case #105955 (674 total, 0 uniq crashes found)...[0m
[1;94m[*] [0mFuzzing test case #106173 (674 total, 0 uniq crashes found)...[0m
[1;94m[*] [0mFuzzing test case #106214 (674 total, 0 uniq crashes found)...[0m
[1;94m[*] [0mFuzzing test case #106432 (674 total, 0 uniq crashes found)...[0m
[1;94m[*] [0mFuzzing test case #106471 (674 total, 0 uniq crashes found)...[0m
[1;94m[*] [0mFuzzing test case #106515 (674 total, 0 uniq crashes found)...[0m
[1;94m[*] [0mFuzzing test case #106680 (674 total, 0 uniq crashes found)...[0m
[1;94m[*] [0mFuzzing test case #106952 (674 total, 0 uniq crashes found)...[0m
[1;94m[*] [0mFuzzing test case #107012 (674 total, 0 uniq crashes found)...[0m
[1;94m[*] [0mFuzzing test case #107037 (674 total, 0 uniq crashes found)...[0m
[1;94m[*] [0mFuzzing test case #107179 (674 total, 0 uniq crashes found)...[0m
[1;94m[*] [0mFuzzing test case #107219 (674 total, 0 uniq crashes found)...[0m
[1;94m[*] [0mFuzzing test case #107560 (674 total, 0 uniq crashes found)...[0m
[1;94m[*] [0mFuzzing test case #107692 (674 total, 0 uniq crashes found)...[0m
[1;94m[*] [0mFuzzing test case #107931 (674 total, 0 uniq crashes found)...[0m
[1;94m[*] [0mFuzzing test case #107954 (674 total, 0 uniq crashes found)...[0m
[1;94m[*] [0mFuzzing test case #108031 (674 total, 0 uniq crashes found)...[0m
[1;94m[*] [0mFuzzing test case #108052 (674 total, 0 uniq crashes found)...[0m
[1;94m[*] [0mFuzzing test case #108077 (674 total, 0 uniq crashes found)...[0m
[1;94m[*] [0mFuzzing test case #108124 (674 total, 0 uniq crashes found)...[0m
[1;94m[*] [0mFuzzing test case #108130 (674 total, 0 uniq crashes found)...[0m
[1;94m[*] [0mFuzzing test case #108190 (674 total, 0 uniq crashes found)...[0m
[1;94m[*] [0mFuzzing test case #108303 (674 total, 0 uniq crashes found)...[0m
[1;94m[*] [0mFuzzing test case #108304 (674 total, 0 uniq crashes found)...[0m
[1;94m[*] [0mFuzzing test case #108381 (674 total, 0 uniq crashes found)...[0m
[1;94m[*] [0mFuzzing test case #108530 (674 total, 0 uniq crashes found)...[0m
[1;94m[*] [0mFuzzing test case #108741 (674 total, 0 uniq crashes found)...[0m
[1;94m[*] [0mFuzzing test case #108752 (674 total, 0 uniq crashes found)...[0m
[1;94m[*] [0mFuzzing test case #108758 (674 total, 0 uniq crashes found)...[0m
[1;94m[*] [0mFuzzing test case #109142 (674 total, 0 uniq crashes found)...[0m
[1;94m[*] [0mFuzzing test case #109223 (674 total, 0 uniq crashes found)...[0m
[1;94m[*] [0mFuzzing test case #109397 (674 total, 0 uniq crashes found)...[0m
[1;94m[*] [0mFuzzing test case #109451 (674 total, 0 uniq crashes found)...[0m
[1;94m[*] [0mFuzzing test case #109540 (674 total, 0 uniq crashes found)...[0m
[1;94m[*] [0mFuzzing test case #109578 (674 total, 0 uniq crashes found)...[0m
[1;94m[*] [0mFuzzing test case #110181 (674 total, 0 uniq crashes found)...[0m
[1;94m[*] [0mFuzzing test case #110232 (674 total, 0 uniq crashes found)...[0m
[1;94m[*] [0mFuzzing test case #110303 (674 total, 0 uniq crashes found)...[0m
[1;94m[*] [0mFuzzing test case #110366 (674 total, 0 uniq crashes found)...[0m
[1;94m[*] [0mFuzzing test case #110663 (674 total, 0 uniq crashes found)...[0m
[1;94m[*] [0mFuzzing test case #110850 (674 total, 0 uniq crashes found)...[0m
[1;94m[*] [0mFuzzing test case #110882 (674 total, 0 uniq crashes found)...[0m
[1;94m[*] [0mFuzzing test case #110890 (674 total, 0 uniq crashes found)...[0m
[1;94m[*] [0mFuzzing test case #110923 (674 total, 0 uniq crashes found)...[0m
[1;94m[*] [0mFuzzing test case #111186 (674 total, 0 uniq crashes found)...[0m
[1;94m[*] [0mFuzzing test case #111353 (674 total, 0 uniq crashes found)...[0m
[1;94m[*] [0mFuzzing test case #111507 (674 total, 0 uniq crashes found)...[0m
[1;94m[*] [0mFuzzing test case #111585 (674 total, 0 uniq crashes found)...[0m
[1;94m[*] [0mFuzzing test case #111588 (674 total, 0 uniq crashes found)...[0m
[1;94m[*] [0mFuzzing test case #111641 (674 total, 0 uniq crashes found)...[0m
[1;94m[*] [0mFuzzing test case #111701 (674 total, 0 uniq crashes found)...[0m
[1;94m[*] [0mFuzzing test case #111733 (674 total, 0 uniq crashes found)...[0m
[1;94m[*] [0mFuzzing test case #111753 (674 total, 0 uniq crashes found)...[0m
[1;94m[*] [0mFuzzing test case #111787 (674 total, 0 uniq crashes found)...[0m
[1;94m[*] [0mFuzzing test case #111840 (674 total, 0 uniq crashes found)...[0m
[1;94m[*] [0mFuzzing test case #112002 (674 total, 0 uniq crashes found)...[0m
[1;94m[*] [0mFuzzing test case #112185 (674 total, 0 uniq crashes found)...[0m
[1;94m[*] [0mFuzzing test case #112229 (675 total, 0 uniq crashes found)...[0m
[1;94m[*] [0mFuzzing test case #112308 (675 total, 0 uniq crashes found)...[0m
[1;94m[*] [0mFuzzing test case #112325 (675 total, 0 uniq crashes found)...[0m
[1;94m[*] [0mFuzzing test case #112349 (675 total, 0 uniq crashes found)...[0m
[1;94m[*] [0mFuzzing test case #112393 (675 total, 0 uniq crashes found)...[0m
[1;94m[*] [0mFuzzing test case #112447 (675 total, 0 uniq crashes found)...[0m
[1;94m[*] [0mFuzzing test case #112462 (675 total, 0 uniq crashes found)...[0m
[1;94m[*] [0mFuzzing test case #112474 (675 total, 0 uniq crashes found)...[0m
[1;94m[*] [0mFuzzing test case #112512 (675 total, 0 uniq crashes found)...[0m
[1;94m[*] [0mFuzzing test case #112997 (675 total, 0 uniq crashes found)...[0m
[1;94m[*] [0mFuzzing test case #113043 (675 total, 0 uniq crashes found)...[0m
[1;94m[*] [0mFuzzing test case #113090 (675 total, 0 uniq crashes found)...[0m
[1;94m[*] [0mFuzzing test case #113129 (675 total, 0 uniq crashes found)...[0m
[1;94m[*] [0mFuzzing test case #113184 (675 total, 0 uniq crashes found)...[0m
[1;94m[*] [0mFuzzing test case #113372 (675 total, 0 uniq crashes found)...[0m
[1;94m[*] [0mFuzzing test case #113476 (675 total, 0 uniq crashes found)...[0m
[1;94m[*] [0mFuzzing test case #113720 (675 total, 0 uniq crashes found)...[0m
[1;94m[*] [0mFuzzing test case #113825 (675 total, 0 uniq crashes found)...[0m
[1;94m[*] [0mFuzzing test case #113866 (675 total, 0 uniq crashes found)...[0m
[1;94m[*] [0mFuzzing test case #113912 (675 total, 0 uniq crashes found)...[0m
[1;94m[*] [0mFuzzing test case #113951 (675 total, 0 uniq crashes found)...[0m
[1;94m[*] [0mFuzzing test case #114086 (675 total, 0 uniq crashes found)...[0m
[1;94m[*] [0mFuzzing test case #114117 (675 total, 0 uniq crashes found)...[0m
[1;94m[*] [0mFuzzing test case #114153 (675 total, 0 uniq crashes found)...[0m
[1;94m[*] [0mFuzzing test case #114279 (675 total, 0 uniq crashes found)...[0m
[1;94m[*] [0mFuzzing test case #114489 (675 total, 0 uniq crashes found)...[0m
[1;94m[*] [0mFuzzing test case #114520 (675 total, 0 uniq crashes found)...[0m
[1;94m[*] [0mFuzzing test case #114635 (675 total, 0 uniq crashes found)...[0m
[1;94m[*] [0mFuzzing test case #114679 (675 total, 0 uniq crashes found)...[0m
[1;94m[*] [0mFuzzing test case #114951 (675 total, 0 uniq crashes found)...[0m
[1;94m[*] [0mFuzzing test case #115051 (676 total, 0 uniq crashes found)...[0m
[1;94m[*] [0mFuzzing test case #115074 (676 total, 0 uniq crashes found)...[0m
[1;94m[*] [0mFuzzing test case #115087 (676 total, 0 uniq crashes found)...[0m
[1;94m[*] [0mFuzzing test case #115115 (676 total, 0 uniq crashes found)...[0m
[1;94m[*] [0mFuzzing test case #115207 (676 total, 0 uniq crashes found)...[0m
[1;94m[*] [0mFuzzing test case #115224 (676 total, 0 uniq crashes found)...[0m
[1;94m[*] [0mFuzzing test case #115366 (676 total, 0 uniq crashes found)...[0m
[1;94m[*] [0mFuzzing test case #115376 (676 total, 0 uniq crashes found)...[0m
[1;94m[*] [0mFuzzing test case #115452 (676 total, 0 uniq crashes found)...[0m
[1;94m[*] [0mFuzzing test case #115477 (676 total, 0 uniq crashes found)...[0m
[1;94m[*] [0mFuzzing test case #115588 (676 total, 0 uniq crashes found)...[0m
[1;94m[*] [0mFuzzing test case #115728 (676 total, 0 uniq crashes found)...[0m
[1;94m[*] [0mFuzzing test case #116130 (676 total, 0 uniq crashes found)...[0m
[1;94m[*] [0mFuzzing test case #116137 (676 total, 0 uniq crashes found)...[0m
[1;94m[*] [0mFuzzing test case #116252 (676 total, 0 uniq crashes found)...[0m
[1;94m[*] [0mFuzzing test case #116274 (676 total, 0 uniq crashes found)...[0m
[1;94m[*] [0mFuzzing test case #116279 (676 total, 0 uniq crashes found)...[0m
[1;94m[*] [0mFuzzing test case #116300 (676 total, 0 uniq crashes found)...[0m
[1;94m[*] [0mFuzzing test case #116495 (676 total, 0 uniq crashes found)...[0m
[1;94m[*] [0mFuzzing test case #116552 (676 total, 0 uniq crashes found)...[0m
[1;94m[*] [0mFuzzing test case #116561 (676 total, 0 uniq crashes found)...[0m
[1;94m[*] [0mFuzzing test case #116675 (676 total, 0 uniq crashes found)...[0m
[1;94m[*] [0mFuzzing test case #116780 (676 total, 0 uniq crashes found)...[0m
[1;94m[*] [0mFuzzing test case #117112 (676 total, 0 uniq crashes found)...[0m
[1;94m[*] [0mFuzzing test case #117122 (676 total, 0 uniq crashes found)...[0m
[1;94m[*] [0mFuzzing test case #117126 (676 total, 0 uniq crashes found)...[0m
[1;94m[*] [0mFuzzing test case #117176 (676 total, 0 uniq crashes found)...[0m
[1;94m[*] [0mFuzzing test case #117180 (676 total, 0 uniq crashes found)...[0m
[1;94m[*] [0mFuzzing test case #117551 (676 total, 0 uniq crashes found)...[0m
[1;94m[*] [0mFuzzing test case #117638 (676 total, 0 uniq crashes found)...[0m
[1;94m[*] [0mFuzzing test case #117655 (676 total, 0 uniq crashes found)...[0m
[1;94m[*] [0mFuzzing test case #117710 (676 total, 0 uniq crashes found)...[0m
[1;94m[*] [0mFuzzing test case #117836 (676 total, 0 uniq crashes found)...[0m
[1;94m[*] [0mFuzzing test case #117840 (676 total, 0 uniq crashes found)...[0m
[1;94m[*] [0mFuzzing test case #117923 (676 total, 0 uniq crashes found)...[0m
[1;94m[*] [0mFuzzing test case #118117 (676 total, 0 uniq crashes found)...[0m
[1;94m[*] [0mFuzzing test case #118147 (676 total, 0 uniq crashes found)...[0m
[1;94m[*] [0mFuzzing test case #118270 (676 total, 0 uniq crashes found)...[0m
[1;94m[*] [0mFuzzing test case #118347 (676 total, 0 uniq crashes found)...[0m
[1;94m[*] [0mFuzzing test case #118484 (676 total, 0 uniq crashes found)...[0m
[1;94m[*] [0mFuzzing test case #118546 (677 total, 0 uniq crashes found)...[0m
[1;94m[*] [0mFuzzing test case #118584 (677 total, 0 uniq crashes found)...[0m
[1;94m[*] [0mFuzzing test case #118610 (677 total, 0 uniq crashes found)...[0m
[1;94m[*] [0mFuzzing test case #118684 (677 total, 0 uniq crashes found)...[0m
[1;94m[*] [0mFuzzing test case #119043 (677 total, 0 uniq crashes found)...[0m
[1;94m[*] [0mFuzzing test case #119076 (677 total, 0 uniq crashes found)...[0m
[1;94m[*] [0mFuzzing test case #119090 (677 total, 0 uniq crashes found)...[0m
[1;94m[*] [0mFuzzing test case #119330 (677 total, 0 uniq crashes found)...[0m
[1;94m[*] [0mFuzzing test case #119531 (677 total, 0 uniq crashes found)...[0m
[1;94m[*] [0mFuzzing test case #119588 (677 total, 0 uniq crashes found)...[0m
[1;94m[*] [0mFuzzing test case #119684 (677 total, 0 uniq crashes found)...[0m
[1;94m[*] [0mFuzzing test case #119834 (677 total, 0 uniq crashes found)...[0m
[1;94m[*] [0mFuzzing test case #120132 (677 total, 0 uniq crashes found)...[0m
[1;94m[*] [0mFuzzing test case #120225 (677 total, 0 uniq crashes found)...[0m
[1;94m[*] [0mFuzzing test case #120327 (677 total, 0 uniq crashes found)...[0m
[1;94m[*] [0mFuzzing test case #120579 (677 total, 0 uniq crashes found)...[0m
[1;94m[*] [0mFuzzing test case #120669 (677 total, 0 uniq crashes found)...[0m
[1;94m[*] [0mFuzzing test case #120737 (677 total, 0 uniq crashes found)...[0m
[1;94m[*] [0mFuzzing test case #120903 (677 total, 0 uniq crashes found)...[0m
[1;94m[*] [0mFuzzing test case #120931 (677 total, 0 uniq crashes found)...[0m
[1;94m[*] [0mFuzzing test case #120953 (677 total, 0 uniq crashes found)...[0m
[1;94m[*] [0mFuzzing test case #121072 (677 total, 0 uniq crashes found)...[0m
[1;94m[*] [0mFuzzing test case #121135 (677 total, 0 uniq crashes found)...[0m
[1;94m[*] [0mFuzzing test case #121171 (677 total, 0 uniq crashes found)...[0m
[1;94m[*] [0mFuzzing test case #121411 (677 total, 0 uniq crashes found)...[0m
[1;94m[*] [0mFuzzing test case #121466 (677 total, 0 uniq crashes found)...[0m
[1;94m[*] [0mFuzzing test case #121586 (677 total, 0 uniq crashes found)...[0m
[1;94m[*] [0mFuzzing test case #121625 (677 total, 0 uniq crashes found)...[0m
[1;94m[*] [0mFuzzing test case #121657 (677 total, 0 uniq crashes found)...[0m
[1;94m[*] [0mFuzzing test case #121667 (677 total, 0 uniq crashes found)...[0m
[1;94m[*] [0mFuzzing test case #121763 (677 total, 0 uniq crashes found)...[0m
[1;94m[*] [0mFuzzing test case #121851 (677 total, 0 uniq crashes found)...[0m
[1;94m[*] [0mFuzzing test case #122068 (677 total, 0 uniq crashes found)...[0m
[1;94m[*] [0mFuzzing test case #122266 (677 total, 0 uniq crashes found)...[0m
[1;94m[*] [0mFuzzing test case #122273 (677 total, 0 uniq crashes found)...[0m
[1;94m[*] [0mFuzzing test case #122366 (677 total, 0 uniq crashes found)...[0m
[1;94m[*] [0mFuzzing test case #122380 (677 total, 0 uniq crashes found)...[0m
[1;94m[*] [0mFuzzing test case #122434 (677 total, 0 uniq crashes found)...[0m
[1;94m[*] [0mFuzzing test case #122496 (677 total, 0 uniq crashes found)...[0m
[1;94m[*] [0mFuzzing test case #122544 (677 total, 0 uniq crashes found)...[0m
[1;94m[*] [0mFuzzing test case #122569 (677 total, 0 uniq crashes found)...[0m
[1;94m[*] [0mFuzzing test case #122734 (677 total, 0 uniq crashes found)...[0m
[1;94m[*] [0mFuzzing test case #122850 (677 total, 0 uniq crashes found)...[0m
[1;94m[*] [0mFuzzing test case #123172 (677 total, 0 uniq crashes found)...[0m
[1;94m[*] [0mFuzzing test case #123247 (677 total, 0 uniq crashes found)...[0m
[1;94m[*] [0mFuzzing test case #123265 (677 total, 0 uniq crashes found)...[0m
[1;94m[*] [0mFuzzing test case #123494 (677 total, 0 uniq crashes found)...[0m
[1;94m[*] [0mFuzzing test case #123699 (677 total, 0 uniq crashes found)...[0m
[1;94m[*] [0mFuzzing test case #123703 (677 total, 0 uniq crashes found)...[0m
[1;94m[*] [0mFuzzing test case #123781 (677 total, 0 uniq crashes found)...[0m
[1;94m[*] [0mFuzzing test case #123789 (677 total, 0 uniq crashes found)...[0m
[1;94m[*] [0mFuzzing test case #123819 (677 total, 0 uniq crashes found)...[0m
[1;94m[*] [0mFuzzing test case #123999 (677 total, 0 uniq crashes found)...[0m
[1;94m[*] [0mFuzzing test case #124036 (677 total, 0 uniq crashes found)...[0m
[1;94m[*] [0mFuzzing test case #124071 (677 total, 0 uniq crashes found)...[0m
[1;94m[*] [0mFuzzing test case #124329 (677 total, 0 uniq crashes found)...[0m
[1;94m[*] [0mFuzzing test case #124333 (677 total, 0 uniq crashes found)...[0m
[1;94m[*] [0mFuzzing test case #124365 (677 total, 0 uniq crashes found)...[0m
[1;94m[*] [0mFuzzing test case #124461 (677 total, 0 uniq crashes found)...[0m
[1;94m[*] [0mFuzzing test case #124468 (677 total, 0 uniq crashes found)...[0m
[1;94m[*] [0mFuzzing test case #124622 (677 total, 0 uniq crashes found)...[0m
[1;94m[*] [0mFuzzing test case #124645 (677 total, 0 uniq crashes found)...[0m
[1;94m[*] [0mFuzzing test case #124856 (677 total, 0 uniq crashes found)...[0m
[1;94m[*] [0mFuzzing test case #124893 (677 total, 0 uniq crashes found)...[0m
[1;94m[*] [0mFuzzing test case #125189 (677 total, 0 uniq crashes found)...[0m
[1;94m[*] [0mFuzzing test case #125211 (677 total, 0 uniq crashes found)...[0m
[1;94m[*] [0mFuzzing test case #125247 (677 total, 0 uniq crashes found)...[0m
[1;94m[*] [0mFuzzing test case #125320 (677 total, 0 uniq crashes found)...[0m
[1;94m[*] [0mFuzzing test case #125412 (677 total, 0 uniq crashes found)...[0m
[1;94m[*] [0mFuzzing test case #125435 (677 total, 0 uniq crashes found)...[0m
[1;94m[*] [0mFuzzing test case #125489 (677 total, 0 uniq crashes found)...[0m
[1;94m[*] [0mFuzzing test case #125523 (677 total, 0 uniq crashes found)...[0m
[1;94m[*] [0mFuzzing test case #125626 (677 total, 0 uniq crashes found)...[0m
[1;94m[*] [0mFuzzing test case #125719 (677 total, 0 uniq crashes found)...[0m
[1;94m[*] [0mFuzzing test case #125723 (677 total, 0 uniq crashes found)...[0m
[1;94m[*] [0mFuzzing test case #125787 (677 total, 0 uniq crashes found)...[0m
[1;94m[*] [0mFuzzing test case #126091 (677 total, 0 uniq crashes found)...[0m
[1;94m[*] [0mFuzzing test case #126309 (677 total, 0 uniq crashes found)...[0m
[1;94m[*] [0mFuzzing test case #126412 (677 total, 0 uniq crashes found)...[0m
[1;94m[*] [0mFuzzing test case #126514 (677 total, 0 uniq crashes found)...[0m
[1;94m[*] [0mFuzzing test case #126563 (677 total, 0 uniq crashes found)...[0m
[1;94m[*] [0mFuzzing test case #126614 (677 total, 0 uniq crashes found)...[0m
[1;94m[*] [0mFuzzing test case #126707 (677 total, 0 uniq crashes found)...[0m
[1;94m[*] [0mFuzzing test case #126741 (677 total, 0 uniq crashes found)...[0m
[1;94m[*] [0mFuzzing test case #126751 (677 total, 0 uniq crashes found)...[0m
[1;94m[*] [0mFuzzing test case #126776 (677 total, 0 uniq crashes found)...[0m
[1;94m[*] [0mFuzzing test case #126997 (677 total, 0 uniq crashes found)...[0m
[1;94m[*] [0mFuzzing test case #127067 (677 total, 0 uniq crashes found)...[0m
[1;94m[*] [0mFuzzing test case #127238 (677 total, 0 uniq crashes found)...[0m
[1;94m[*] [0mFuzzing test case #127276 (677 total, 0 uniq crashes found)...[0m
[1;94m[*] [0mFuzzing test case #127380 (677 total, 0 uniq crashes found)...[0m
[1;94m[*] [0mFuzzing test case #127539 (677 total, 0 uniq crashes found)...[0m
[1;94m[*] [0mFuzzing test case #127668 (677 total, 0 uniq crashes found)...[0m
[1;94m[*] [0mFuzzing test case #127672 (677 total, 0 uniq crashes found)...[0m
[1;94m[*] [0mFuzzing test case #127843 (677 total, 0 uniq crashes found)...[0m
[1;94m[*] [0mFuzzing test case #127853 (677 total, 0 uniq crashes found)...[0m
[1;94m[*] [0mFuzzing test case #127975 (677 total, 0 uniq crashes found)...[0m
[1;94m[*] [0mFuzzing test case #128022 (677 total, 0 uniq crashes found)...[0m
[1;94m[*] [0mFuzzing test case #128173 (677 total, 0 uniq crashes found)...[0m
[1;94m[*] [0mFuzzing test case #128529 (677 total, 0 uniq crashes found)...[0m
[1;94m[*] [0mFuzzing test case #128621 (677 total, 0 uniq crashes found)...[0m
[1;94m[*] [0mFuzzing test case #128958 (677 total, 0 uniq crashes found)...[0m
[1;94m[*] [0mFuzzing test case #128985 (677 total, 0 uniq crashes found)...[0m
[1;94m[*] [0mFuzzing test case #129017 (677 total, 0 uniq crashes found)...[0m
[1;94m[*] [0mFuzzing test case #129023 (677 total, 0 uniq crashes found)...[0m
[1;94m[*] [0mFuzzing test case #129054 (679 total, 0 uniq crashes found)...[0m
[1;94m[*] [0mFuzzing test case #129146 (679 total, 0 uniq crashes found)...[0m
[1;94m[*] [0mFuzzing test case #129152 (679 total, 0 uniq crashes found)...[0m
[1;94m[*] [0mFuzzing test case #129193 (679 total, 0 uniq crashes found)...[0m
[1;94m[*] [0mFuzzing test case #129298 (679 total, 0 uniq crashes found)...[0m
[1;94m[*] [0mFuzzing test case #129438 (679 total, 0 uniq crashes found)...[0m
[1;94m[*] [0mFuzzing test case #129636 (679 total, 0 uniq crashes found)...[0m
[1;94m[*] [0mFuzzing test case #129826 (679 total, 0 uniq crashes found)...[0m
[1;94m[*] [0mFuzzing test case #129841 (679 total, 0 uniq crashes found)...[0m
[1;94m[*] [0mFuzzing test case #130259 (679 total, 0 uniq crashes found)...[0m
[1;94m[*] [0mFuzzing test case #130267 (679 total, 0 uniq crashes found)...[0m
[1;94m[*] [0mFuzzing test case #130316 (679 total, 0 uniq crashes found)...[0m
[1;94m[*] [0mFuzzing test case #130439 (679 total, 0 uniq crashes found)...[0m
[1;94m[*] [0mFuzzing test case #130455 (679 total, 0 uniq crashes found)...[0m
[1;94m[*] [0mFuzzing test case #130670 (679 total, 0 uniq crashes found)...[0m
[1;94m[*] [0mFuzzing test case #130740 (679 total, 0 uniq crashes found)...[0m
[1;94m[*] [0mFuzzing test case #130888 (679 total, 0 uniq crashes found)...[0m
[1;94m[*] [0mFuzzing test case #131061 (679 total, 0 uniq crashes found)...[0m
[1;94m[*] [0mFuzzing test case #131163 (679 total, 0 uniq crashes found)...[0m
[1;94m[*] [0mFuzzing test case #131284 (679 total, 0 uniq crashes found)...[0m
[1;94m[*] [0mFuzzing test case #131511 (679 total, 0 uniq crashes found)...[0m
[1;94m[*] [0mFuzzing test case #131756 (679 total, 0 uniq crashes found)...[0m
[1;94m[*] [0mFuzzing test case #131773 (679 total, 0 uniq crashes found)...[0m
[1;94m[*] [0mFuzzing test case #131817 (679 total, 0 uniq crashes found)...[0m
[1;94m[*] [0mFuzzing test case #131920 (679 total, 0 uniq crashes found)...[0m
[1;94m[*] [0mFuzzing test case #132157 (679 total, 0 uniq crashes found)...[0m
[1;94m[*] [0mFuzzing test case #132173 (679 total, 0 uniq crashes found)...[0m
[1;94m[*] [0mFuzzing test case #132211 (679 total, 0 uniq crashes found)...[0m
[1;94m[*] [0mFuzzing test case #132296 (679 total, 0 uniq crashes found)...[0m
[1;94m[*] [0mFuzzing test case #132533 (679 total, 0 uniq crashes found)...[0m
[1;94m[*] [0mFuzzing test case #132553 (679 total, 0 uniq crashes found)...[0m
[1;94m[*] [0mFuzzing test case #132677 (679 total, 0 uniq crashes found)...[0m
[1;94m[*] [0mFuzzing test case #132680 (679 total, 0 uniq crashes found)...[0m
[1;94m[*] [0mFuzzing test case #132695 (679 total, 0 uniq crashes found)...[0m
[1;94m[*] [0mFuzzing test case #132964 (679 total, 0 uniq crashes found)...[0m
[1;94m[*] [0mFuzzing test case #132998 (679 total, 0 uniq crashes found)...[0m
[1;94m[*] [0mFuzzing test case #133219 (679 total, 0 uniq crashes found)...[0m
[1;94m[*] [0mFuzzing test case #133411 (679 total, 0 uniq crashes found)...[0m
[1;94m[*] [0mFuzzing test case #133506 (679 total, 0 uniq crashes found)...[0m
[1;94m[*] [0mFuzzing test case #133507 (679 total, 0 uniq crashes found)...[0m
[1;94m[*] [0mFuzzing test case #133776 (679 total, 0 uniq crashes found)...[0m
[1;94m[*] [0mFuzzing test case #133789 (679 total, 0 uniq crashes found)...[0m
[1;94m[*] [0mFuzzing test case #133796 (679 total, 0 uniq crashes found)...[0m
[1;94m[*] [0mFuzzing test case #133838 (679 total, 0 uniq crashes found)...[0m
[1;94m[*] [0mFuzzing test case #133893 (679 total, 0 uniq crashes found)...[0m
[1;94m[*] [0mFuzzing test case #133936 (679 total, 0 uniq crashes found)...[0m
[1;94m[*] [0mFuzzing test case #134071 (679 total, 0 uniq crashes found)...[0m
[1;94m[*] [0mFuzzing test case #134127 (679 total, 0 uniq crashes found)...[0m
[1;94m[*] [0mFuzzing test case #134205 (679 total, 0 uniq crashes found)...[0m
[1;94m[*] [0mFuzzing test case #134243 (679 total, 0 uniq crashes found)...[0m
[1;94m[*] [0mFuzzing test case #134357 (679 total, 0 uniq crashes found)...[0m
[1;94m[*] [0mFuzzing test case #134471 (679 total, 0 uniq crashes found)...[0m
[1;94m[*] [0mFuzzing test case #134478 (679 total, 0 uniq crashes found)...[0m
[1;94m[*] [0mFuzzing test case #134754 (679 total, 0 uniq crashes found)...[0m
[1;94m[*] [0mFuzzing test case #134990 (679 total, 0 uniq crashes found)...[0m
[1;94m[*] [0mFuzzing test case #135056 (679 total, 0 uniq crashes found)...[0m
[1;94m[*] [0mFuzzing test case #135100 (679 total, 0 uniq crashes found)...[0m
[1;94m[*] [0mFuzzing test case #135136 (679 total, 0 uniq crashes found)...[0m
[1;94m[*] [0mFuzzing test case #135176 (679 total, 0 uniq crashes found)...[0m
[1;94m[*] [0mFuzzing test case #135219 (679 total, 0 uniq crashes found)...[0m
[1;94m[*] [0mFuzzing test case #135279 (679 total, 0 uniq crashes found)...[0m
[1;94m[*] [0mFuzzing test case #135329 (679 total, 0 uniq crashes found)...[0m
[1;94m[*] [0mFuzzing test case #135588 (679 total, 0 uniq crashes found)...[0m
[1;94m[*] [0mFuzzing test case #135609 (679 total, 0 uniq crashes found)...[0m
[1;94m[*] [0mFuzzing test case #135668 (679 total, 0 uniq crashes found)...[0m
[1;94m[*] [0mFuzzing test case #135709 (679 total, 0 uniq crashes found)...[0m
[1;94m[*] [0mFuzzing test case #135714 (679 total, 0 uniq crashes found)...[0m
[1;94m[*] [0mFuzzing test case #135807 (679 total, 0 uniq crashes found)...[0m
[1;94m[*] [0mFuzzing test case #136019 (679 total, 0 uniq crashes found)...[0m
[1;94m[*] [0mFuzzing test case #136033 (679 total, 0 uniq crashes found)...[0m
[1;94m[*] [0mFuzzing test case #136068 (679 total, 0 uniq crashes found)...[0m
[1;94m[*] [0mFuzzing test case #136076 (679 total, 0 uniq crashes found)...[0m
[1;94m[*] [0mFuzzing test case #136102 (679 total, 0 uniq crashes found)...[0m
[1;94m[*] [0mFuzzing test case #136117 (679 total, 0 uniq crashes found)...[0m
[1;94m[*] [0mFuzzing test case #136536 (679 total, 0 uniq crashes found)...[0m
[1;94m[*] [0mFuzzing test case #136541 (679 total, 0 uniq crashes found)...[0m
[1;94m[*] [0mFuzzing test case #136609 (679 total, 0 uniq crashes found)...[0m
[1;94m[*] [0mFuzzing test case #136626 (679 total, 0 uniq crashes found)...[0m
[1;94m[*] [0mFuzzing test case #136671 (679 total, 0 uniq crashes found)...[0m
[1;94m[*] [0mFuzzing test case #136722 (679 total, 0 uniq crashes found)...[0m
[1;94m[*] [0mFuzzing test case #136995 (679 total, 0 uniq crashes found)...[0m
[1;94m[*] [0mFuzzing test case #137037 (679 total, 0 uniq crashes found)...[0m
[1;94m[*] [0mFuzzing test case #137045 (679 total, 0 uniq crashes found)...[0m
[1;94m[*] [0mFuzzing test case #137219 (679 total, 0 uniq crashes found)...[0m
[1;94m[*] [0mFuzzing test case #137311 (679 total, 0 uniq crashes found)...[0m
[1;94m[*] [0mFuzzing test case #137318 (679 total, 0 uniq crashes found)...[0m
[1;94m[*] [0mFuzzing test case #137499 (679 total, 0 uniq crashes found)...[0m
[1;94m[*] [0mFuzzing test case #137669 (679 total, 0 uniq crashes found)...[0m
[1;94m[*] [0mFuzzing test case #137694 (679 total, 0 uniq crashes found)...[0m
[1;94m[*] [0mFuzzing test case #137722 (679 total, 0 uniq crashes found)...[0m
[1;94m[*] [0mFuzzing test case #138152 (679 total, 0 uniq crashes found)...[0m
[1;94m[*] [0mFuzzing test case #138427 (679 total, 0 uniq crashes found)...[0m
[1;94m[*] [0mFuzzing test case #138472 (679 total, 0 uniq crashes found)...[0m
[1;94m[*] [0mFuzzing test case #138483 (679 total, 0 uniq crashes found)...[0m
[1;94m[*] [0mFuzzing test case #138630 (679 total, 0 uniq crashes found)...[0m
[1;94m[*] [0mFuzzing test case #138729 (679 total, 0 uniq crashes found)...[0m
[1;94m[*] [0mFuzzing test case #138756 (679 total, 0 uniq crashes found)...[0m
[1;94m[*] [0mFuzzing test case #138892 (679 total, 0 uniq crashes found)...[0m
[1;94m[*] [0mFuzzing test case #139002 (679 total, 0 uniq crashes found)...[0m
[1;94m[*] [0mFuzzing test case #139112 (679 total, 0 uniq crashes found)...[0m
[1;94m[*] [0mFuzzing test case #139191 (679 total, 0 uniq crashes found)...[0m
[1;94m[*] [0mFuzzing test case #139251 (679 total, 0 uniq crashes found)...[0m
[1;94m[*] [0mFuzzing test case #139297 (679 total, 0 uniq crashes found)...[0m
[1;94m[*] [0mFuzzing test case #139494 (679 total, 0 uniq crashes found)...[0m
[1;94m[*] [0mFuzzing test case #139773 (679 total, 0 uniq crashes found)...[0m
[1;94m[*] [0mFuzzing test case #139790 (679 total, 0 uniq crashes found)...[0m
[1;94m[*] [0mFuzzing test case #139864 (679 total, 0 uniq crashes found)...[0m
[1;94m[*] [0mFuzzing test case #140005 (679 total, 0 uniq crashes found)...[0m
[1;94m[*] [0mFuzzing test case #140123 (679 total, 0 uniq crashes found)...[0m
[1;94m[*] [0mFuzzing test case #140128 (679 total, 0 uniq crashes found)...[0m
[1;94m[*] [0mFuzzing test case #140141 (679 total, 0 uniq crashes found)...[0m
[1;94m[*] [0mFuzzing test case #140158 (679 total, 0 uniq crashes found)...[0m
[1;94m[*] [0mFuzzing test case #140203 (679 total, 0 uniq crashes found)...[0m
[1;94m[*] [0mFuzzing test case #140230 (679 total, 0 uniq crashes found)...[0m
[1;94m[*] [0mFuzzing test case #140273 (679 total, 0 uniq crashes found)...[0m
[1;94m[*] [0mFuzzing test case #140355 (679 total, 0 uniq crashes found)...[0m
[1;94m[*] [0mFuzzing test case #140440 (679 total, 0 uniq crashes found)...[0m
[1;94m[*] [0mFuzzing test case #140618 (679 total, 0 uniq crashes found)...[0m
[1;94m[*] [0mFuzzing test case #140730 (679 total, 0 uniq crashes found)...[0m
[1;94m[*] [0mFuzzing test case #140735 (679 total, 0 uniq crashes found)...[0m
[1;94m[*] [0mFuzzing test case #140858 (679 total, 0 uniq crashes found)...[0m
[1;94m[*] [0mFuzzing test case #140931 (679 total, 0 uniq crashes found)...[0m
[1;94m[*] [0mFuzzing test case #140989 (679 total, 0 uniq crashes found)...[0m
[1;94m[*] [0mFuzzing test case #141002 (679 total, 0 uniq crashes found)...[0m
[1;94m[*] [0mFuzzing test case #141021 (679 total, 0 uniq crashes found)...[0m
[1;94m[*] [0mFuzzing test case #141166 (679 total, 0 uniq crashes found)...[0m
[1;94m[*] [0mFuzzing test case #141223 (679 total, 0 uniq crashes found)...[0m
[1;94m[*] [0mFuzzing test case #141327 (679 total, 0 uniq crashes found)...[0m
[1;94m[*] [0mFuzzing test case #141408 (679 total, 0 uniq crashes found)...[0m
[1;94m[*] [0mFuzzing test case #141498 (679 total, 0 uniq crashes found)...[0m
[1;94m[*] [0mFuzzing test case #141531 (679 total, 0 uniq crashes found)...[0m
[1;94m[*] [0mFuzzing test case #141542 (679 total, 0 uniq crashes found)...[0m
[1;94m[*] [0mFuzzing test case #141581 (679 total, 0 uniq crashes found)...[0m
[1;94m[*] [0mFuzzing test case #141586 (679 total, 0 uniq crashes found)...[0m
[1;94m[*] [0mFuzzing test case #141994 (679 total, 0 uniq crashes found)...[0m
[1;94m[*] [0mFuzzing test case #142146 (679 total, 0 uniq crashes found)...[0m
[1;94m[*] [0mFuzzing test case #142290 (679 total, 0 uniq crashes found)...[0m
[1;94m[*] [0mFuzzing test case #142339 (679 total, 0 uniq crashes found)...[0m
[1;94m[*] [0mFuzzing test case #142343 (679 total, 0 uniq crashes found)...[0m
[1;94m[*] [0mFuzzing test case #142498 (679 total, 0 uniq crashes found)...[0m
[1;94m[*] [0mFuzzing test case #142534 (679 total, 0 uniq crashes found)...[0m
[1;94m[*] [0mFuzzing test case #142630 (679 total, 0 uniq crashes found)...[0m
[1;94m[*] [0mFuzzing test case #142946 (679 total, 0 uniq crashes found)...[0m
[1;94m[*] [0mFuzzing test case #143016 (679 total, 0 uniq crashes found)...[0m
[1;94m[*] [0mFuzzing test case #143027 (679 total, 0 uniq crashes found)...[0m
[1;94m[*] [0mFuzzing test case #143050 (679 total, 0 uniq crashes found)...[0m
[1;94m[*] [0mFuzzing test case #143176 (679 total, 0 uniq crashes found)...[0m
[1;94m[*] [0mFuzzing test case #143299 (679 total, 0 uniq crashes found)...[0m
[1;94m[*] [0mFuzzing test case #143400 (679 total, 0 uniq crashes found)...[0m
[1;94m[*] [0mFuzzing test case #143412 (679 total, 0 uniq crashes found)...[0m
[1;94m[*] [0mFuzzing test case #143422 (679 total, 0 uniq crashes found)...[0m
[1;94m[*] [0mFuzzing test case #143569 (679 total, 0 uniq crashes found)...[0m
[1;94m[*] [0mFuzzing test case #143578 (679 total, 0 uniq crashes found)...[0m
[1;94m[*] [0mFuzzing test case #143606 (679 total, 0 uniq crashes found)...[0m
[1;94m[*] [0mFuzzing test case #143751 (679 total, 0 uniq crashes found)...[0m
[1;94m[*] [0mFuzzing test case #143787 (679 total, 0 uniq crashes found)...[0m
[1;94m[*] [0mFuzzing test case #143938 (679 total, 0 uniq crashes found)...[0m
[1;94m[*] [0mFuzzing test case #143972 (679 total, 0 uniq crashes found)...[0m
[1;94m[*] [0mFuzzing test case #144056 (679 total, 0 uniq crashes found)...[0m
[1;94m[*] [0mFuzzing test case #144183 (679 total, 0 uniq crashes found)...[0m
[1;94m[*] [0mFuzzing test case #144232 (679 total, 0 uniq crashes found)...[0m
[1;94m[*] [0mFuzzing test case #144269 (679 total, 0 uniq crashes found)...[0m
[1;94m[*] [0mFuzzing test case #144382 (679 total, 0 uniq crashes found)...[0m
[1;94m[*] [0mFuzzing test case #144384 (679 total, 0 uniq crashes found)...[0m
[1;94m[*] [0mFuzzing test case #144588 (679 total, 0 uniq crashes found)...[0m
[1;94m[*] [0mFuzzing test case #144678 (679 total, 0 uniq crashes found)...[0m
[1;94m[*] [0mFuzzing test case #144684 (679 total, 0 uniq crashes found)...[0m
[1;94m[*] [0mFuzzing test case #144840 (679 total, 0 uniq crashes found)...[0m
[1;94m[*] [0mFuzzing test case #144986 (679 total, 0 uniq crashes found)...[0m
[1;94m[*] [0mFuzzing test case #145229 (679 total, 0 uniq crashes found)...[0m
[1;94m[*] [0mFuzzing test case #145344 (679 total, 0 uniq crashes found)...[0m
[1;94m[*] [0mFuzzing test case #145688 (679 total, 0 uniq crashes found)...[0m
[1;94m[*] [0mFuzzing test case #145793 (679 total, 0 uniq crashes found)...[0m
[1;94m[*] [0mFuzzing test case #145802 (679 total, 0 uniq crashes found)...[0m
[1;94m[*] [0mFuzzing test case #146213 (679 total, 0 uniq crashes found)...[0m
[1;94m[*] [0mFuzzing test case #146282 (679 total, 0 uniq crashes found)...[0m
[1;94m[*] [0mFuzzing test case #146294 (679 total, 0 uniq crashes found)...[0m
[1;94m[*] [0mFuzzing test case #146297 (679 total, 0 uniq crashes found)...[0m
[1;94m[*] [0mFuzzing test case #146299 (679 total, 0 uniq crashes found)...[0m
[1;94m[*] [0mFuzzing test case #146366 (679 total, 0 uniq crashes found)...[0m
[1;94m[*] [0mFuzzing test case #146445 (679 total, 0 uniq crashes found)...[0m
[1;94m[*] [0mFuzzing test case #146543 (679 total, 0 uniq crashes found)...[0m
[1;94m[*] [0mFuzzing test case #146738 (679 total, 0 uniq crashes found)...[0m
[1;94m[*] [0mFuzzing test case #146822 (679 total, 0 uniq crashes found)...[0m
[1;94m[*] [0mFuzzing test case #146850 (679 total, 0 uniq crashes found)...[0m
[1;94m[*] [0mFuzzing test case #146884 (679 total, 0 uniq crashes found)...[0m
[1;94m[*] [0mFuzzing test case #146955 (679 total, 0 uniq crashes found)...[0m
[1;94m[*] [0mFuzzing test case #147021 (679 total, 0 uniq crashes found)...[0m
[1;94m[*] [0mFuzzing test case #147057 (679 total, 0 uniq crashes found)...[0m
[1;94m[*] [0mFuzzing test case #147145 (679 total, 0 uniq crashes found)...[0m
[1;94m[*] [0mFuzzing test case #147195 (679 total, 0 uniq crashes found)...[0m
[1;94m[*] [0mFuzzing test case #147256 (679 total, 0 uniq crashes found)...[0m
[1;94m[*] [0mFuzzing test case #147407 (679 total, 0 uniq crashes found)...[0m
[1;94m[*] [0mFuzzing test case #147478 (679 total, 0 uniq crashes found)...[0m
[1;94m[*] [0mFuzzing test case #147610 (679 total, 0 uniq crashes found)...[0m
[1;94m[*] [0mFuzzing test case #147703 (679 total, 0 uniq crashes found)...[0m
[1;94m[*] [0mFuzzing test case #147710 (679 total, 0 uniq crashes found)...[0m
[1;94m[*] [0mFuzzing test case #147804 (679 total, 0 uniq crashes found)...[0m
[1;94m[*] [0mFuzzing test case #148013 (679 total, 0 uniq crashes found)...[0m
[1;94m[*] [0mFuzzing test case #148028 (679 total, 0 uniq crashes found)...[0m
[1;94m[*] [0mFuzzing test case #148066 (679 total, 0 uniq crashes found)...[0m
[1;94m[*] [0mFuzzing test case #148072 (679 total, 0 uniq crashes found)...[0m
[1;94m[*] [0mFuzzing test case #148096 (679 total, 0 uniq crashes found)...[0m
[1;94m[*] [0mFuzzing test case #148199 (679 total, 0 uniq crashes found)...[0m
[1;94m[*] [0mFuzzing test case #148222 (679 total, 0 uniq crashes found)...[0m
[1;94m[*] [0mFuzzing test case #148271 (679 total, 0 uniq crashes found)...[0m
[1;94m[*] [0mFuzzing test case #148303 (679 total, 0 uniq crashes found)...[0m
[1;94m[*] [0mFuzzing test case #148327 (679 total, 0 uniq crashes found)...[0m
[1;94m[*] [0mFuzzing test case #148507 (679 total, 0 uniq crashes found)...[0m
[1;94m[*] [0mFuzzing test case #148576 (679 total, 0 uniq crashes found)...[0m
[1;94m[*] [0mFuzzing test case #148722 (679 total, 0 uniq crashes found)...[0m
[1;94m[*] [0mFuzzing test case #148797 (679 total, 0 uniq crashes found)...[0m
[1;94m[*] [0mFuzzing test case #148855 (679 total, 0 uniq crashes found)...[0m
[1;94m[*] [0mFuzzing test case #148916 (679 total, 0 uniq crashes found)...[0m
[1;94m[*] [0mFuzzing test case #149007 (679 total, 0 uniq crashes found)...[0m
[1;94m[*] [0mFuzzing test case #149015 (679 total, 0 uniq crashes found)...[0m
[1;94m[*] [0mFuzzing test case #149101 (679 total, 0 uniq crashes found)...[0m
[1;94m[*] [0mFuzzing test case #149282 (679 total, 0 uniq crashes found)...[0m
[1;94m[*] [0mFuzzing test case #149404 (679 total, 0 uniq crashes found)...[0m
[1;94m[*] [0mFuzzing test case #149560 (679 total, 0 uniq crashes found)...[0m
[1;94m[*] [0mFuzzing test case #149562 (679 total, 0 uniq crashes found)...[0m
[1;94m[*] [0mFuzzing test case #149637 (679 total, 0 uniq crashes found)...[0m
[1;94m[*] [0mFuzzing test case #149660 (679 total, 0 uniq crashes found)...[0m
[1;94m[*] [0mFuzzing test case #149734 (679 total, 0 uniq crashes found)...[0m
[1;94m[*] [0mFuzzing test case #149846 (679 total, 0 uniq crashes found)...[0m
[1;94m[*] [0mFuzzing test case #149869 (679 total, 0 uniq crashes found)...[0m
[1;94m[*] [0mFuzzing test case #149949 (679 total, 0 uniq crashes found)...[0m
[1;94m[*] [0mFuzzing test case #149955 (679 total, 0 uniq crashes found)...[0m
[1;94m[*] [0mFuzzing test case #150060 (679 total, 0 uniq crashes found)...[0m
[1;94m[*] [0mFuzzing test case #150238 (679 total, 0 uniq crashes found)...[0m
[1;94m[*] [0mFuzzing test case #150306 (679 total, 0 uniq crashes found)...[0m
[1;94m[*] [0mFuzzing test case #150380 (679 total, 0 uniq crashes found)...[0m
[1;94m[*] [0mFuzzing test case #150387 (679 total, 0 uniq crashes found)...[0m
[1;94m[*] [0mFuzzing test case #150403 (679 total, 0 uniq crashes found)...[0m
[1;94m[*] [0mFuzzing test case #150427 (679 total, 0 uniq crashes found)...[0m
[1;94m[*] [0mFuzzing test case #150491 (679 total, 0 uniq crashes found)...[0m
[1;94m[*] [0mFuzzing test case #150578 (679 total, 0 uniq crashes found)...[0m
[1;94m[*] [0mFuzzing test case #150707 (679 total, 0 uniq crashes found)...[0m
[1;94m[*] [0mFuzzing test case #150925 (679 total, 0 uniq crashes found)...[0m
[1;94m[*] [0mFuzzing test case #150940 (679 total, 0 uniq crashes found)...[0m
[1;94m[*] [0mFuzzing test case #151046 (679 total, 0 uniq crashes found)...[0m
[1;94m[*] [0mFuzzing test case #151292 (679 total, 0 uniq crashes found)...[0m
[1;94m[*] [0mFuzzing test case #151317 (679 total, 0 uniq crashes found)...[0m
[1;94m[*] [0mFuzzing test case #151462 (679 total, 0 uniq crashes found)...[0m
[1;94m[*] [0mFuzzing test case #151574 (679 total, 0 uniq crashes found)...[0m
[1;94m[*] [0mFuzzing test case #151647 (679 total, 0 uniq crashes found)...[0m
[1;94m[*] [0mFuzzing test case #151876 (679 total, 0 uniq crashes found)...[0m
[1;94m[*] [0mFuzzing test case #151886 (679 total, 0 uniq crashes found)...[0m
[1;94m[*] [0mFuzzing test case #152223 (679 total, 0 uniq crashes found)...[0m
[1;94m[*] [0mFuzzing test case #152269 (679 total, 0 uniq crashes found)...[0m
[1;94m[*] [0mFuzzing test case #152356 (679 total, 0 uniq crashes found)...[0m
[1;94m[*] [0mFuzzing test case #152497 (679 total, 0 uniq crashes found)...[0m
[1;94m[*] [0mFuzzing test case #152546 (679 total, 0 uniq crashes found)...[0m
[1;94m[*] [0mFuzzing test case #152565 (679 total, 0 uniq crashes found)...[0m
[1;94m[*] [0mFuzzing test case #152731 (679 total, 0 uniq crashes found)...[0m
[1;94m[*] [0mFuzzing test case #152735 (679 total, 0 uniq crashes found)...[0m
[1;94m[*] [0mFuzzing test case #152801 (679 total, 0 uniq crashes found)...[0m
[1;94m[*] [0mFuzzing test case #152831 (679 total, 0 uniq crashes found)...[0m
[1;94m[*] [0mFuzzing test case #152927 (679 total, 0 uniq crashes found)...[0m
[1;94m[*] [0mFuzzing test case #153072 (679 total, 0 uniq crashes found)...[0m
[1;94m[*] [0mFuzzing test case #153476 (679 total, 0 uniq crashes found)...[0m
[1;94m[*] [0mFuzzing test case #153535 (679 total, 0 uniq crashes found)...[0m
[1;94m[*] [0mFuzzing test case #153545 (679 total, 0 uniq crashes found)...[0m
[1;94m[*] [0mFuzzing test case #153722 (679 total, 0 uniq crashes found)...[0m
[1;94m[*] [0mFuzzing test case #153790 (679 total, 0 uniq crashes found)...[0m
[1;94m[*] [0mFuzzing test case #153815 (679 total, 0 uniq crashes found)...[0m
[1;94m[*] [0mFuzzing test case #154001 (679 total, 0 uniq crashes found)...[0m
[1;94m[*] [0mFuzzing test case #154016 (679 total, 0 uniq crashes found)...[0m
[1;94m[*] [0mFuzzing test case #154042 (679 total, 0 uniq crashes found)...[0m
[1;94m[*] [0mFuzzing test case #154353 (679 total, 0 uniq crashes found)...[0m
[1;94m[*] [0mFuzzing test case #154398 (679 total, 0 uniq crashes found)...[0m
[1;94m[*] [0mFuzzing test case #154473 (679 total, 0 uniq crashes found)...[0m
[1;94m[*] [0mFuzzing test case #154756 (679 total, 0 uniq crashes found)...[0m
[1;94m[*] [0mFuzzing test case #154800 (679 total, 0 uniq crashes found)...[0m
[1;94m[*] [0mFuzzing test case #154808 (679 total, 0 uniq crashes found)...[0m
[1;94m[*] [0mFuzzing test case #154810 (679 total, 0 uniq crashes found)...[0m
[1;94m[*] [0mFuzzing test case #154903 (679 total, 0 uniq crashes found)...[0m
[1;94m[*] [0mFuzzing test case #155092 (679 total, 0 uniq crashes found)...[0m
[1;94m[*] [0mFuzzing test case #155231 (679 total, 0 uniq crashes found)...[0m
[1;94m[*] [0mFuzzing test case #155361 (679 total, 0 uniq crashes found)...[0m
[1;94m[*] [0mFuzzing test case #155407 (679 total, 0 uniq crashes found)...[0m
[1;94m[*] [0mFuzzing test case #155553 (679 total, 0 uniq crashes found)...[0m
[1;94m[*] [0mFuzzing test case #155632 (679 total, 0 uniq crashes found)...[0m
[1;94m[*] [0mFuzzing test case #156364 (679 total, 0 uniq crashes found)...[0m
[1;94m[*] [0mFuzzing test case #156418 (679 total, 0 uniq crashes found)...[0m
[1;94m[*] [0mFuzzing test case #156438 (679 total, 0 uniq crashes found)...[0m
[1;94m[*] [0mFuzzing test case #156540 (679 total, 0 uniq crashes found)...[0m
[1;94m[*] [0mFuzzing test case #156678 (679 total, 0 uniq crashes found)...[0m
[1;94m[*] [0mFuzzing test case #156750 (679 total, 0 uniq crashes found)...[0m
[1;94m[*] [0mFuzzing test case #156918 (679 total, 0 uniq crashes found)...[0m
[1;94m[*] [0mFuzzing test case #157280 (679 total, 0 uniq crashes found)...[0m
[1;94m[*] [0mFuzzing test case #157318 (679 total, 0 uniq crashes found)...[0m
[1;94m[*] [0mFuzzing test case #157374 (679 total, 0 uniq crashes found)...[0m
[1;94m[*] [0mFuzzing test case #157611 (679 total, 0 uniq crashes found)...[0m
[1;94m[*] [0mFuzzing test case #157648 (679 total, 0 uniq crashes found)...[0m
[1;94m[*] [0mFuzzing test case #157815 (679 total, 0 uniq crashes found)...[0m
[1;94m[*] [0mFuzzing test case #157902 (679 total, 0 uniq crashes found)...[0m
[1;94m[*] [0mFuzzing test case #157981 (679 total, 0 uniq crashes found)...[0m
[1;94m[*] [0mFuzzing test case #157998 (679 total, 0 uniq crashes found)...[0m
[1;94m[*] [0mFuzzing test case #158137 (679 total, 0 uniq crashes found)...[0m
[1;94m[*] [0mFuzzing test case #158148 (679 total, 0 uniq crashes found)...[0m
[1;94m[*] [0mFuzzing test case #158227 (679 total, 0 uniq crashes found)...[0m
[1;94m[*] [0mFuzzing test case #158248 (679 total, 0 uniq crashes found)...[0m
[1;94m[*] [0mFuzzing test case #158275 (679 total, 0 uniq crashes found)...[0m
[1;94m[*] [0mFuzzing test case #158298 (679 total, 0 uniq crashes found)...[0m
[1;94m[*] [0mFuzzing test case #158475 (679 total, 0 uniq crashes found)...[0m
[1;94m[*] [0mFuzzing test case #158492 (679 total, 0 uniq crashes found)...[0m
[1;94m[*] [0mFuzzing test case #158585 (679 total, 0 uniq crashes found)...[0m
[1;94m[*] [0mFuzzing test case #158712 (679 total, 0 uniq crashes found)...[0m
[1;94m[*] [0mFuzzing test case #158761 (679 total, 0 uniq crashes found)...[0m
[1;94m[*] [0mFuzzing test case #158765 (679 total, 0 uniq crashes found)...[0m
[1;94m[*] [0mFuzzing test case #158992 (679 total, 0 uniq crashes found)...[0m
[1;94m[*] [0mFuzzing test case #159115 (679 total, 0 uniq crashes found)...[0m
[1;94m[*] [0mFuzzing test case #159119 (679 total, 0 uniq crashes found)...[0m
[1;94m[*] [0mFuzzing test case #159338 (679 total, 0 uniq crashes found)...[0m
[1;94m[*] [0mFuzzing test case #159510 (679 total, 0 uniq crashes found)...[0m
[1;94m[*] [0mFuzzing test case #159517 (679 total, 0 uniq crashes found)...[0m
[1;94m[*] [0mFuzzing test case #159606 (679 total, 0 uniq crashes found)...[0m
[1;94m[*] [0mFuzzing test case #159759 (679 total, 0 uniq crashes found)...[0m
[1;94m[*] [0mFuzzing test case #159768 (679 total, 0 uniq crashes found)...[0m
[1;94m[*] [0mFuzzing test case #159874 (679 total, 0 uniq crashes found)...[0m
[1;94m[*] [0mFuzzing test case #159898 (679 total, 0 uniq crashes found)...[0m
[1;94m[*] [0mFuzzing test case #159999 (679 total, 0 uniq crashes found)...[0m
[1;94m[*] [0mFuzzing test case #160124 (679 total, 0 uniq crashes found)...[0m
[1;94m[*] [0mFuzzing test case #160214 (679 total, 0 uniq crashes found)...[0m
[1;94m[*] [0mFuzzing test case #160307 (679 total, 0 uniq crashes found)...[0m
[1;94m[*] [0mFuzzing test case #160406 (679 total, 0 uniq crashes found)...[0m
[1;94m[*] [0mFuzzing test case #160434 (679 total, 0 uniq crashes found)...[0m
[1;94m[*] [0mFuzzing test case #160501 (679 total, 0 uniq crashes found)...[0m
[1;94m[*] [0mFuzzing test case #160510 (679 total, 0 uniq crashes found)...[0m
[1;94m[*] [0mFuzzing test case #160532 (679 total, 0 uniq crashes found)...[0m
[1;94m[*] [0mFuzzing test case #160584 (679 total, 0 uniq crashes found)...[0m
[1;94m[*] [0mFuzzing test case #160877 (679 total, 0 uniq crashes found)...[0m
[1;94m[*] [0mFuzzing test case #160920 (679 total, 0 uniq crashes found)...[0m
[1;94m[*] [0mFuzzing test case #160940 (679 total, 0 uniq crashes found)...[0m
[1;94m[*] [0mFuzzing test case #160948 (679 total, 0 uniq crashes found)...[0m
[1;94m[*] [0mFuzzing test case #160959 (679 total, 0 uniq crashes found)...[0m
[1;94m[*] [0mFuzzing test case #161322 (679 total, 0 uniq crashes found)...[0m
[1;94m[*] [0mFuzzing test case #161389 (679 total, 0 uniq crashes found)...[0m
[1;94m[*] [0mFuzzing test case #161501 (679 total, 0 uniq crashes found)...[0m
[1;94m[*] [0mFuzzing test case #161504 (679 total, 0 uniq crashes found)...[0m
[1;94m[*] [0mFuzzing test case #161956 (679 total, 0 uniq crashes found)...[0m
[1;94m[*] [0mFuzzing test case #162003 (679 total, 0 uniq crashes found)...[0m
[1;94m[*] [0mFuzzing test case #162129 (679 total, 0 uniq crashes found)...[0m
[1;94m[*] [0mFuzzing test case #162232 (679 total, 0 uniq crashes found)...[0m
[1;94m[*] [0mFuzzing test case #162503 (679 total, 0 uniq crashes found)...[0m
[1;94m[*] [0mFuzzing test case #162584 (679 total, 0 uniq crashes found)...[0m
[1;94m[*] [0mFuzzing test case #162632 (679 total, 0 uniq crashes found)...[0m
[1;94m[*] [0mFuzzing test case #162748 (679 total, 0 uniq crashes found)...[0m
[1;94m[*] [0mFuzzing test case #162849 (679 total, 0 uniq crashes found)...[0m
[1;94m[*] [0mFuzzing test case #162897 (679 total, 0 uniq crashes found)...[0m
[1;94m[*] [0mFuzzing test case #162923 (679 total, 0 uniq crashes found)...[0m
[1;94m[*] [0mFuzzing test case #162964 (679 total, 0 uniq crashes found)...[0m
[1;94m[*] [0mFuzzing test case #163005 (679 total, 0 uniq crashes found)...[0m
[1;94m[*] [0mFuzzing test case #163121 (679 total, 0 uniq crashes found)...[0m
[1;94m[*] [0mFuzzing test case #163128 (679 total, 0 uniq crashes found)...[0m
[1;94m[*] [0mFuzzing test case #163259 (679 total, 0 uniq crashes found)...[0m
[1;94m[*] [0mFuzzing test case #163385 (679 total, 0 uniq crashes found)...[0m
[1;94m[*] [0mFuzzing test case #163721 (679 total, 0 uniq crashes found)...[0m
[1;94m[*] [0mFuzzing test case #163798 (679 total, 0 uniq crashes found)...[0m
[1;94m[*] [0mFuzzing test case #163878 (679 total, 0 uniq crashes found)...[0m
[1;94m[*] [0mFuzzing test case #164038 (679 total, 0 uniq crashes found)...[0m
[1;94m[*] [0mFuzzing test case #164125 (679 total, 0 uniq crashes found)...[0m
[1;94m[*] [0mFuzzing test case #164510 (679 total, 0 uniq crashes found)...[0m
[1;94m[*] [0mFuzzing test case #164528 (679 total, 0 uniq crashes found)...[0m
[1;94m[*] [0mFuzzing test case #164928 (679 total, 0 uniq crashes found)...[0m
[1;94m[*] [0mFuzzing test case #164990 (679 total, 0 uniq crashes found)...[0m
[1;94m[*] [0mFuzzing test case #165006 (679 total, 0 uniq crashes found)...[0m
[1;94m[*] [0mFuzzing test case #165017 (679 total, 0 uniq crashes found)...[0m
[1;94m[*] [0mFuzzing test case #165030 (679 total, 0 uniq crashes found)...[0m
[1;94m[*] [0mFuzzing test case #165050 (679 total, 0 uniq crashes found)...[0m
[1;94m[*] [0mFuzzing test case #165126 (679 total, 0 uniq crashes found)...[0m
[1;94m[*] [0mFuzzing test case #165282 (679 total, 0 uniq crashes found)...[0m
[1;94m[*] [0mFuzzing test case #165380 (679 total, 0 uniq crashes found)...[0m
[1;94m[*] [0mFuzzing test case #165391 (679 total, 0 uniq crashes found)...[0m
[1;94m[*] [0mFuzzing test case #165413 (679 total, 0 uniq crashes found)...[0m
[1;94m[*] [0mFuzzing test case #165466 (679 total, 0 uniq crashes found)...[0m
[1;94m[*] [0mFuzzing test case #165579 (679 total, 0 uniq crashes found)...[0m
[1;94m[*] [0mFuzzing test case #165665 (679 total, 0 uniq crashes found)...[0m
[1;94m[*] [0mFuzzing test case #165929 (679 total, 0 uniq crashes found)...[0m
[1;94m[*] [0mFuzzing test case #165976 (679 total, 0 uniq crashes found)...[0m
[1;94m[*] [0mFuzzing test case #166015 (679 total, 0 uniq crashes found)...[0m
[1;94m[*] [0mFuzzing test case #166017 (679 total, 0 uniq crashes found)...[0m
[1;94m[*] [0mFuzzing test case #166048 (679 total, 0 uniq crashes found)...[0m
[1;94m[*] [0mFuzzing test case #166282 (679 total, 0 uniq crashes found)...[0m
[1;94m[*] [0mFuzzing test case #166470 (679 total, 0 uniq crashes found)...[0m
[1;94m[*] [0mFuzzing test case #166494 (679 total, 0 uniq crashes found)...[0m
[1;94m[*] [0mFuzzing test case #166501 (679 total, 0 uniq crashes found)...[0m
[1;94m[*] [0mFuzzing test case #166521 (679 total, 0 uniq crashes found)...[0m
[1;94m[*] [0mFuzzing test case #166617 (679 total, 0 uniq crashes found)...[0m
[1;94m[*] [0mFuzzing test case #166976 (679 total, 0 uniq crashes found)...[0m
[1;94m[*] [0mFuzzing test case #167088 (679 total, 0 uniq crashes found)...[0m
[1;94m[*] [0mFuzzing test case #167181 (679 total, 0 uniq crashes found)...[0m
[1;94m[*] [0mFuzzing test case #167388 (679 total, 0 uniq crashes found)...[0m
[1;94m[*] [0mFuzzing test case #167402 (679 total, 0 uniq crashes found)...[0m
[1;94m[*] [0mFuzzing test case #167547 (679 total, 0 uniq crashes found)...[0m
[1;94m[*] [0mFuzzing test case #167662 (679 total, 0 uniq crashes found)...[0m
[1;94m[*] [0mFuzzing test case #167663 (679 total, 0 uniq crashes found)...[0m
[1;94m[*] [0mFuzzing test case #167699 (679 total, 0 uniq crashes found)...[0m
[1;94m[*] [0mFuzzing test case #167866 (679 total, 0 uniq crashes found)...[0m
[1;94m[*] [0mFuzzing test case #167968 (679 total, 0 uniq crashes found)...[0m
[1;94m[*] [0mFuzzing test case #168163 (679 total, 0 uniq crashes found)...[0m
[1;94m[*] [0mFuzzing test case #168334 (679 total, 0 uniq crashes found)...[0m
[1;94m[*] [0mFuzzing test case #168365 (679 total, 0 uniq crashes found)...[0m
[1;94m[*] [0mFuzzing test case #168472 (679 total, 0 uniq crashes found)...[0m
[1;94m[*] [0mFuzzing test case #168474 (679 total, 0 uniq crashes found)...[0m
[1;94m[*] [0mFuzzing test case #168528 (679 total, 0 uniq crashes found)...[0m
[1;94m[*] [0mFuzzing test case #168806 (679 total, 0 uniq crashes found)...[0m
[1;94m[*] [0mFuzzing test case #168918 (679 total, 0 uniq crashes found)...[0m
[1;94m[*] [0mFuzzing test case #168922 (679 total, 0 uniq crashes found)...[0m
[1;94m[*] [0mFuzzing test case #169029 (679 total, 0 uniq crashes found)...[0m
[1;94m[*] [0mFuzzing test case #169099 (679 total, 0 uniq crashes found)...[0m
[1;94m[*] [0mFuzzing test case #169183 (679 total, 0 uniq crashes found)...[0m
[1;94m[*] [0mFuzzing test case #169314 (679 total, 0 uniq crashes found)...[0m
[1;94m[*] [0mFuzzing test case #169360 (679 total, 0 uniq crashes found)...[0m
[1;94m[*] [0mFuzzing test case #169413 (679 total, 0 uniq crashes found)...[0m
[1;94m[*] [0mFuzzing test case #169418 (679 total, 0 uniq crashes found)...[0m
[1;94m[*] [0mFuzzing test case #169499 (679 total, 0 uniq crashes found)...[0m
[1;94m[*] [0mFuzzing test case #169626 (679 total, 0 uniq crashes found)...[0m
[1;94m[*] [0mFuzzing test case #169637 (679 total, 0 uniq crashes found)...[0m
[1;94m[*] [0mFuzzing test case #169672 (679 total, 0 uniq crashes found)...[0m
[1;94m[*] [0mFuzzing test case #169726 (679 total, 0 uniq crashes found)...[0m
[1;94m[*] [0mFuzzing test case #169880 (679 total, 0 uniq crashes found)...[0m
[1;94m[*] [0mFuzzing test case #169940 (679 total, 0 uniq crashes found)...[0m
[1;94m[*] [0mFuzzing test case #169987 (679 total, 0 uniq crashes found)...[0m
[1;94m[*] [0mFuzzing test case #170032 (679 total, 0 uniq crashes found)...[0m
[1;94m[*] [0mFuzzing test case #170131 (679 total, 0 uniq crashes found)...[0m
[1;94m[*] [0mFuzzing test case #170155 (679 total, 0 uniq crashes found)...[0m
[1;94m[*] [0mFuzzing test case #170218 (679 total, 0 uniq crashes found)...[0m
[1;94m[*] [0mFuzzing test case #170359 (679 total, 0 uniq crashes found)...[0m
[1;94m[*] [0mFuzzing test case #170441 (679 total, 0 uniq crashes found)...[0m
[1;94m[*] [0mFuzzing test case #170810 (679 total, 0 uniq crashes found)...[0m
[1;94m[*] [0mFuzzing test case #170863 (679 total, 0 uniq crashes found)...[0m
[1;94m[*] [0mFuzzing test case #170891 (679 total, 0 uniq crashes found)...[0m
[1;94m[*] [0mFuzzing test case #170916 (679 total, 0 uniq crashes found)...[0m
[1;94m[*] [0mFuzzing test case #171064 (679 total, 0 uniq crashes found)...[0m
[1;94m[*] [0mFuzzing test case #171084 (679 total, 0 uniq crashes found)...[0m
[1;94m[*] [0mFuzzing test case #171125 (679 total, 0 uniq crashes found)...[0m
[1;94m[*] [0mFuzzing test case #171216 (679 total, 0 uniq crashes found)...[0m
[1;94m[*] [0mFuzzing test case #171494 (679 total, 0 uniq crashes found)...[0m
[1;94m[*] [0mFuzzing test case #171625 (679 total, 0 uniq crashes found)...[0m
[1;94m[*] [0mFuzzing test case #171681 (679 total, 0 uniq crashes found)...[0m
[1;94m[*] [0mFuzzing test case #171759 (679 total, 0 uniq crashes found)...[0m
[1;94m[*] [0mFuzzing test case #171814 (679 total, 0 uniq crashes found)...[0m
[1;94m[*] [0mFuzzing test case #171872 (679 total, 0 uniq crashes found)...[0m
[1;94m[*] [0mFuzzing test case #171879 (679 total, 0 uniq crashes found)...[0m
[1;94m[*] [0mFuzzing test case #171968 (679 total, 0 uniq crashes found)...[0m
[1;94m[*] [0mFuzzing test case #172019 (679 total, 0 uniq crashes found)...[0m
[1;94m[*] [0mFuzzing test case #172030 (679 total, 0 uniq crashes found)...[0m
[1;94m[*] [0mFuzzing test case #172036 (679 total, 0 uniq crashes found)...[0m
[1;94m[*] [0mFuzzing test case #172164 (679 total, 0 uniq crashes found)...[0m
[1;94m[*] [0mFuzzing test case #172403 (679 total, 0 uniq crashes found)...[0m
[1;94m[*] [0mFuzzing test case #172575 (679 total, 0 uniq crashes found)...[0m
[1;94m[*] [0mFuzzing test case #172762 (679 total, 0 uniq crashes found)...[0m
[1;94m[*] [0mFuzzing test case #172800 (679 total, 0 uniq crashes found)...[0m
[1;94m[*] [0mFuzzing test case #173048 (679 total, 0 uniq crashes found)...[0m
[1;94m[*] [0mFuzzing test case #173233 (679 total, 0 uniq crashes found)...[0m
[1;94m[*] [0mFuzzing test case #173241 (679 total, 0 uniq crashes found)...[0m
[1;94m[*] [0mFuzzing test case #173312 (679 total, 0 uniq crashes found)...[0m
[1;94m[*] [0mFuzzing test case #173632 (679 total, 0 uniq crashes found)...[0m
[1;94m[*] [0mFuzzing test case #174011 (679 total, 0 uniq crashes found)...[0m
[1;94m[*] [0mFuzzing test case #174196 (679 total, 0 uniq crashes found)...[0m
[1;94m[*] [0mFuzzing test case #174392 (679 total, 0 uniq crashes found)...[0m
[1;94m[*] [0mFuzzing test case #174466 (679 total, 0 uniq crashes found)...[0m
[1;94m[*] [0mFuzzing test case #174682 (679 total, 0 uniq crashes found)...[0m
[1;94m[*] [0mFuzzing test case #174723 (679 total, 0 uniq crashes found)...[0m
[1;94m[*] [0mFuzzing test case #174730 (679 total, 0 uniq crashes found)...[0m
[1;94m[*] [0mFuzzing test case #174802 (679 total, 0 uniq crashes found)...[0m
[1;94m[*] [0mFuzzing test case #174858 (679 total, 0 uniq crashes found)...[0m
[1;94m[*] [0mFuzzing test case #174969 (679 total, 0 uniq crashes found)...[0m
[1;94m[*] [0mFuzzing test case #175195 (679 total, 0 uniq crashes found)...[0m
[1;94m[*] [0mFuzzing test case #175230 (679 total, 0 uniq crashes found)...[0m
[1;94m[*] [0mFuzzing test case #175410 (679 total, 0 uniq crashes found)...[0m
[1;94m[*] [0mFuzzing test case #175457 (679 total, 0 uniq crashes found)...[0m
[1;94m[*] [0mFuzzing test case #175500 (679 total, 0 uniq crashes found)...[0m
[1;94m[*] [0mFuzzing test case #175599 (679 total, 0 uniq crashes found)...[0m
[1;94m[*] [0mFuzzing test case #175683 (679 total, 0 uniq crashes found)...[0m
[1;94m[*] [0mFuzzing test case #175819 (679 total, 0 uniq crashes found)...[0m
[1;94m[*] [0mFuzzing test case #176071 (679 total, 0 uniq crashes found)...[0m
[1;94m[*] [0mFuzzing test case #176078 (679 total, 0 uniq crashes found)...[0m
[1;94m[*] [0mFuzzing test case #176087 (679 total, 0 uniq crashes found)...[0m
[1;94m[*] [0mFuzzing test case #176174 (679 total, 0 uniq crashes found)...[0m
[1;94m[*] [0mFuzzing test case #176214 (679 total, 0 uniq crashes found)...[0m
[1;94m[*] [0mFuzzing test case #176216 (679 total, 0 uniq crashes found)...[0m
[1;94m[*] [0mFuzzing test case #176247 (679 total, 0 uniq crashes found)...[0m
[1;94m[*] [0mFuzzing test case #176276 (679 total, 0 uniq crashes found)...[0m
[1;94m[*] [0mFuzzing test case #176280 (679 total, 0 uniq crashes found)...[0m
[1;94m[*] [0mFuzzing test case #176292 (679 total, 0 uniq crashes found)...[0m
[1;94m[*] [0mFuzzing test case #176297 (679 total, 0 uniq crashes found)...[0m
[1;94m[*] [0mFuzzing test case #176425 (679 total, 0 uniq crashes found)...[0m
[1;94m[*] [0mFuzzing test case #176502 (679 total, 0 uniq crashes found)...[0m
[1;94m[*] [0mFuzzing test case #176748 (679 total, 0 uniq crashes found)...[0m
[1;94m[*] [0mFuzzing test case #176951 (679 total, 0 uniq crashes found)...[0m
[1;94m[*] [0mFuzzing test case #177023 (679 total, 0 uniq crashes found)...[0m
[1;94m[*] [0mFuzzing test case #177122 (679 total, 0 uniq crashes found)...[0m
[1;94m[*] [0mFuzzing test case #177168 (679 total, 0 uniq crashes found)...[0m
[1;94m[*] [0mFuzzing test case #177207 (679 total, 0 uniq crashes found)...[0m
[1;94m[*] [0mFuzzing test case #177257 (679 total, 0 uniq crashes found)...[0m
[1;94m[*] [0mFuzzing test case #177262 (679 total, 0 uniq crashes found)...[0m
[1;94m[*] [0mFuzzing test case #177426 (679 total, 0 uniq crashes found)...[0m
[1;94m[*] [0mFuzzing test case #177444 (679 total, 0 uniq crashes found)...[0m
[1;94m[*] [0mFuzzing test case #177543 (679 total, 0 uniq crashes found)...[0m
[1;94m[*] [0mFuzzing test case #177992 (679 total, 0 uniq crashes found)...[0m
[1;94m[*] [0mFuzzing test case #178176 (679 total, 0 uniq crashes found)...[0m
[1;94m[*] [0mFuzzing test case #178236 (679 total, 0 uniq crashes found)...[0m
[1;94m[*] [0mFuzzing test case #178252 (679 total, 0 uniq crashes found)...[0m
[1;94m[*] [0mFuzzing test case #178667 (679 total, 0 uniq crashes found)...[0m
[1;94m[*] [0mFuzzing test case #178693 (679 total, 0 uniq crashes found)...[0m
[1;94m[*] [0mFuzzing test case #178755 (679 total, 0 uniq crashes found)...[0m
[1;94m[*] [0mFuzzing test case #178776 (679 total, 0 uniq crashes found)...[0m
[1;94m[*] [0mFuzzing test case #178978 (679 total, 0 uniq crashes found)...[0m
[1;94m[*] [0mFuzzing test case #179002 (679 total, 0 uniq crashes found)...[0m
[1;94m[*] [0mFuzzing test case #179011 (679 total, 0 uniq crashes found)...[0m
[1;94m[*] [0mFuzzing test case #179098 (679 total, 0 uniq crashes found)...[0m
[1;94m[*] [0mFuzzing test case #179105 (679 total, 0 uniq crashes found)...[0m
[1;94m[*] [0mFuzzing test case #179242 (679 total, 0 uniq crashes found)...[0m
[1;94m[*] [0mFuzzing test case #179432 (679 total, 0 uniq crashes found)...[0m
[1;94m[*] [0mFuzzing test case #179531 (679 total, 0 uniq crashes found)...[0m
[1;94m[*] [0mFuzzing test case #179537 (679 total, 0 uniq crashes found)...[0m
[1;94m[*] [0mFuzzing test case #179556 (679 total, 0 uniq crashes found)...[0m
[1;94m[*] [0mFuzzing test case #179679 (679 total, 0 uniq crashes found)...[0m
[1;94m[*] [0mFuzzing test case #179702 (679 total, 0 uniq crashes found)...[0m
[1;94m[*] [0mFuzzing test case #179752 (679 total, 0 uniq crashes found)...[0m
[1;94m[*] [0mFuzzing test case #179797 (679 total, 0 uniq crashes found)...[0m
[1;94m[*] [0mFuzzing test case #179864 (679 total, 0 uniq crashes found)...[0m
[1;94m[*] [0mFuzzing test case #179948 (679 total, 0 uniq crashes found)...[0m
[1;94m[*] [0mFuzzing test case #179949 (679 total, 0 uniq crashes found)...[0m
[1;94m[*] [0mFuzzing test case #179982 (679 total, 0 uniq crashes found)...[0m
[1;94m[*] [0mFuzzing test case #180066 (679 total, 0 uniq crashes found)...[0m
[1;94m[*] [0mFuzzing test case #180091 (679 total, 0 uniq crashes found)...[0m
[1;94m[*] [0mFuzzing test case #180186 (679 total, 0 uniq crashes found)...[0m
[1;94m[*] [0mFuzzing test case #180225 (679 total, 0 uniq crashes found)...[0m
[1;94m[*] [0mFuzzing test case #180274 (679 total, 0 uniq crashes found)...[0m
[1;94m[*] [0mFuzzing test case #180337 (679 total, 0 uniq crashes found)...[0m
[1;94m[*] [0mFuzzing test case #180384 (679 total, 0 uniq crashes found)...[0m
[1;94m[*] [0mFuzzing test case #180550 (679 total, 0 uniq crashes found)...[0m
[1;94m[*] [0mFuzzing test case #180693 (679 total, 0 uniq crashes found)...[0m
[1;94m[*] [0mFuzzing test case #180989 (679 total, 0 uniq crashes found)...[0m
[1;94m[*] [0mFuzzing test case #181041 (679 total, 0 uniq crashes found)...[0m
[1;94m[*] [0mFuzzing test case #181339 (679 total, 0 uniq crashes found)...[0m
[1;94m[*] [0mFuzzing test case #181451 (679 total, 0 uniq crashes found)...[0m
[1;94m[*] [0mFuzzing test case #181554 (679 total, 0 uniq crashes found)...[0m
[1;94m[*] [0mFuzzing test case #181782 (679 total, 0 uniq crashes found)...[0m
[1;94m[*] [0mFuzzing test case #181851 (679 total, 0 uniq crashes found)...[0m
[1;94m[*] [0mFuzzing test case #181896 (679 total, 0 uniq crashes found)...[0m
[1;94m[*] [0mFuzzing test case #182020 (679 total, 0 uniq crashes found)...[0m
[1;94m[*] [0mFuzzing test case #182033 (679 total, 0 uniq crashes found)...[0m
[1;94m[*] [0mFuzzing test case #182099 (679 total, 0 uniq crashes found)...[0m
[1;94m[*] [0mFuzzing test case #182211 (679 total, 0 uniq crashes found)...[0m
[1;94m[*] [0mFuzzing test case #182248 (679 total, 0 uniq crashes found)...[0m
[1;94m[*] [0mFuzzing test case #182334 (679 total, 0 uniq crashes found)...[0m
[1;94m[*] [0mFuzzing test case #182356 (679 total, 0 uniq crashes found)...[0m
[1;94m[*] [0mFuzzing test case #182375 (679 total, 0 uniq crashes found)...[0m
[1;94m[*] [0mFuzzing test case #182403 (679 total, 0 uniq crashes found)...[0m
[1;94m[*] [0mFuzzing test case #182428 (679 total, 0 uniq crashes found)...[0m
[1;94m[*] [0mFuzzing test case #182436 (679 total, 0 uniq crashes found)...[0m
[1;94m[*] [0mFuzzing test case #182494 (679 total, 0 uniq crashes found)...[0m
[1;94m[*] [0mFuzzing test case #182500 (680 total, 0 uniq crashes found)...[0m
[1;94m[*] [0mFuzzing test case #182655 (680 total, 0 uniq crashes found)...[0m
[1;94m[*] [0mFuzzing test case #182691 (680 total, 0 uniq crashes found)...[0m
[1;94m[*] [0mFuzzing test case #182702 (680 total, 0 uniq crashes found)...[0m
[1;94m[*] [0mFuzzing test case #182821 (680 total, 0 uniq crashes found)...[0m
[1;94m[*] [0mFuzzing test case #182912 (680 total, 0 uniq crashes found)...[0m
[1;94m[*] [0mFuzzing test case #183032 (680 total, 0 uniq crashes found)...[0m
[1;94m[*] [0mFuzzing test case #183084 (680 total, 0 uniq crashes found)...[0m
[1;94m[*] [0mFuzzing test case #183268 (680 total, 0 uniq crashes found)...[0m
[1;94m[*] [0mFuzzing test case #183336 (680 total, 0 uniq crashes found)...[0m
[1;94m[*] [0mFuzzing test case #183358 (680 total, 0 uniq crashes found)...[0m
[1;94m[*] [0mFuzzing test case #183462 (680 total, 0 uniq crashes found)...[0m
[1;94m[*] [0mFuzzing test case #183526 (680 total, 0 uniq crashes found)...[0m
[1;94m[*] [0mFuzzing test case #183657 (680 total, 0 uniq crashes found)...[0m
[1;94m[*] [0mFuzzing test case #183738 (680 total, 0 uniq crashes found)...[0m
[1;94m[*] [0mFuzzing test case #183867 (680 total, 0 uniq crashes found)...[0m
[1;94m[*] [0mFuzzing test case #183989 (680 total, 0 uniq crashes found)...[0m
[1;94m[*] [0mFuzzing test case #184255 (680 total, 0 uniq crashes found)...[0m
[1;94m[*] [0mFuzzing test case #184373 (680 total, 0 uniq crashes found)...[0m
[1;94m[*] [0mFuzzing test case #184543 (680 total, 0 uniq crashes found)...[0m
[1;94m[*] [0mFuzzing test case #184581 (680 total, 0 uniq crashes found)...[0m
[1;94m[*] [0mFuzzing test case #184582 (680 total, 0 uniq crashes found)...[0m
[1;94m[*] [0mFuzzing test case #184690 (680 total, 0 uniq crashes found)...[0m
[1;94m[*] [0mFuzzing test case #184727 (680 total, 0 uniq crashes found)...[0m
[1;94m[*] [0mFuzzing test case #184805 (680 total, 0 uniq crashes found)...[0m
[1;94m[*] [0mFuzzing test case #184813 (680 total, 0 uniq crashes found)...[0m
[1;94m[*] [0mFuzzing test case #184984 (680 total, 0 uniq crashes found)...[0m
[1;94m[*] [0mFuzzing test case #185007 (680 total, 0 uniq crashes found)...[0m
[1;94m[*] [0mFuzzing test case #185218 (680 total, 0 uniq crashes found)...[0m
[1;94m[*] [0mFuzzing test case #185286 (680 total, 0 uniq crashes found)...[0m
[1;94m[*] [0mFuzzing test case #185304 (680 total, 0 uniq crashes found)...[0m
[1;94m[*] [0mFuzzing test case #185335 (680 total, 0 uniq crashes found)...[0m
[1;94m[*] [0mFuzzing test case #185389 (680 total, 0 uniq crashes found)...[0m
[1;94m[*] [0mFuzzing test case #185452 (680 total, 0 uniq crashes found)...[0m
[1;94m[*] [0mFuzzing test case #185512 (680 total, 0 uniq crashes found)...[0m
[1;94m[*] [0mFuzzing test case #185559 (680 total, 0 uniq crashes found)...[0m
[1;94m[*] [0mFuzzing test case #185582 (680 total, 0 uniq crashes found)...[0m
[1;94m[*] [0mFuzzing test case #185932 (680 total, 0 uniq crashes found)...[0m
[1;94m[*] [0mFuzzing test case #186102 (680 total, 0 uniq crashes found)...[0m
[1;94m[*] [0mFuzzing test case #186229 (680 total, 0 uniq crashes found)...[0m
[1;94m[*] [0mFuzzing test case #186241 (680 total, 0 uniq crashes found)...[0m
[1;94m[*] [0mFuzzing test case #186268 (680 total, 0 uniq crashes found)...[0m
[1;94m[*] [0mFuzzing test case #186357 (680 total, 0 uniq crashes found)...[0m
[1;94m[*] [0mFuzzing test case #186471 (680 total, 0 uniq crashes found)...[0m
[1;94m[*] [0mFuzzing test case #186521 (680 total, 0 uniq crashes found)...[0m
[1;94m[*] [0mFuzzing test case #186733 (680 total, 0 uniq crashes found)...[0m
[1;94m[*] [0mFuzzing test case #186785 (680 total, 0 uniq crashes found)...[0m
[1;94m[*] [0mFuzzing test case #186786 (680 total, 0 uniq crashes found)...[0m
[1;94m[*] [0mFuzzing test case #186875 (680 total, 0 uniq crashes found)...[0m
[1;94m[*] [0mFuzzing test case #186949 (680 total, 0 uniq crashes found)...[0m
[1;94m[*] [0mFuzzing test case #187109 (680 total, 0 uniq crashes found)...[0m
[1;94m[*] [0mFuzzing test case #187243 (680 total, 0 uniq crashes found)...[0m
[1;94m[*] [0mFuzzing test case #187720 (680 total, 0 uniq crashes found)...[0m
[1;94m[*] [0mFuzzing test case #187722 (680 total, 0 uniq crashes found)...[0m
[1;94m[*] [0mFuzzing test case #187789 (680 total, 0 uniq crashes found)...[0m
[1;94m[*] [0mFuzzing test case #187819 (680 total, 0 uniq crashes found)...[0m
[1;94m[*] [0mFuzzing test case #187980 (680 total, 0 uniq crashes found)...[0m
[1;94m[*] [0mFuzzing test case #188035 (680 total, 0 uniq crashes found)...[0m
[1;94m[*] [0mFuzzing test case #188315 (680 total, 0 uniq crashes found)...[0m
[1;94m[*] [0mFuzzing test case #188343 (680 total, 0 uniq crashes found)...[0m
[1;94m[*] [0mFuzzing test case #188763 (680 total, 0 uniq crashes found)...[0m
[1;94m[*] [0mFuzzing test case #188812 (680 total, 0 uniq crashes found)...[0m
[1;94m[*] [0mFuzzing test case #188881 (680 total, 0 uniq crashes found)...[0m
[1;94m[*] [0mFuzzing test case #188912 (680 total, 0 uniq crashes found)...[0m
[1;94m[*] [0mFuzzing test case #189197 (680 total, 0 uniq crashes found)...[0m
[1;94m[*] [0mFuzzing test case #189334 (680 total, 0 uniq crashes found)...[0m
[1;94m[*] [0mFuzzing test case #189672 (680 total, 0 uniq crashes found)...[0m
[1;94m[*] [0mFuzzing test case #189782 (680 total, 0 uniq crashes found)...[0m
[1;94m[*] [0mFuzzing test case #189860 (680 total, 0 uniq crashes found)...[0m
[1;94m[*] [0mFuzzing test case #190069 (680 total, 0 uniq crashes found)...[0m
[1;94m[*] [0mFuzzing test case #190195 (680 total, 0 uniq crashes found)...[0m
[1;94m[*] [0mFuzzing test case #190247 (680 total, 0 uniq crashes found)...[0m
[1;94m[*] [0mFuzzing test case #190283 (680 total, 0 uniq crashes found)...[0m
[1;94m[*] [0mFuzzing test case #190408 (680 total, 0 uniq crashes found)...[0m
[1;94m[*] [0mFuzzing test case #190460 (680 total, 0 uniq crashes found)...[0m
[1;94m[*] [0mFuzzing test case #190465 (680 total, 0 uniq crashes found)...[0m
[1;94m[*] [0mFuzzing test case #190691 (680 total, 0 uniq crashes found)...[0m
[1;94m[*] [0mFuzzing test case #190798 (680 total, 0 uniq crashes found)...[0m
[1;94m[*] [0mFuzzing test case #190914 (680 total, 0 uniq crashes found)...[0m
[1;94m[*] [0mFuzzing test case #190961 (680 total, 0 uniq crashes found)...[0m
[1;94m[*] [0mFuzzing test case #190962 (681 total, 0 uniq crashes found)...[0m
[1;94m[*] [0mFuzzing test case #190963 (688 total, 0 uniq crashes found)...[0m
[1;94m[*] [0mFuzzing test case #190964 (689 total, 0 uniq crashes found)...[0m
[1;94m[*] [0mFuzzing test case #190967 (692 total, 0 uniq crashes found)...[0m
[1;94m[*] [0mFuzzing test case #190968 (692 total, 0 uniq crashes found)...[0m
[1;94m[*] [0mFuzzing test case #190973 (694 total, 0 uniq crashes found)...[0m
[1;94m[*] [0mFuzzing test case #190974 (695 total, 0 uniq crashes found)...[0m
[1;94m[*] [0mFuzzing test case #190975 (698 total, 0 uniq crashes found)...[0m
[1;94m[*] [0mFuzzing test case #190977 (699 total, 0 uniq crashes found)...[0m
[1;94m[*] [0mFuzzing test case #190978 (699 total, 0 uniq crashes found)...[0m
[1;94m[*] [0mFuzzing test case #190984 (699 total, 0 uniq crashes found)...[0m
[1;94m[*] [0mFuzzing test case #191003 (700 total, 0 uniq crashes found)...[0m
[1;94m[*] [0mFuzzing test case #191015 (700 total, 0 uniq crashes found)...[0m
[1;94m[*] [0mFuzzing test case #191104 (700 total, 0 uniq crashes found)...[0m
[1;94m[*] [0mFuzzing test case #191112 (700 total, 0 uniq crashes found)...[0m
[1;94m[*] [0mFuzzing test case #191181 (701 total, 0 uniq crashes found)...[0m
[1;94m[*] [0mFuzzing test case #191199 (701 total, 0 uniq crashes found)...[0m
[1;94m[*] [0mFuzzing test case #191438 (701 total, 0 uniq crashes found)...[0m
[1;94m[*] [0mFuzzing test case #191464 (701 total, 0 uniq crashes found)...[0m
[1;94m[*] [0mFuzzing test case #191469 (701 total, 0 uniq crashes found)...[0m
[1;94m[*] [0mFuzzing test case #191472 (701 total, 0 uniq crashes found)...[0m
[1;94m[*] [0mFuzzing test case #191489 (701 total, 0 uniq crashes found)...[0m
[1;94m[*] [0mFuzzing test case #191643 (701 total, 0 uniq crashes found)...[0m
[1;94m[*] [0mFuzzing test case #191735 (701 total, 0 uniq crashes found)...[0m
[1;94m[*] [0mFuzzing test case #191750 (701 total, 0 uniq crashes found)...[0m
[1;94m[*] [0mFuzzing test case #191827 (701 total, 0 uniq crashes found)...[0m
[1;94m[*] [0mFuzzing test case #191830 (701 total, 0 uniq crashes found)...[0m
[1;94m[*] [0mFuzzing test case #192063 (701 total, 0 uniq crashes found)...[0m
[1;94m[*] [0mFuzzing test case #192281 (701 total, 0 uniq crashes found)...[0m
[1;94m[*] [0mFuzzing test case #192359 (701 total, 0 uniq crashes found)...[0m
[1;94m[*] [0mFuzzing test case #192648 (701 total, 0 uniq crashes found)...[0m
[1;94m[*] [0mFuzzing test case #192677 (701 total, 0 uniq crashes found)...[0m
[1;94m[*] [0mFuzzing test case #192792 (701 total, 0 uniq crashes found)...[0m
[1;94m[*] [0mFuzzing test case #192801 (701 total, 0 uniq crashes found)...[0m
[1;94m[*] [0mFuzzing test case #192908 (701 total, 0 uniq crashes found)...[0m
[1;94m[*] [0mFuzzing test case #193084 (701 total, 0 uniq crashes found)...[0m
[1;94m[*] [0mFuzzing test case #193251 (701 total, 0 uniq crashes found)...[0m
[1;94m[*] [0mFuzzing test case #193316 (701 total, 0 uniq crashes found)...[0m
[1;94m[*] [0mFuzzing test case #193374 (701 total, 0 uniq crashes found)...[0m
[1;94m[*] [0mFuzzing test case #193442 (701 total, 0 uniq crashes found)...[0m
[1;94m[*] [0mFuzzing test case #193458 (701 total, 0 uniq crashes found)...[0m
[1;94m[*] [0mFuzzing test case #193570 (701 total, 0 uniq crashes found)...[0m
[1;94m[*] [0mFuzzing test case #193572 (701 total, 0 uniq crashes found)...[0m
[1;94m[*] [0mFuzzing test case #193607 (701 total, 0 uniq crashes found)...[0m
[1;94m[*] [0mFuzzing test case #193608 (702 total, 0 uniq crashes found)...[0m
[1;94m[*] [0mFuzzing test case #193759 (704 total, 0 uniq crashes found)...[0m
[1;94m[*] [0mFuzzing test case #193908 (704 total, 0 uniq crashes found)...[0m
[1;94m[*] [0mFuzzing test case #194160 (704 total, 0 uniq crashes found)...[0m
[1;94m[*] [0mFuzzing test case #194235 (704 total, 0 uniq crashes found)...[0m
[1;94m[*] [0mFuzzing test case #194343 (704 total, 0 uniq crashes found)...[0m
[1;94m[*] [0mFuzzing test case #194361 (704 total, 0 uniq crashes found)...[0m
[1;94m[*] [0mFuzzing test case #194424 (704 total, 0 uniq crashes found)...[0m
[1;94m[*] [0mFuzzing test case #194548 (704 total, 0 uniq crashes found)...[0m
[1;94m[*] [0mFuzzing test case #194644 (704 total, 0 uniq crashes found)...[0m
[1;94m[*] [0mFuzzing test case #194818 (704 total, 0 uniq crashes found)...[0m
[1;94m[*] [0mFuzzing test case #194958 (704 total, 0 uniq crashes found)...[0m
[1;94m[*] [0mFuzzing test case #195009 (704 total, 0 uniq crashes found)...[0m
[1;94m[*] [0mFuzzing test case #195319 (704 total, 0 uniq crashes found)...[0m
[1;94m[*] [0mFuzzing test case #195519 (704 total, 0 uniq crashes found)...[0m
[1;94m[*] [0mFuzzing test case #195539 (704 total, 0 uniq crashes found)...[0m
[1;94m[*] [0mFuzzing test case #195558 (704 total, 0 uniq crashes found)...[0m
[1;94m[*] [0mFuzzing test case #195602 (704 total, 0 uniq crashes found)...[0m
[1;94m[*] [0mFuzzing test case #195617 (704 total, 0 uniq crashes found)...[0m
[1;94m[*] [0mFuzzing test case #195700 (704 total, 0 uniq crashes found)...[0m
[1;94m[*] [0mFuzzing test case #195791 (704 total, 0 uniq crashes found)...[0m
[1;94m[*] [0mFuzzing test case #195823 (704 total, 0 uniq crashes found)...[0m
[1;94m[*] [0mFuzzing test case #195845 (704 total, 0 uniq crashes found)...[0m
[1;94m[*] [0mFuzzing test case #195939 (704 total, 0 uniq crashes found)...[0m
[1;94m[*] [0mFuzzing test case #195979 (704 total, 0 uniq crashes found)...[0m
[1;94m[*] [0mFuzzing test case #195988 (704 total, 0 uniq crashes found)...[0m
[1;94m[*] [0mFuzzing test case #196126 (704 total, 0 uniq crashes found)...[0m
[1;94m[*] [0mFuzzing test case #196190 (704 total, 0 uniq crashes found)...[0m
[1;94m[*] [0mFuzzing test case #196246 (704 total, 0 uniq crashes found)...[0m
[1;94m[*] [0mFuzzing test case #196272 (704 total, 0 uniq crashes found)...[0m
[1;94m[*] [0mFuzzing test case #196365 (704 total, 0 uniq crashes found)...[0m
[1;94m[*] [0mFuzzing test case #196390 (704 total, 0 uniq crashes found)...[0m
[1;94m[*] [0mFuzzing test case #196555 (704 total, 0 uniq crashes found)...[0m
[1;94m[*] [0mFuzzing test case #196845 (704 total, 0 uniq crashes found)...[0m
[1;94m[*] [0mFuzzing test case #197039 (704 total, 0 uniq crashes found)...[0m
[1;94m[*] [0mFuzzing test case #197135 (704 total, 0 uniq crashes found)...[0m
[1;94m[*] [0mFuzzing test case #197137 (704 total, 0 uniq crashes found)...[0m
[1;94m[*] [0mFuzzing test case #197247 (704 total, 0 uniq crashes found)...[0m
[1;94m[*] [0mFuzzing test case #197369 (704 total, 0 uniq crashes found)...[0m
[1;94m[*] [0mFuzzing test case #197373 (704 total, 0 uniq crashes found)...[0m
[1;94m[*] [0mFuzzing test case #197442 (704 total, 0 uniq crashes found)...[0m
[1;94m[*] [0mFuzzing test case #197538 (704 total, 0 uniq crashes found)...[0m
[1;94m[*] [0mFuzzing test case #197625 (704 total, 0 uniq crashes found)...[0m
[1;94m[*] [0mFuzzing test case #197767 (704 total, 0 uniq crashes found)...[0m
[1;94m[*] [0mFuzzing test case #197804 (704 total, 0 uniq crashes found)...[0m
[1;94m[*] [0mFuzzing test case #197944 (704 total, 0 uniq crashes found)...[0m
[1;94m[*] [0mFuzzing test case #197972 (704 total, 0 uniq crashes found)...[0m
[1;94m[*] [0mFuzzing test case #197985 (704 total, 0 uniq crashes found)...[0m
[1;94m[*] [0mFuzzing test case #198237 (704 total, 0 uniq crashes found)...[0m
[1;94m[*] [0mFuzzing test case #198239 (704 total, 0 uniq crashes found)...[0m
[1;94m[*] [0mFuzzing test case #198253 (704 total, 0 uniq crashes found)...[0m
[1;94m[*] [0mFuzzing test case #198517 (704 total, 0 uniq crashes found)...[0m
[1;94m[*] [0mFuzzing test case #198526 (704 total, 0 uniq crashes found)...[0m
[1;94m[*] [0mFuzzing test case #198560 (704 total, 0 uniq crashes found)...[0m
[1;94m[*] [0mFuzzing test case #198561 (704 total, 0 uniq crashes found)...[0m
[1;94m[*] [0mFuzzing test case #198611 (704 total, 0 uniq crashes found)...[0m
[1;94m[*] [0mFuzzing test case #198657 (704 total, 0 uniq crashes found)...[0m
[1;94m[*] [0mFuzzing test case #198805 (704 total, 0 uniq crashes found)...[0m
[1;94m[*] [0mFuzzing test case #198812 (704 total, 0 uniq crashes found)...[0m
[1;94m[*] [0mFuzzing test case #198815 (704 total, 0 uniq crashes found)...[0m
[1;94m[*] [0mFuzzing test case #198886 (704 total, 0 uniq crashes found)...[0m
[1;94m[*] [0mFuzzing test case #198921 (704 total, 0 uniq crashes found)...[0m
[1;94m[*] [0mFuzzing test case #199012 (704 total, 0 uniq crashes found)...[0m
[1;94m[*] [0mFuzzing test case #199038 (704 total, 0 uniq crashes found)...[0m
[1;94m[*] [0mFuzzing test case #199075 (704 total, 0 uniq crashes found)...[0m
[1;94m[*] [0mFuzzing test case #199082 (704 total, 0 uniq crashes found)...[0m
[1;94m[*] [0mFuzzing test case #199097 (704 total, 0 uniq crashes found)...[0m
[1;94m[*] [0mFuzzing test case #199303 (704 total, 0 uniq crashes found)...[0m
[1;94m[*] [0mFuzzing test case #199384 (704 total, 0 uniq crashes found)...[0m
[1;94m[*] [0mFuzzing test case #199394 (704 total, 0 uniq crashes found)...[0m
[1;94m[*] [0mFuzzing test case #199471 (704 total, 0 uniq crashes found)...[0m
[1;94m[*] [0mFuzzing test case #199503 (704 total, 0 uniq crashes found)...[0m
[1;94m[*] [0mFuzzing test case #199568 (704 total, 0 uniq crashes found)...[0m
[1;94m[*] [0mFuzzing test case #199709 (704 total, 0 uniq crashes found)...[0m
[1;94m[*] [0mFuzzing test case #199769 (704 total, 0 uniq crashes found)...[0m
[1;94m[*] [0mFuzzing test case #199882 (704 total, 0 uniq crashes found)...[0m
[1;94m[*] [0mFuzzing test case #200181 (704 total, 0 uniq crashes found)...[0m
[1;94m[*] [0mFuzzing test case #200254 (704 total, 0 uniq crashes found)...[0m
[1;94m[*] [0mFuzzing test case #200317 (704 total, 0 uniq crashes found)...[0m
[1;94m[*] [0mFuzzing test case #200352 (704 total, 0 uniq crashes found)...[0m
[1;94m[*] [0mFuzzing test case #200517 (704 total, 0 uniq crashes found)...[0m
[1;94m[*] [0mFuzzing test case #200577 (704 total, 0 uniq crashes found)...[0m
[1;94m[*] [0mFuzzing test case #200611 (704 total, 0 uniq crashes found)...[0m
[1;94m[*] [0mFuzzing test case #200724 (704 total, 0 uniq crashes found)...[0m
[1;94m[*] [0mFuzzing test case #200878 (704 total, 0 uniq crashes found)...[0m
[1;94m[*] [0mFuzzing test case #200971 (704 total, 0 uniq crashes found)...[0m
[1;94m[*] [0mFuzzing test case #201041 (704 total, 0 uniq crashes found)...[0m
[1;94m[*] [0mFuzzing test case #201111 (704 total, 0 uniq crashes found)...[0m
[1;94m[*] [0mFuzzing test case #201368 (704 total, 0 uniq crashes found)...[0m
[1;94m[*] [0mFuzzing test case #201388 (704 total, 0 uniq crashes found)...[0m
[1;94m[*] [0mFuzzing test case #201422 (704 total, 0 uniq crashes found)...[0m
[1;94m[*] [0mFuzzing test case #201489 (704 total, 0 uniq crashes found)...[0m
[1;94m[*] [0mFuzzing test case #201624 (704 total, 0 uniq crashes found)...[0m
[1;94m[*] [0mFuzzing test case #202151 (704 total, 0 uniq crashes found)...[0m
[1;94m[*] [0mFuzzing test case #202168 (704 total, 0 uniq crashes found)...[0m
[1;94m[*] [0mFuzzing test case #202331 (704 total, 0 uniq crashes found)...[0m
[1;94m[*] [0mFuzzing test case #202420 (704 total, 0 uniq crashes found)...[0m
[1;94m[*] [0mFuzzing test case #202423 (704 total, 0 uniq crashes found)...[0m
[1;94m[*] [0mFuzzing test case #202433 (704 total, 0 uniq crashes found)...[0m
[1;94m[*] [0mFuzzing test case #202510 (704 total, 0 uniq crashes found)...[0m
[1;94m[*] [0mFuzzing test case #202542 (704 total, 0 uniq crashes found)...[0m
[1;94m[*] [0mFuzzing test case #202661 (704 total, 0 uniq crashes found)...[0m
[1;94m[*] [0mFuzzing test case #202710 (704 total, 0 uniq crashes found)...[0m
[1;94m[*] [0mFuzzing test case #202828 (704 total, 0 uniq crashes found)...[0m
[1;94m[*] [0mFuzzing test case #202997 (704 total, 0 uniq crashes found)...[0m
[1;94m[*] [0mFuzzing test case #203025 (704 total, 0 uniq crashes found)...[0m
[1;94m[*] [0mFuzzing test case #203159 (704 total, 0 uniq crashes found)...[0m
[1;94m[*] [0mFuzzing test case #203207 (704 total, 0 uniq crashes found)...[0m
[1;94m[*] [0mFuzzing test case #203514 (704 total, 0 uniq crashes found)...[0m
[1;94m[*] [0mFuzzing test case #203591 (704 total, 0 uniq crashes found)...[0m
[1;94m[*] [0mFuzzing test case #203684 (704 total, 0 uniq crashes found)...[0m
[1;94m[*] [0mFuzzing test case #203695 (704 total, 0 uniq crashes found)...[0m
[1;94m[*] [0mFuzzing test case #203853 (704 total, 0 uniq crashes found)...[0m
[1;94m[*] [0mFuzzing test case #203963 (704 total, 0 uniq crashes found)...[0m
[1;94m[*] [0mFuzzing test case #203966 (704 total, 0 uniq crashes found)...[0m
[1;94m[*] [0mFuzzing test case #204211 (704 total, 0 uniq crashes found)...[0m
[1;94m[*] [0mFuzzing test case #204223 (704 total, 0 uniq crashes found)...[0m
[1;94m[*] [0mFuzzing test case #204357 (704 total, 0 uniq crashes found)...[0m
[1;94m[*] [0mFuzzing test case #204375 (704 total, 0 uniq crashes found)...[0m
[1;94m[*] [0mFuzzing test case #204462 (704 total, 0 uniq crashes found)...[0m
[1;94m[*] [0mFuzzing test case #204498 (704 total, 0 uniq crashes found)...[0m
[1;94m[*] [0mFuzzing test case #204665 (704 total, 0 uniq crashes found)...[0m
[1;94m[*] [0mFuzzing test case #204707 (704 total, 0 uniq crashes found)...[0m
[1;94m[*] [0mFuzzing test case #204812 (704 total, 0 uniq crashes found)...[0m
[1;94m[*] [0mFuzzing test case #204912 (704 total, 0 uniq crashes found)...[0m
[1;94m[*] [0mFuzzing test case #204937 (704 total, 0 uniq crashes found)...[0m
[1;94m[*] [0mFuzzing test case #205032 (704 total, 0 uniq crashes found)...[0m
[1;94m[*] [0mFuzzing test case #205061 (704 total, 0 uniq crashes found)...[0m
[1;94m[*] [0mFuzzing test case #205220 (704 total, 0 uniq crashes found)...[0m
[1;94m[*] [0mFuzzing test case #205299 (704 total, 0 uniq crashes found)...[0m
[1;94m[*] [0mFuzzing test case #205326 (704 total, 0 uniq crashes found)...[0m
[1;94m[*] [0mFuzzing test case #205555 (704 total, 0 uniq crashes found)...[0m
[1;94m[*] [0mFuzzing test case #205687 (704 total, 0 uniq crashes found)...[0m
[1;94m[*] [0mFuzzing test case #205776 (704 total, 0 uniq crashes found)...[0m
[1;94m[*] [0mFuzzing test case #205866 (704 total, 0 uniq crashes found)...[0m
[1;94m[*] [0mFuzzing test case #205925 (704 total, 0 uniq crashes found)...[0m
[1;94m[*] [0mFuzzing test case #206031 (704 total, 0 uniq crashes found)...[0m
[1;94m[*] [0mFuzzing test case #206063 (704 total, 0 uniq crashes found)...[0m
[1;94m[*] [0mFuzzing test case #206094 (704 total, 0 uniq crashes found)...[0m
[1;94m[*] [0mFuzzing test case #206203 (704 total, 0 uniq crashes found)...[0m
[1;94m[*] [0mFuzzing test case #206320 (704 total, 0 uniq crashes found)...[0m
[1;94m[*] [0mFuzzing test case #206343 (704 total, 0 uniq crashes found)...[0m
[1;94m[*] [0mFuzzing test case #206411 (704 total, 0 uniq crashes found)...[0m
[1;94m[*] [0mFuzzing test case #206525 (704 total, 0 uniq crashes found)...[0m
[1;94m[*] [0mFuzzing test case #206595 (704 total, 0 uniq crashes found)...[0m
[1;94m[*] [0mFuzzing test case #206703 (704 total, 0 uniq crashes found)...[0m
[1;94m[*] [0mFuzzing test case #206792 (704 total, 0 uniq crashes found)...[0m
[1;94m[*] [0mFuzzing test case #207010 (704 total, 0 uniq crashes found)...[0m
[1;94m[*] [0mFuzzing test case #207138 (704 total, 0 uniq crashes found)...[0m
[1;94m[*] [0mFuzzing test case #207484 (704 total, 0 uniq crashes found)...[0m
[1;94m[*] [0mFuzzing test case #207505 (704 total, 0 uniq crashes found)...[0m
[1;94m[*] [0mFuzzing test case #207518 (704 total, 0 uniq crashes found)...[0m
[1;94m[*] [0mFuzzing test case #207761 (704 total, 0 uniq crashes found)...[0m
[1;94m[*] [0mFuzzing test case #207901 (704 total, 0 uniq crashes found)...[0m
[1;94m[*] [0mFuzzing test case #207948 (704 total, 0 uniq crashes found)...[0m
[1;94m[*] [0mFuzzing test case #207950 (704 total, 0 uniq crashes found)...[0m
[1;94m[*] [0mFuzzing test case #207989 (704 total, 0 uniq crashes found)...[0m
[1;94m[*] [0mFuzzing test case #208205 (704 total, 0 uniq crashes found)...[0m
[1;94m[*] [0mFuzzing test case #208399 (704 total, 0 uniq crashes found)...[0m
[1;94m[*] [0mFuzzing test case #208706 (704 total, 0 uniq crashes found)...[0m
[1;94m[*] [0mFuzzing test case #208818 (704 total, 0 uniq crashes found)...[0m
[1;94m[*] [0mFuzzing test case #208984 (704 total, 0 uniq crashes found)...[0m
[1;94m[*] [0mFuzzing test case #208999 (704 total, 0 uniq crashes found)...[0m
[1;94m[*] [0mFuzzing test case #209072 (704 total, 0 uniq crashes found)...[0m
[1;94m[*] [0mFuzzing test case #209086 (704 total, 0 uniq crashes found)...[0m
[1;94m[*] [0mFuzzing test case #209388 (704 total, 0 uniq crashes found)...[0m
[1;94m[*] [0mFuzzing test case #209395 (704 total, 0 uniq crashes found)...[0m
[1;94m[*] [0mFuzzing test case #209431 (704 total, 0 uniq crashes found)...[0m
[1;94m[*] [0mFuzzing test case #209519 (704 total, 0 uniq crashes found)...[0m
[1;94m[*] [0mFuzzing test case #209716 (704 total, 0 uniq crashes found)...[0m
[1;94m[*] [0mFuzzing test case #209749 (704 total, 0 uniq crashes found)...[0m
[1;94m[*] [0mFuzzing test case #209797 (704 total, 0 uniq crashes found)...[0m
[1;94m[*] [0mFuzzing test case #209798 (704 total, 0 uniq crashes found)...[0m
[1;94m[*] [0mFuzzing test case #210068 (704 total, 0 uniq crashes found)...[0m
[1;94m[*] [0mFuzzing test case #210076 (704 total, 0 uniq crashes found)...[0m
[1;94m[*] [0mFuzzing test case #210144 (704 total, 0 uniq crashes found)...[0m
[1;94m[*] [0mFuzzing test case #210218 (704 total, 0 uniq crashes found)...[0m
[1;94m[*] [0mFuzzing test case #210229 (704 total, 0 uniq crashes found)...[0m
[1;94m[*] [0mFuzzing test case #210311 (704 total, 0 uniq crashes found)...[0m
[1;94m[*] [0mFuzzing test case #210315 (704 total, 0 uniq crashes found)...[0m
[1;94m[*] [0mFuzzing test case #210627 (704 total, 0 uniq crashes found)...[0m
[1;94m[*] [0mFuzzing test case #210647 (704 total, 0 uniq crashes found)...[0m
[1;94m[*] [0mFuzzing test case #210650 (704 total, 0 uniq crashes found)...[0m
[1;94m[*] [0mFuzzing test case #210725 (704 total, 0 uniq crashes found)...[0m
[1;94m[*] [0mFuzzing test case #210732 (704 total, 0 uniq crashes found)...[0m
[1;94m[*] [0mFuzzing test case #210750 (704 total, 0 uniq crashes found)...[0m
[1;94m[*] [0mFuzzing test case #210944 (704 total, 0 uniq crashes found)...[0m
[1;94m[*] [0mFuzzing test case #211033 (704 total, 0 uniq crashes found)...[0m
[1;94m[*] [0mFuzzing test case #211044 (704 total, 0 uniq crashes found)...[0m
[1;94m[*] [0mFuzzing test case #211147 (704 total, 0 uniq crashes found)...[0m
[1;94m[*] [0mFuzzing test case #211234 (704 total, 0 uniq crashes found)...[0m
[1;94m[*] [0mFuzzing test case #211350 (704 total, 0 uniq crashes found)...[0m
[1;94m[*] [0mFuzzing test case #211555 (704 total, 0 uniq crashes found)...[0m
[1;94m[*] [0mFuzzing test case #211701 (704 total, 0 uniq crashes found)...[0m
[1;94m[*] [0mFuzzing test case #211785 (704 total, 0 uniq crashes found)...[0m
[1;94m[*] [0mFuzzing test case #211886 (704 total, 0 uniq crashes found)...[0m
[1;94m[*] [0mFuzzing test case #211954 (704 total, 0 uniq crashes found)...[0m
[1;94m[*] [0mFuzzing test case #212016 (704 total, 0 uniq crashes found)...[0m
[1;94m[*] [0mFuzzing test case #212039 (704 total, 0 uniq crashes found)...[0m
[1;94m[*] [0mFuzzing test case #212167 (704 total, 0 uniq crashes found)...[0m
[1;94m[*] [0mFuzzing test case #212305 (704 total, 0 uniq crashes found)...[0m
[1;94m[*] [0mFuzzing test case #212536 (704 total, 0 uniq crashes found)...[0m
[1;94m[*] [0mFuzzing test case #212683 (704 total, 0 uniq crashes found)...[0m
[1;94m[*] [0mFuzzing test case #212779 (704 total, 0 uniq crashes found)...[0m
[1;94m[*] [0mFuzzing test case #212792 (704 total, 0 uniq crashes found)...[0m
[1;94m[*] [0mFuzzing test case #213114 (704 total, 0 uniq crashes found)...[0m
[1;94m[*] [0mFuzzing test case #213169 (704 total, 0 uniq crashes found)...[0m
[1;94m[*] [0mFuzzing test case #213268 (704 total, 0 uniq crashes found)...[0m
[1;94m[*] [0mFuzzing test case #213623 (704 total, 0 uniq crashes found)...[0m
[1;94m[*] [0mFuzzing test case #213624 (704 total, 0 uniq crashes found)...[0m
[1;94m[*] [0mFuzzing test case #213639 (704 total, 0 uniq crashes found)...[0m
[1;94m[*] [0mFuzzing test case #213706 (704 total, 0 uniq crashes found)...[0m
[1;94m[*] [0mFuzzing test case #213731 (704 total, 0 uniq crashes found)...[0m
[1;94m[*] [0mFuzzing test case #213818 (704 total, 0 uniq crashes found)...[0m
[1;94m[*] [0mFuzzing test case #213884 (704 total, 0 uniq crashes found)...[0m
[1;94m[*] [0mFuzzing test case #213957 (704 total, 0 uniq crashes found)...[0m
[1;94m[*] [0mFuzzing test case #214044 (704 total, 0 uniq crashes found)...[0m
[1;94m[*] [0mFuzzing test case #214313 (704 total, 0 uniq crashes found)...[0m
[1;94m[*] [0mFuzzing test case #214458 (704 total, 0 uniq crashes found)...[0m
[1;94m[*] [0mFuzzing test case #214709 (704 total, 0 uniq crashes found)...[0m
[1;94m[*] [0mFuzzing test case #215340 (704 total, 0 uniq crashes found)...[0m
[1;94m[*] [0mFuzzing test case #215343 (704 total, 0 uniq crashes found)...[0m
[1;94m[*] [0mFuzzing test case #215635 (704 total, 0 uniq crashes found)...[0m
[1;94m[*] [0mFuzzing test case #215727 (704 total, 0 uniq crashes found)...[0m
[1;94m[*] [0mFuzzing test case #215752 (704 total, 0 uniq crashes found)...[0m
[1;94m[*] [0mFuzzing test case #215859 (704 total, 0 uniq crashes found)...[0m
[1;94m[*] [0mFuzzing test case #216050 (704 total, 0 uniq crashes found)...[0m
[1;94m[*] [0mFuzzing test case #216518 (704 total, 0 uniq crashes found)...[0m
[1;94m[*] [0mFuzzing test case #216523 (704 total, 0 uniq crashes found)...[0m
[1;94m[*] [0mFuzzing test case #216534 (704 total, 0 uniq crashes found)...[0m
[1;94m[*] [0mFuzzing test case #216688 (704 total, 0 uniq crashes found)...[0m
[1;94m[*] [0mFuzzing test case #216740 (704 total, 0 uniq crashes found)...[0m
[1;94m[*] [0mFuzzing test case #216871 (704 total, 0 uniq crashes found)...[0m
[1;94m[*] [0mFuzzing test case #217083 (704 total, 0 uniq crashes found)...[0m
[1;94m[*] [0mFuzzing test case #217120 (704 total, 0 uniq crashes found)...[0m
[1;94m[*] [0mFuzzing test case #217480 (704 total, 0 uniq crashes found)...[0m
[1;94m[*] [0mFuzzing test case #217628 (704 total, 0 uniq crashes found)...[0m
[1;94m[*] [0mFuzzing test case #217655 (704 total, 0 uniq crashes found)...[0m
[1;94m[*] [0mFuzzing test case #217752 (704 total, 0 uniq crashes found)...[0m
[1;94m[*] [0mFuzzing test case #217962 (704 total, 0 uniq crashes found)...[0m
[1;94m[*] [0mFuzzing test case #217976 (704 total, 0 uniq crashes found)...[0m
[1;94m[*] [0mFuzzing test case #218120 (704 total, 0 uniq crashes found)...[0m
[1;94m[*] [0mFuzzing test case #218286 (704 total, 0 uniq crashes found)...[0m
[1;94m[*] [0mFuzzing test case #218291 (704 total, 0 uniq crashes found)...[0m
[1;94m[*] [0mFuzzing test case #218446 (704 total, 0 uniq crashes found)...[0m
[1;94m[*] [0mFuzzing test case #218480 (704 total, 0 uniq crashes found)...[0m
[1;94m[*] [0mFuzzing test case #218520 (704 total, 0 uniq crashes found)...[0m
[1;94m[*] [0mFuzzing test case #218559 (704 total, 0 uniq crashes found)...[0m
[1;94m[*] [0mFuzzing test case #218565 (704 total, 0 uniq crashes found)...[0m
[1;94m[*] [0mFuzzing test case #218590 (704 total, 0 uniq crashes found)...[0m
[1;94m[*] [0mFuzzing test case #218661 (704 total, 0 uniq crashes found)...[0m
[1;94m[*] [0mFuzzing test case #218667 (704 total, 0 uniq crashes found)...[0m
[1;94m[*] [0mFuzzing test case #218740 (704 total, 0 uniq crashes found)...[0m
[1;94m[*] [0mFuzzing test case #218855 (704 total, 0 uniq crashes found)...[0m
[1;94m[*] [0mFuzzing test case #218931 (704 total, 0 uniq crashes found)...[0m
[1;94m[*] [0mFuzzing test case #219043 (704 total, 0 uniq crashes found)...[0m
[1;94m[*] [0mFuzzing test case #219404 (704 total, 0 uniq crashes found)...[0m
[1;94m[*] [0mFuzzing test case #219449 (704 total, 0 uniq crashes found)...[0m
[1;94m[*] [0mFuzzing test case #219467 (704 total, 0 uniq crashes found)...[0m
[1;94m[*] [0mFuzzing test case #219934 (704 total, 0 uniq crashes found)...[0m
[1;94m[*] [0mFuzzing test case #220028 (704 total, 0 uniq crashes found)...[0m
[1;94m[*] [0mFuzzing test case #220148 (704 total, 0 uniq crashes found)...[0m
[1;94m[*] [0mFuzzing test case #220225 (704 total, 0 uniq crashes found)...[0m
[1;94m[*] [0mFuzzing test case #220315 (704 total, 0 uniq crashes found)...[0m
[1;94m[*] [0mFuzzing test case #220366 (704 total, 0 uniq crashes found)...[0m
[1;94m[*] [0mFuzzing test case #220381 (704 total, 0 uniq crashes found)...[0m
[1;94m[*] [0mFuzzing test case #220538 (704 total, 0 uniq crashes found)...[0m
[1;94m[*] [0mFuzzing test case #220681 (704 total, 0 uniq crashes found)...[0m
[1;94m[*] [0mFuzzing test case #220774 (704 total, 0 uniq crashes found)...[0m
[1;94m[*] [0mFuzzing test case #220783 (704 total, 0 uniq crashes found)...[0m
[1;94m[*] [0mFuzzing test case #221210 (704 total, 0 uniq crashes found)...[0m
[1;94m[*] [0mFuzzing test case #221295 (704 total, 0 uniq crashes found)...[0m
[1;94m[*] [0mFuzzing test case #221669 (704 total, 0 uniq crashes found)...[0m
[1;94m[*] [0mFuzzing test case #221759 (704 total, 0 uniq crashes found)...[0m
[1;94m[*] [0mFuzzing test case #221795 (704 total, 0 uniq crashes found)...[0m
[1;94m[*] [0mFuzzing test case #221971 (704 total, 0 uniq crashes found)...[0m
[1;94m[*] [0mFuzzing test case #222194 (704 total, 0 uniq crashes found)...[0m
[1;94m[*] [0mFuzzing test case #222337 (704 total, 0 uniq crashes found)...[0m
[1;94m[*] [0mFuzzing test case #222409 (704 total, 0 uniq crashes found)...[0m
[1;94m[*] [0mFuzzing test case #222765 (704 total, 0 uniq crashes found)...[0m
[1;94m[*] [0mFuzzing test case #223032 (704 total, 0 uniq crashes found)...[0m
[1;94m[*] [0mFuzzing test case #223177 (704 total, 0 uniq crashes found)...[0m
[1;94m[*] [0mFuzzing test case #223178 (704 total, 0 uniq crashes found)...[0m
[1;94m[*] [0mFuzzing test case #223213 (704 total, 0 uniq crashes found)...[0m
[1;94m[*] [0mFuzzing test case #223230 (704 total, 0 uniq crashes found)...[0m
[1;94m[*] [0mFuzzing test case #223441 (704 total, 0 uniq crashes found)...[0m
[1;94m[*] [0mFuzzing test case #223450 (704 total, 0 uniq crashes found)...[0m
[1;94m[*] [0mFuzzing test case #223496 (704 total, 0 uniq crashes found)...[0m
[1;94m[*] [0mFuzzing test case #223588 (704 total, 0 uniq crashes found)...[0m
[1;94m[*] [0mFuzzing test case #223603 (704 total, 0 uniq crashes found)...[0m
[1;94m[*] [0mFuzzing test case #223650 (704 total, 0 uniq crashes found)...[0m
[1;94m[*] [0mFuzzing test case #223704 (704 total, 0 uniq crashes found)...[0m
[1;94m[*] [0mFuzzing test case #223799 (704 total, 0 uniq crashes found)...[0m
[1;94m[*] [0mFuzzing test case #223893 (704 total, 0 uniq crashes found)...[0m
[1;94m[*] [0mFuzzing test case #223916 (704 total, 0 uniq crashes found)...[0m
[1;94m[*] [0mFuzzing test case #224048 (704 total, 0 uniq crashes found)...[0m
[1;94m[*] [0mFuzzing test case #224065 (704 total, 0 uniq crashes found)...[0m
[1;94m[*] [0mFuzzing test case #224259 (704 total, 0 uniq crashes found)...[0m
[1;94m[*] [0mFuzzing test case #224266 (704 total, 0 uniq crashes found)...[0m
[1;94m[*] [0mFuzzing test case #224292 (704 total, 0 uniq crashes found)...[0m
[1;94m[*] [0mFuzzing test case #224349 (704 total, 0 uniq crashes found)...[0m
[1;94m[*] [0mFuzzing test case #224461 (704 total, 0 uniq crashes found)...[0m
[1;94m[*] [0mFuzzing test case #224495 (704 total, 0 uniq crashes found)...[0m
[1;94m[*] [0mFuzzing test case #224742 (704 total, 0 uniq crashes found)...[0m
[1;94m[*] [0mFuzzing test case #224778 (704 total, 0 uniq crashes found)...[0m
[1;94m[*] [0mFuzzing test case #224876 (704 total, 0 uniq crashes found)...[0m
[1;94m[*] [0mFuzzing test case #225224 (704 total, 0 uniq crashes found)...[0m
[1;94m[*] [0mFuzzing test case #225304 (704 total, 0 uniq crashes found)...[0m
[1;94m[*] [0mFuzzing test case #225310 (704 total, 0 uniq crashes found)...[0m
[1;94m[*] [0mFuzzing test case #225350 (704 total, 0 uniq crashes found)...[0m
[1;94m[*] [0mFuzzing test case #225463 (704 total, 0 uniq crashes found)...[0m
[1;94m[*] [0mFuzzing test case #225694 (704 total, 0 uniq crashes found)...[0m
[1;94m[*] [0mFuzzing test case #225749 (704 total, 0 uniq crashes found)...[0m
[1;94m[*] [0mFuzzing test case #225830 (704 total, 0 uniq crashes found)...[0m
[1;94m[*] [0mFuzzing test case #225992 (704 total, 0 uniq crashes found)...[0m
[1;94m[*] [0mFuzzing test case #226288 (704 total, 0 uniq crashes found)...[0m
[1;94m[*] [0mFuzzing test case #226308 (704 total, 0 uniq crashes found)...[0m
[1;94m[*] [0mFuzzing test case #226517 (704 total, 0 uniq crashes found)...[0m
[1;94m[*] [0mFuzzing test case #226536 (704 total, 0 uniq crashes found)...[0m
[1;94m[*] [0mFuzzing test case #226560 (704 total, 0 uniq crashes found)...[0m
[1;94m[*] [0mFuzzing test case #226610 (704 total, 0 uniq crashes found)...[0m
[1;94m[*] [0mFuzzing test case #226622 (704 total, 0 uniq crashes found)...[0m
[1;94m[*] [0mFuzzing test case #226657 (704 total, 0 uniq crashes found)...[0m
[1;94m[*] [0mFuzzing test case #226687 (704 total, 0 uniq crashes found)...[0m
[1;94m[*] [0mFuzzing test case #226704 (704 total, 0 uniq crashes found)...[0m
[1;94m[*] [0mFuzzing test case #226762 (704 total, 0 uniq crashes found)...[0m
[1;94m[*] [0mFuzzing test case #226851 (704 total, 0 uniq crashes found)...[0m
[1;94m[*] [0mFuzzing test case #226879 (704 total, 0 uniq crashes found)...[0m
[1;94m[*] [0mFuzzing test case #227008 (704 total, 0 uniq crashes found)...[0m
[1;94m[*] [0mFuzzing test case #227067 (704 total, 0 uniq crashes found)...[0m
[1;94m[*] [0mFuzzing test case #227073 (704 total, 0 uniq crashes found)...[0m
[1;94m[*] [0mFuzzing test case #227213 (704 total, 0 uniq crashes found)...[0m
[1;94m[*] [0mFuzzing test case #227295 (704 total, 0 uniq crashes found)...[0m
[1;94m[*] [0mFuzzing test case #227399 (704 total, 0 uniq crashes found)...[0m
[1;94m[*] [0mFuzzing test case #227540 (704 total, 0 uniq crashes found)...[0m
[1;94m[*] [0mFuzzing test case #227615 (704 total, 0 uniq crashes found)...[0m
[1;94m[*] [0mFuzzing test case #227788 (704 total, 0 uniq crashes found)...[0m
[1;94m[*] [0mFuzzing test case #227844 (704 total, 0 uniq crashes found)...[0m
[1;94m[*] [0mFuzzing test case #227943 (704 total, 0 uniq crashes found)...[0m
[1;94m[*] [0mFuzzing test case #228087 (704 total, 0 uniq crashes found)...[0m
[1;94m[*] [0mFuzzing test case #228158 (704 total, 0 uniq crashes found)...[0m
[1;94m[*] [0mFuzzing test case #228329 (704 total, 0 uniq crashes found)...[0m
[1;94m[*] [0mFuzzing test case #228477 (704 total, 0 uniq crashes found)...[0m
[1;94m[*] [0mFuzzing test case #228500 (704 total, 0 uniq crashes found)...[0m
[1;94m[*] [0mFuzzing test case #228546 (704 total, 0 uniq crashes found)...[0m
[1;94m[*] [0mFuzzing test case #228637 (704 total, 0 uniq crashes found)...[0m
[1;94m[*] [0mFuzzing test case #228643 (704 total, 0 uniq crashes found)...[0m
[1;94m[*] [0mFuzzing test case #228644 (704 total, 0 uniq crashes found)...[0m
[1;94m[*] [0mFuzzing test case #228818 (704 total, 0 uniq crashes found)...[0m
[1;94m[*] [0mFuzzing test case #228828 (704 total, 0 uniq crashes found)...[0m
[1;94m[*] [0mFuzzing test case #229094 (704 total, 0 uniq crashes found)...[0m
[1;94m[*] [0mFuzzing test case #229222 (704 total, 0 uniq crashes found)...[0m
[1;94m[*] [0mFuzzing test case #229378 (704 total, 0 uniq crashes found)...[0m
[1;94m[*] [0mFuzzing test case #229425 (704 total, 0 uniq crashes found)...[0m
[1;94m[*] [0mFuzzing test case #229437 (704 total, 0 uniq crashes found)...[0m
[1;94m[*] [0mFuzzing test case #229465 (704 total, 0 uniq crashes found)...[0m
[1;94m[*] [0mFuzzing test case #229990 (704 total, 0 uniq crashes found)...[0m
[1;94m[*] [0mFuzzing test case #229992 (704 total, 0 uniq crashes found)...[0m
[1;94m[*] [0mFuzzing test case #230045 (704 total, 0 uniq crashes found)...[0m
[1;94m[*] [0mFuzzing test case #230116 (704 total, 0 uniq crashes found)...[0m
[1;94m[*] [0mFuzzing test case #230193 (704 total, 0 uniq crashes found)...[0m
[1;94m[*] [0mFuzzing test case #230284 (704 total, 0 uniq crashes found)...[0m
[1;94m[*] [0mFuzzing test case #230297 (704 total, 0 uniq crashes found)...[0m
[1;94m[*] [0mFuzzing test case #230394 (704 total, 0 uniq crashes found)...[0m
[1;94m[*] [0mFuzzing test case #230438 (704 total, 0 uniq crashes found)...[0m
[1;94m[*] [0mFuzzing test case #230487 (704 total, 0 uniq crashes found)...[0m
[1;94m[*] [0mFuzzing test case #230534 (704 total, 0 uniq crashes found)...[0m
[1;94m[*] [0mFuzzing test case #230607 (704 total, 0 uniq crashes found)...[0m
[1;94m[*] [0mFuzzing test case #230682 (704 total, 0 uniq crashes found)...[0m
[1;94m[*] [0mFuzzing test case #230806 (704 total, 0 uniq crashes found)...[0m
[1;94m[*] [0mFuzzing test case #230822 (704 total, 0 uniq crashes found)...[0m
[1;94m[*] [0mFuzzing test case #230851 (704 total, 0 uniq crashes found)...[0m
[1;94m[*] [0mFuzzing test case #230899 (704 total, 0 uniq crashes found)...[0m
[1;94m[*] [0mFuzzing test case #230909 (704 total, 0 uniq crashes found)...[0m
[1;94m[*] [0mFuzzing test case #231003 (704 total, 0 uniq crashes found)...[0m
[1;94m[*] [0mFuzzing test case #231051 (704 total, 0 uniq crashes found)...[0m
[1;94m[*] [0mFuzzing test case #231158 (704 total, 0 uniq crashes found)...[0m
[1;94m[*] [0mFuzzing test case #231186 (704 total, 0 uniq crashes found)...[0m
[1;94m[*] [0mFuzzing test case #231216 (704 total, 0 uniq crashes found)...[0m
[1;94m[*] [0mFuzzing test case #231266 (704 total, 0 uniq crashes found)...[0m
[1;94m[*] [0mFuzzing test case #231310 (704 total, 0 uniq crashes found)...[0m
[1;94m[*] [0mFuzzing test case #231569 (704 total, 0 uniq crashes found)...[0m
[1;94m[*] [0mFuzzing test case #231661 (704 total, 0 uniq crashes found)...[0m
[1;94m[*] [0mFuzzing test case #231691 (704 total, 0 uniq crashes found)...[0m
[1;94m[*] [0mFuzzing test case #231957 (704 total, 0 uniq crashes found)...[0m
[1;94m[*] [0mFuzzing test case #232000 (704 total, 0 uniq crashes found)...[0m
[1;94m[*] [0mFuzzing test case #232189 (704 total, 0 uniq crashes found)...[0m
[1;94m[*] [0mFuzzing test case #232252 (704 total, 0 uniq crashes found)...[0m
[1;94m[*] [0mFuzzing test case #232268 (704 total, 0 uniq crashes found)...[0m
[1;94m[*] [0mFuzzing test case #232276 (704 total, 0 uniq crashes found)...[0m
[1;94m[*] [0mFuzzing test case #232284 (704 total, 0 uniq crashes found)...[0m
[1;94m[*] [0mFuzzing test case #232290 (705 total, 0 uniq crashes found)...[0m
[1;94m[*] [0mFuzzing test case #232313 (705 total, 0 uniq crashes found)...[0m
[1;94m[*] [0mFuzzing test case #232501 (705 total, 0 uniq crashes found)...[0m
[1;94m[*] [0mFuzzing test case #232577 (705 total, 0 uniq crashes found)...[0m
[1;94m[*] [0mFuzzing test case #232673 (705 total, 0 uniq crashes found)...[0m
[1;94m[*] [0mFuzzing test case #232786 (705 total, 0 uniq crashes found)...[0m
[1;94m[*] [0mFuzzing test case #232793 (705 total, 0 uniq crashes found)...[0m
[1;94m[*] [0mFuzzing test case #232808 (705 total, 0 uniq crashes found)...[0m
[1;94m[*] [0mFuzzing test case #232879 (705 total, 0 uniq crashes found)...[0m
[1;94m[*] [0mFuzzing test case #233014 (705 total, 0 uniq crashes found)...[0m
[1;94m[*] [0mFuzzing test case #233060 (705 total, 0 uniq crashes found)...[0m
[1;94m[*] [0mFuzzing test case #233078 (705 total, 0 uniq crashes found)...[0m
[1;94m[*] [0mFuzzing test case #233091 (705 total, 0 uniq crashes found)...[0m
[1;94m[*] [0mFuzzing test case #233115 (705 total, 0 uniq crashes found)...[0m
[1;94m[*] [0mFuzzing test case #233163 (705 total, 0 uniq crashes found)...[0m
[1;94m[*] [0mFuzzing test case #233202 (705 total, 0 uniq crashes found)...[0m
[1;94m[*] [0mFuzzing test case #233331 (705 total, 0 uniq crashes found)...[0m
[1;94m[*] [0mFuzzing test case #233413 (705 total, 0 uniq crashes found)...[0m
[1;94m[*] [0mFuzzing test case #233473 (705 total, 0 uniq crashes found)...[0m
[1;94m[*] [0mFuzzing test case #233529 (705 total, 0 uniq crashes found)...[0m
[1;94m[*] [0mFuzzing test case #233586 (705 total, 0 uniq crashes found)...[0m
[1;94m[*] [0mFuzzing test case #233747 (705 total, 0 uniq crashes found)...[0m
[1;94m[*] [0mFuzzing test case #233793 (705 total, 0 uniq crashes found)...[0m
[1;94m[*] [0mFuzzing test case #234148 (705 total, 0 uniq crashes found)...[0m
[1;94m[*] [0mFuzzing test case #234188 (705 total, 0 uniq crashes found)...[0m
[1;94m[*] [0mFuzzing test case #234420 (705 total, 0 uniq crashes found)...[0m
[1;94m[*] [0mFuzzing test case #234488 (705 total, 0 uniq crashes found)...[0m
[1;94m[*] [0mFuzzing test case #234583 (705 total, 0 uniq crashes found)...[0m
[1;94m[*] [0mFuzzing test case #234584 (705 total, 0 uniq crashes found)...[0m
[1;94m[*] [0mFuzzing test case #234631 (705 total, 0 uniq crashes found)...[0m
[1;94m[*] [0mFuzzing test case #234769 (705 total, 0 uniq crashes found)...[0m
[1;94m[*] [0mFuzzing test case #235062 (705 total, 0 uniq crashes found)...[0m
[1;94m[*] [0mFuzzing test case #235151 (705 total, 0 uniq crashes found)...[0m
[1;94m[*] [0mFuzzing test case #235173 (705 total, 0 uniq crashes found)...[0m
[1;94m[*] [0mFuzzing test case #235200 (705 total, 0 uniq crashes found)...[0m
[1;94m[*] [0mFuzzing test case #235348 (705 total, 0 uniq crashes found)...[0m
[1;94m[*] [0mFuzzing test case #235608 (705 total, 0 uniq crashes found)...[0m
[1;94m[*] [0mFuzzing test case #235650 (705 total, 0 uniq crashes found)...[0m
[1;94m[*] [0mFuzzing test case #235652 (705 total, 0 uniq crashes found)...[0m
[1;94m[*] [0mFuzzing test case #235780 (705 total, 0 uniq crashes found)...[0m
[1;94m[*] [0mFuzzing test case #235936 (705 total, 0 uniq crashes found)...[0m
[1;94m[*] [0mFuzzing test case #235959 (705 total, 0 uniq crashes found)...[0m
[1;94m[*] [0mFuzzing test case #235980 (705 total, 0 uniq crashes found)...[0m
[1;94m[*] [0mFuzzing test case #236276 (705 total, 0 uniq crashes found)...[0m
[1;94m[*] [0mFuzzing test case #236434 (705 total, 0 uniq crashes found)...[0m
[1;94m[*] [0mFuzzing test case #236598 (705 total, 0 uniq crashes found)...[0m
[1;94m[*] [0mFuzzing test case #236661 (705 total, 0 uniq crashes found)...[0m
[1;94m[*] [0mFuzzing test case #236791 (705 total, 0 uniq crashes found)...[0m
[1;94m[*] [0mFuzzing test case #237011 (705 total, 0 uniq crashes found)...[0m
[1;94m[*] [0mFuzzing test case #237193 (705 total, 0 uniq crashes found)...[0m
[1;94m[*] [0mFuzzing test case #237202 (705 total, 0 uniq crashes found)...[0m
[1;94m[*] [0mFuzzing test case #237341 (705 total, 0 uniq crashes found)...[0m
[1;94m[*] [0mFuzzing test case #237655 (705 total, 0 uniq crashes found)...[0m
[1;94m[*] [0mFuzzing test case #237730 (705 total, 0 uniq crashes found)...[0m
[1;94m[*] [0mFuzzing test case #237972 (705 total, 0 uniq crashes found)...[0m
[1;94m[*] [0mFuzzing test case #238056 (705 total, 0 uniq crashes found)...[0m
[1;94m[*] [0mFuzzing test case #238071 (705 total, 0 uniq crashes found)...[0m
[1;94m[*] [0mFuzzing test case #238095 (705 total, 0 uniq crashes found)...[0m
[1;94m[*] [0mFuzzing test case #238133 (705 total, 0 uniq crashes found)...[0m
[1;94m[*] [0mFuzzing test case #238388 (705 total, 0 uniq crashes found)...[0m
[1;94m[*] [0mFuzzing test case #238457 (705 total, 0 uniq crashes found)...[0m
[1;94m[*] [0mFuzzing test case #238548 (705 total, 0 uniq crashes found)...[0m
[1;94m[*] [0mFuzzing test case #238628 (705 total, 0 uniq crashes found)...[0m
[1;94m[*] [0mFuzzing test case #238648 (705 total, 0 uniq crashes found)...[0m
[1;94m[*] [0mFuzzing test case #238656 (705 total, 0 uniq crashes found)...[0m
[1;94m[*] [0mFuzzing test case #238715 (705 total, 0 uniq crashes found)...[0m
[1;94m[*] [0mFuzzing test case #238759 (705 total, 0 uniq crashes found)...[0m
[1;94m[*] [0mFuzzing test case #238828 (705 total, 0 uniq crashes found)...[0m
[1;94m[*] [0mFuzzing test case #238860 (705 total, 0 uniq crashes found)...[0m
[1;94m[*] [0mFuzzing test case #239011 (705 total, 0 uniq crashes found)...[0m
[1;94m[*] [0mFuzzing test case #239079 (705 total, 0 uniq crashes found)...[0m
[1;94m[*] [0mFuzzing test case #239129 (705 total, 0 uniq crashes found)...[0m
[1;94m[*] [0mFuzzing test case #239408 (705 total, 0 uniq crashes found)...[0m
[1;94m[*] [0mFuzzing test case #239429 (705 total, 0 uniq crashes found)...[0m
[1;94m[*] [0mFuzzing test case #239598 (705 total, 0 uniq crashes found)...[0m
[1;94m[*] [0mFuzzing test case #239620 (705 total, 0 uniq crashes found)...[0m
[1;94m[*] [0mFuzzing test case #239890 (705 total, 0 uniq crashes found)...[0m
[1;94m[*] [0mFuzzing test case #239926 (705 total, 0 uniq crashes found)...[0m
[1;94m[*] [0mFuzzing test case #240129 (705 total, 0 uniq crashes found)...[0m
[1;94m[*] [0mFuzzing test case #240178 (705 total, 0 uniq crashes found)...[0m
[1;94m[*] [0mFuzzing test case #240295 (705 total, 0 uniq crashes found)...[0m
[1;94m[*] [0mFuzzing test case #240415 (705 total, 0 uniq crashes found)...[0m
[1;94m[*] [0mFuzzing test case #240454 (705 total, 0 uniq crashes found)...[0m
[1;94m[*] [0mFuzzing test case #240697 (705 total, 0 uniq crashes found)...[0m
[1;94m[*] [0mFuzzing test case #240725 (705 total, 0 uniq crashes found)...[0m
[1;94m[*] [0mFuzzing test case #240863 (705 total, 0 uniq crashes found)...[0m
[1;94m[*] [0mFuzzing test case #240967 (705 total, 0 uniq crashes found)...[0m
[1;94m[*] [0mFuzzing test case #241091 (705 total, 0 uniq crashes found)...[0m
[1;94m[*] [0mFuzzing test case #241128 (705 total, 0 uniq crashes found)...[0m
[1;94m[*] [0mFuzzing test case #241210 (705 total, 0 uniq crashes found)...[0m
[1;94m[*] [0mFuzzing test case #241344 (705 total, 0 uniq crashes found)...[0m
[1;94m[*] [0mFuzzing test case #241719 (705 total, 0 uniq crashes found)...[0m
[1;94m[*] [0mFuzzing test case #241785 (705 total, 0 uniq crashes found)...[0m
[1;94m[*] [0mFuzzing test case #241799 (705 total, 0 uniq crashes found)...[0m
[1;94m[*] [0mFuzzing test case #241818 (705 total, 0 uniq crashes found)...[0m
[1;94m[*] [0mFuzzing test case #241911 (705 total, 0 uniq crashes found)...[0m
[1;94m[*] [0mFuzzing test case #242033 (706 total, 0 uniq crashes found)...[0m
[1;94m[*] [0mFuzzing test case #242063 (706 total, 0 uniq crashes found)...[0m
[1;94m[*] [0mFuzzing test case #242171 (706 total, 0 uniq crashes found)...[0m
[1;94m[*] [0mFuzzing test case #242186 (706 total, 0 uniq crashes found)...[0m
[1;94m[*] [0mFuzzing test case #242551 (706 total, 0 uniq crashes found)...[0m
[1;94m[*] [0mFuzzing test case #242594 (706 total, 0 uniq crashes found)...[0m
[1;94m[*] [0mFuzzing test case #242702 (706 total, 0 uniq crashes found)...[0m
[1;94m[*] [0mFuzzing test case #242744 (706 total, 0 uniq crashes found)...[0m
[1;94m[*] [0mFuzzing test case #242755 (706 total, 0 uniq crashes found)...[0m
[1;94m[*] [0mFuzzing test case #242773 (706 total, 0 uniq crashes found)...[0m
[1;94m[*] [0mFuzzing test case #242849 (706 total, 0 uniq crashes found)...[0m
[1;94m[*] [0mFuzzing test case #242963 (706 total, 0 uniq crashes found)...[0m
[1;94m[*] [0mFuzzing test case #243027 (706 total, 0 uniq crashes found)...[0m
[1;94m[*] [0mFuzzing test case #243044 (706 total, 0 uniq crashes found)...[0m
[1;94m[*] [0mFuzzing test case #243132 (706 total, 0 uniq crashes found)...[0m
[1;94m[*] [0mFuzzing test case #243144 (706 total, 0 uniq crashes found)...[0m
[1;94m[*] [0mFuzzing test case #243164 (706 total, 0 uniq crashes found)...[0m
[1;94m[*] [0mFuzzing test case #243166 (706 total, 0 uniq crashes found)...[0m
[1;94m[*] [0mFuzzing test case #243244 (706 total, 0 uniq crashes found)...[0m
[1;94m[*] [0mFuzzing test case #243288 (706 total, 0 uniq crashes found)...[0m
[1;94m[*] [0mFuzzing test case #243429 (706 total, 0 uniq crashes found)...[0m
[1;94m[*] [0mFuzzing test case #243440 (706 total, 0 uniq crashes found)...[0m
[1;94m[*] [0mFuzzing test case #243447 (706 total, 0 uniq crashes found)...[0m
[1;94m[*] [0mFuzzing test case #243451 (706 total, 0 uniq crashes found)...[0m
[1;94m[*] [0mFuzzing test case #243624 (706 total, 0 uniq crashes found)...[0m
[1;94m[*] [0mFuzzing test case #243660 (706 total, 0 uniq crashes found)...[0m
[1;94m[*] [0mFuzzing test case #243679 (706 total, 0 uniq crashes found)...[0m
[1;94m[*] [0mFuzzing test case #243696 (706 total, 0 uniq crashes found)...[0m
[1;94m[*] [0mFuzzing test case #244020 (706 total, 0 uniq crashes found)...[0m
[1;94m[*] [0mFuzzing test case #244051 (706 total, 0 uniq crashes found)...[0m
[1;94m[*] [0mFuzzing test case #244105 (706 total, 0 uniq crashes found)...[0m
[1;94m[*] [0mFuzzing test case #244169 (706 total, 0 uniq crashes found)...[0m
[1;94m[*] [0mFuzzing test case #244184 (706 total, 0 uniq crashes found)...[0m
[1;94m[*] [0mFuzzing test case #244343 (706 total, 0 uniq crashes found)...[0m
[1;94m[*] [0mFuzzing test case #244423 (706 total, 0 uniq crashes found)...[0m
[1;94m[*] [0mFuzzing test case #244490 (706 total, 0 uniq crashes found)...[0m
[1;94m[*] [0mFuzzing test case #244587 (706 total, 0 uniq crashes found)...[0m
[1;94m[*] [0mFuzzing test case #244658 (706 total, 0 uniq crashes found)...[0m
[1;94m[*] [0mFuzzing test case #244757 (706 total, 0 uniq crashes found)...[0m
[1;94m[*] [0mFuzzing test case #244810 (706 total, 0 uniq crashes found)...[0m
[1;94m[*] [0mFuzzing test case #245144 (706 total, 0 uniq crashes found)...[0m
[1;94m[*] [0mFuzzing test case #245402 (706 total, 0 uniq crashes found)...[0m
[1;94m[*] [0mFuzzing test case #245573 (706 total, 0 uniq crashes found)...[0m
[1;94m[*] [0mFuzzing test case #245584 (706 total, 0 uniq crashes found)...[0m
[1;94m[*] [0mFuzzing test case #245585 (706 total, 0 uniq crashes found)...[0m
[1;94m[*] [0mFuzzing test case #245737 (706 total, 0 uniq crashes found)...[0m
[1;94m[*] [0mFuzzing test case #245780 (706 total, 0 uniq crashes found)...[0m
[1;94m[*] [0mFuzzing test case #246096 (706 total, 0 uniq crashes found)...[0m
[1;94m[*] [0mFuzzing test case #246105 (706 total, 0 uniq crashes found)...[0m
[1;94m[*] [0mFuzzing test case #246244 (706 total, 0 uniq crashes found)...[0m
[1;94m[*] [0mFuzzing test case #246402 (706 total, 0 uniq crashes found)...[0m
[1;94m[*] [0mFuzzing test case #246653 (706 total, 0 uniq crashes found)...[0m
[1;94m[*] [0mFuzzing test case #246962 (706 total, 0 uniq crashes found)...[0m
[1;94m[*] [0mFuzzing test case #247009 (706 total, 0 uniq crashes found)...[0m
[1;94m[*] [0mFuzzing test case #247068 (706 total, 0 uniq crashes found)...[0m
[1;94m[*] [0mFuzzing test case #247085 (706 total, 0 uniq crashes found)...[0m
[1;94m[*] [0mFuzzing test case #247123 (706 total, 0 uniq crashes found)...[0m
[1;94m[*] [0mFuzzing test case #247242 (706 total, 0 uniq crashes found)...[0m
[1;94m[*] [0mFuzzing test case #247281 (706 total, 0 uniq crashes found)...[0m
[1;94m[*] [0mFuzzing test case #247397 (706 total, 0 uniq crashes found)...[0m
[1;94m[*] [0mFuzzing test case #247620 (706 total, 0 uniq crashes found)...[0m
[1;94m[*] [0mFuzzing test case #247639 (706 total, 0 uniq crashes found)...[0m
[1;94m[*] [0mFuzzing test case #247757 (706 total, 0 uniq crashes found)...[0m
[1;94m[*] [0mFuzzing test case #247932 (706 total, 0 uniq crashes found)...[0m
[1;94m[*] [0mFuzzing test case #248152 (706 total, 0 uniq crashes found)...[0m
[1;94m[*] [0mFuzzing test case #248200 (706 total, 0 uniq crashes found)...[0m
[1;94m[*] [0mFuzzing test case #248242 (706 total, 0 uniq crashes found)...[0m
[1;94m[*] [0mFuzzing test case #248592 (706 total, 0 uniq crashes found)...[0m
[1;94m[*] [0mFuzzing test case #248692 (706 total, 0 uniq crashes found)...[0m
[1;94m[*] [0mFuzzing test case #248760 (706 total, 0 uniq crashes found)...[0m
[1;94m[*] [0mFuzzing test case #248771 (706 total, 0 uniq crashes found)...[0m
[1;94m[*] [0mFuzzing test case #248824 (706 total, 0 uniq crashes found)...[0m
[1;94m[*] [0mFuzzing test case #249007 (706 total, 0 uniq crashes found)...[0m
[1;94m[*] [0mFuzzing test case #249148 (706 total, 0 uniq crashes found)...[0m
[1;94m[*] [0mFuzzing test case #249238 (706 total, 0 uniq crashes found)...[0m
[1;94m[*] [0mFuzzing test case #249316 (706 total, 0 uniq crashes found)...[0m
[1;94m[*] [0mFuzzing test case #249397 (706 total, 0 uniq crashes found)...[0m
[1;94m[*] [0mFuzzing test case #249427 (706 total, 0 uniq crashes found)...[0m
[1;94m[*] [0mFuzzing test case #249435 (706 total, 0 uniq crashes found)...[0m
[1;94m[*] [0mFuzzing test case #249437 (706 total, 0 uniq crashes found)...[0m
[1;94m[*] [0mFuzzing test case #249687 (706 total, 0 uniq crashes found)...[0m
[1;94m[*] [0mFuzzing test case #249732 (706 total, 0 uniq crashes found)...[0m
[1;94m[*] [0mFuzzing test case #249779 (706 total, 0 uniq crashes found)...[0m
[1;94m[*] [0mFuzzing test case #249797 (706 total, 0 uniq crashes found)...[0m
[1;94m[*] [0mFuzzing test case #249803 (706 total, 0 uniq crashes found)...[0m
[1;94m[*] [0mFuzzing test case #249806 (706 total, 0 uniq crashes found)...[0m
[1;94m[*] [0mFuzzing test case #250032 (706 total, 0 uniq crashes found)...[0m
[1;94m[*] [0mFuzzing test case #250036 (706 total, 0 uniq crashes found)...[0m
[1;94m[*] [0mFuzzing test case #250193 (706 total, 0 uniq crashes found)...[0m
[1;94m[*] [0mFuzzing test case #250205 (706 total, 0 uniq crashes found)...[0m
[1;94m[*] [0mFuzzing test case #250220 (706 total, 0 uniq crashes found)...[0m
[1;94m[*] [0mFuzzing test case #250609 (706 total, 0 uniq crashes found)...[0m
[1;94m[*] [0mFuzzing test case #250621 (706 total, 0 uniq crashes found)...[0m
[1;94m[*] [0mFuzzing test case #250713 (706 total, 0 uniq crashes found)...[0m
[1;94m[*] [0mFuzzing test case #250811 (706 total, 0 uniq crashes found)...[0m
[1;94m[*] [0mFuzzing test case #250886 (706 total, 0 uniq crashes found)...[0m
[1;94m[*] [0mFuzzing test case #251142 (706 total, 0 uniq crashes found)...[0m
[1;94m[*] [0mFuzzing test case #251169 (706 total, 0 uniq crashes found)...[0m
[1;94m[*] [0mFuzzing test case #251197 (706 total, 0 uniq crashes found)...[0m
[1;94m[*] [0mFuzzing test case #251233 (706 total, 0 uniq crashes found)...[0m
[1;94m[*] [0mFuzzing test case #251237 (706 total, 0 uniq crashes found)...[0m
[1;94m[*] [0mFuzzing test case #251277 (706 total, 0 uniq crashes found)...[0m
[1;94m[*] [0mFuzzing test case #251306 (706 total, 0 uniq crashes found)...[0m
[1;94m[*] [0mFuzzing test case #251334 (706 total, 0 uniq crashes found)...[0m
[1;94m[*] [0mFuzzing test case #251344 (706 total, 0 uniq crashes found)...[0m
[1;94m[*] [0mFuzzing test case #251365 (706 total, 0 uniq crashes found)...[0m
[1;94m[*] [0mFuzzing test case #251381 (706 total, 0 uniq crashes found)...[0m
[1;94m[*] [0mFuzzing test case #251397 (706 total, 0 uniq crashes found)...[0m
[1;94m[*] [0mFuzzing test case #251501 (706 total, 0 uniq crashes found)...[0m
[1;94m[*] [0mFuzzing test case #251596 (706 total, 0 uniq crashes found)...[0m
[1;94m[*] [0mFuzzing test case #251657 (706 total, 0 uniq crashes found)...[0m
[1;94m[*] [0mFuzzing test case #251735 (706 total, 0 uniq crashes found)...[0m
[1;94m[*] [0mFuzzing test case #251808 (706 total, 0 uniq crashes found)...[0m
[1;94m[*] [0mFuzzing test case #251815 (706 total, 0 uniq crashes found)...[0m
[1;94m[*] [0mFuzzing test case #251870 (706 total, 0 uniq crashes found)...[0m
[1;94m[*] [0mFuzzing test case #251887 (706 total, 0 uniq crashes found)...[0m
[1;94m[*] [0mFuzzing test case #251925 (706 total, 0 uniq crashes found)...[0m
[1;94m[*] [0mFuzzing test case #251959 (706 total, 0 uniq crashes found)...[0m
[1;94m[*] [0mFuzzing test case #252174 (706 total, 0 uniq crashes found)...[0m
[1;94m[*] [0mFuzzing test case #252261 (706 total, 0 uniq crashes found)...[0m
[1;94m[*] [0mFuzzing test case #252374 (706 total, 0 uniq crashes found)...[0m
[1;94m[*] [0mFuzzing test case #252438 (706 total, 0 uniq crashes found)...[0m
[1;94m[*] [0mFuzzing test case #252487 (706 total, 0 uniq crashes found)...[0m
[1;94m[*] [0mFuzzing test case #252650 (706 total, 0 uniq crashes found)...[0m
[1;94m[*] [0mFuzzing test case #252742 (706 total, 0 uniq crashes found)...[0m
[1;94m[*] [0mFuzzing test case #252920 (706 total, 0 uniq crashes found)...[0m
[1;94m[*] [0mFuzzing test case #253005 (706 total, 0 uniq crashes found)...[0m
[1;94m[*] [0mFuzzing test case #253148 (706 total, 0 uniq crashes found)...[0m
[1;94m[*] [0mFuzzing test case #253162 (706 total, 0 uniq crashes found)...[0m
[1;94m[*] [0mFuzzing test case #253230 (706 total, 0 uniq crashes found)...[0m
[1;94m[*] [0mFuzzing test case #253251 (706 total, 0 uniq crashes found)...[0m
[1;94m[*] [0mFuzzing test case #253279 (706 total, 0 uniq crashes found)...[0m
[1;94m[*] [0mFuzzing test case #253495 (706 total, 0 uniq crashes found)...[0m
[1;94m[*] [0mFuzzing test case #253624 (706 total, 0 uniq crashes found)...[0m
[1;94m[*] [0mFuzzing test case #253700 (706 total, 0 uniq crashes found)...[0m
[1;94m[*] [0mFuzzing test case #253796 (706 total, 0 uniq crashes found)...[0m
[1;94m[*] [0mFuzzing test case #253883 (706 total, 0 uniq crashes found)...[0m
[1;94m[*] [0mFuzzing test case #253946 (706 total, 0 uniq crashes found)...[0m
[1;94m[*] [0mFuzzing test case #253959 (706 total, 0 uniq crashes found)...[0m
[1;94m[*] [0mFuzzing test case #253966 (706 total, 0 uniq crashes found)...[0m
[1;94m[*] [0mFuzzing test case #254127 (706 total, 0 uniq crashes found)...[0m
[1;94m[*] [0mFuzzing test case #254201 (706 total, 0 uniq crashes found)...[0m
[1;94m[*] [0mFuzzing test case #254250 (706 total, 0 uniq crashes found)...[0m
[1;94m[*] [0mFuzzing test case #254329 (706 total, 0 uniq crashes found)...[0m
[1;94m[*] [0mFuzzing test case #254438 (706 total, 0 uniq crashes found)...[0m
[1;94m[*] [0mFuzzing test case #254441 (706 total, 0 uniq crashes found)...[0m
[1;94m[*] [0mFuzzing test case #254494 (706 total, 0 uniq crashes found)...[0m
[1;94m[*] [0mFuzzing test case #254508 (706 total, 0 uniq crashes found)...[0m
[1;94m[*] [0mFuzzing test case #254554 (706 total, 0 uniq crashes found)...[0m
[1;94m[*] [0mFuzzing test case #254561 (706 total, 0 uniq crashes found)...[0m
[1;94m[*] [0mFuzzing test case #254646 (706 total, 0 uniq crashes found)...[0m
[1;94m[*] [0mFuzzing test case #254688 (706 total, 0 uniq crashes found)...[0m
[1;94m[*] [0mFuzzing test case #255012 (706 total, 0 uniq crashes found)...[0m
[1;94m[*] [0mFuzzing test case #255044 (706 total, 0 uniq crashes found)...[0m
[1;94m[*] [0mFuzzing test case #255050 (706 total, 0 uniq crashes found)...[0m
[1;94m[*] [0mFuzzing test case #255051 (706 total, 0 uniq crashes found)...[0m
[1;94m[*] [0mFuzzing test case #255090 (706 total, 0 uniq crashes found)...[0m
[1;94m[*] [0mFuzzing test case #255134 (706 total, 0 uniq crashes found)...[0m
[1;94m[*] [0mFuzzing test case #255151 (706 total, 0 uniq crashes found)...[0m
[1;94m[*] [0mFuzzing test case #255216 (706 total, 0 uniq crashes found)...[0m
[1;94m[*] [0mFuzzing test case #255386 (706 total, 0 uniq crashes found)...[0m
[1;94m[*] [0mFuzzing test case #255564 (706 total, 0 uniq crashes found)...[0m
[1;94m[*] [0mFuzzing test case #255621 (706 total, 0 uniq crashes found)...[0m
[1;94m[*] [0mFuzzing test case #255817 (706 total, 0 uniq crashes found)...[0m
[1;94m[*] [0mFuzzing test case #255827 (706 total, 0 uniq crashes found)...[0m
[1;94m[*] [0mFuzzing test case #256098 (706 total, 0 uniq crashes found)...[0m
[1;94m[*] [0mFuzzing test case #256474 (706 total, 0 uniq crashes found)...[0m
[1;94m[*] [0mFuzzing test case #256476 (706 total, 0 uniq crashes found)...[0m
[1;94m[*] [0mFuzzing test case #256493 (706 total, 0 uniq crashes found)...[0m
[1;94m[*] [0mFuzzing test case #256607 (706 total, 0 uniq crashes found)...[0m
[1;94m[*] [0mFuzzing test case #256682 (706 total, 0 uniq crashes found)...[0m
[1;94m[*] [0mFuzzing test case #256906 (706 total, 0 uniq crashes found)...[0m
[1;94m[*] [0mFuzzing test case #257037 (706 total, 0 uniq crashes found)...[0m
[1;94m[*] [0mFuzzing test case #257173 (706 total, 0 uniq crashes found)...[0m
[1;94m[*] [0mFuzzing test case #257206 (706 total, 0 uniq crashes found)...[0m
[1;94m[*] [0mFuzzing test case #257233 (706 total, 0 uniq crashes found)...[0m
[1;94m[*] [0mFuzzing test case #257528 (706 total, 0 uniq crashes found)...[0m
[1;94m[*] [0mFuzzing test case #257578 (706 total, 0 uniq crashes found)...[0m
[1;94m[*] [0mFuzzing test case #257610 (706 total, 0 uniq crashes found)...[0m
[1;94m[*] [0mFuzzing test case #257655 (706 total, 0 uniq crashes found)...[0m
[1;94m[*] [0mFuzzing test case #257956 (706 total, 0 uniq crashes found)...[0m
[1;94m[*] [0mFuzzing test case #257993 (706 total, 0 uniq crashes found)...[0m
[1;94m[*] [0mFuzzing test case #258025 (706 total, 0 uniq crashes found)...[0m
[1;94m[*] [0mFuzzing test case #258169 (706 total, 0 uniq crashes found)...[0m
[1;94m[*] [0mFuzzing test case #258172 (706 total, 0 uniq crashes found)...[0m
[1;94m[*] [0mFuzzing test case #258173 (707 total, 0 uniq crashes found)...[0m
[1;94m[*] [0mFuzzing test case #258187 (707 total, 0 uniq crashes found)...[0m
[1;94m[*] [0mFuzzing test case #258191 (707 total, 0 uniq crashes found)...[0m
[1;94m[*] [0mFuzzing test case #258518 (707 total, 0 uniq crashes found)...[0m
[1;94m[*] [0mFuzzing test case #258590 (707 total, 0 uniq crashes found)...[0m
[1;94m[*] [0mFuzzing test case #258673 (707 total, 0 uniq crashes found)...[0m
[1;94m[*] [0mFuzzing test case #258830 (707 total, 0 uniq crashes found)...[0m
[1;94m[*] [0mFuzzing test case #258901 (707 total, 0 uniq crashes found)...[0m
[1;94m[*] [0mFuzzing test case #258985 (707 total, 0 uniq crashes found)...[0m
[1;94m[*] [0mFuzzing test case #259001 (707 total, 0 uniq crashes found)...[0m
[1;94m[*] [0mFuzzing test case #259025 (707 total, 0 uniq crashes found)...[0m
[1;94m[*] [0mFuzzing test case #259030 (707 total, 0 uniq crashes found)...[0m
[1;94m[*] [0mFuzzing test case #259176 (707 total, 0 uniq crashes found)...[0m
[1;94m[*] [0mFuzzing test case #259204 (707 total, 0 uniq crashes found)...[0m
[1;94m[*] [0mFuzzing test case #259254 (707 total, 0 uniq crashes found)...[0m
[1;94m[*] [0mFuzzing test case #259430 (707 total, 0 uniq crashes found)...[0m
[1;94m[*] [0mFuzzing test case #259624 (707 total, 0 uniq crashes found)...[0m
[1;94m[*] [0mFuzzing test case #259660 (707 total, 0 uniq crashes found)...[0m
[1;94m[*] [0mFuzzing test case #259879 (707 total, 0 uniq crashes found)...[0m
[1;94m[*] [0mFuzzing test case #259947 (707 total, 0 uniq crashes found)...[0m
[1;94m[*] [0mFuzzing test case #260105 (707 total, 0 uniq crashes found)...[0m
[1;94m[*] [0mFuzzing test case #260150 (707 total, 0 uniq crashes found)...[0m
[1;94m[*] [0mFuzzing test case #260201 (707 total, 0 uniq crashes found)...[0m
[1;94m[*] [0mFuzzing test case #260229 (707 total, 0 uniq crashes found)...[0m
[1;94m[*] [0mFuzzing test case #260474 (707 total, 0 uniq crashes found)...[0m
[1;94m[*] [0mFuzzing test case #260685 (707 total, 0 uniq crashes found)...[0m
[1;94m[*] [0mFuzzing test case #260881 (707 total, 0 uniq crashes found)...[0m
[1;94m[*] [0mFuzzing test case #260891 (707 total, 0 uniq crashes found)...[0m
[1;94m[*] [0mFuzzing test case #261010 (707 total, 0 uniq crashes found)...[0m
[1;94m[*] [0mFuzzing test case #261143 (707 total, 0 uniq crashes found)...[0m
[1;94m[*] [0mFuzzing test case #261285 (707 total, 0 uniq crashes found)...[0m
[1;94m[*] [0mFuzzing test case #261354 (707 total, 0 uniq crashes found)...[0m
[1;94m[*] [0mFuzzing test case #261380 (707 total, 0 uniq crashes found)...[0m
[1;94m[*] [0mFuzzing test case #261489 (707 total, 0 uniq crashes found)...[0m
[1;94m[*] [0mFuzzing test case #261579 (707 total, 0 uniq crashes found)...[0m
[1;94m[*] [0mFuzzing test case #261602 (707 total, 0 uniq crashes found)...[0m
[1;94m[*] [0mFuzzing test case #261785 (707 total, 0 uniq crashes found)...[0m
[1;94m[*] [0mFuzzing test case #261809 (707 total, 0 uniq crashes found)...[0m
[1;94m[*] [0mFuzzing test case #261831 (707 total, 0 uniq crashes found)...[0m
[1;94m[*] [0mFuzzing test case #262050 (707 total, 0 uniq crashes found)...[0m
[1;94m[*] [0mFuzzing test case #262060 (707 total, 0 uniq crashes found)...[0m
[1;94m[*] [0mFuzzing test case #262073 (707 total, 0 uniq crashes found)...[0m
[1;94m[*] [0mFuzzing test case #262177 (707 total, 0 uniq crashes found)...[0m
[1;94m[*] [0mFuzzing test case #262222 (707 total, 0 uniq crashes found)...[0m
[1;94m[*] [0mFuzzing test case #262398 (707 total, 0 uniq crashes found)...[0m
[1;94m[*] [0mFuzzing test case #262433 (707 total, 0 uniq crashes found)...[0m
[1;94m[*] [0mFuzzing test case #262558 (707 total, 0 uniq crashes found)...[0m
[1;94m[*] [0mFuzzing test case #262596 (707 total, 0 uniq crashes found)...[0m
[1;94m[*] [0mFuzzing test case #262663 (707 total, 0 uniq crashes found)...[0m
[1;94m[*] [0mFuzzing test case #262679 (707 total, 0 uniq crashes found)...[0m
[1;94m[*] [0mFuzzing test case #262693 (707 total, 0 uniq crashes found)...[0m
[1;94m[*] [0mFuzzing test case #262712 (707 total, 0 uniq crashes found)...[0m
[1;94m[*] [0mFuzzing test case #262744 (707 total, 0 uniq crashes found)...[0m
[1;94m[*] [0mFuzzing test case #262890 (707 total, 0 uniq crashes found)...[0m
[1;94m[*] [0mFuzzing test case #262996 (707 total, 0 uniq crashes found)...[0m
[1;94m[*] [0mFuzzing test case #263098 (707 total, 0 uniq crashes found)...[0m
[1;94m[*] [0mFuzzing test case #263150 (707 total, 0 uniq crashes found)...[0m
[1;94m[*] [0mFuzzing test case #263236 (707 total, 0 uniq crashes found)...[0m
[1;94m[*] [0mFuzzing test case #263397 (707 total, 0 uniq crashes found)...[0m
[1;94m[*] [0mFuzzing test case #263497 (707 total, 0 uniq crashes found)...[0m
[1;94m[*] [0mFuzzing test case #263540 (707 total, 0 uniq crashes found)...[0m
[1;94m[*] [0mFuzzing test case #263585 (707 total, 0 uniq crashes found)...[0m
[1;94m[*] [0mFuzzing test case #264441 (707 total, 0 uniq crashes found)...[0m
[1;94m[*] [0mFuzzing test case #264634 (707 total, 0 uniq crashes found)...[0m
[1;94m[*] [0mFuzzing test case #264653 (707 total, 0 uniq crashes found)...[0m
[1;94m[*] [0mFuzzing test case #264665 (707 total, 0 uniq crashes found)...[0m
[1;94m[*] [0mFuzzing test case #264698 (707 total, 0 uniq crashes found)...[0m
[1;94m[*] [0mFuzzing test case #265004 (707 total, 0 uniq crashes found)...[0m
[1;94m[*] [0mFuzzing test case #265012 (707 total, 0 uniq crashes found)...[0m
[1;94m[*] [0mFuzzing test case #265079 (707 total, 0 uniq crashes found)...[0m
[1;94m[*] [0mFuzzing test case #265265 (707 total, 0 uniq crashes found)...[0m
[1;94m[*] [0mFuzzing test case #265302 (707 total, 0 uniq crashes found)...[0m
[1;94m[*] [0mFuzzing test case #265325 (707 total, 0 uniq crashes found)...[0m
[1;94m[*] [0mFuzzing test case #265371 (707 total, 0 uniq crashes found)...[0m
[1;94m[*] [0mFuzzing test case #265379 (707 total, 0 uniq crashes found)...[0m
[1;94m[*] [0mFuzzing test case #265549 (707 total, 0 uniq crashes found)...[0m
[1;94m[*] [0mFuzzing test case #265595 (707 total, 0 uniq crashes found)...[0m
[1;94m[*] [0mFuzzing test case #265756 (707 total, 0 uniq crashes found)...[0m
[1;94m[*] [0mFuzzing test case #265875 (707 total, 0 uniq crashes found)...[0m
[1;94m[*] [0mFuzzing test case #265898 (707 total, 0 uniq crashes found)...[0m
[1;94m[*] [0mFuzzing test case #266090 (707 total, 0 uniq crashes found)...[0m
[1;94m[*] [0mFuzzing test case #266278 (707 total, 0 uniq crashes found)...[0m
[1;94m[*] [0mFuzzing test case #266432 (707 total, 0 uniq crashes found)...[0m
[1;94m[*] [0mFuzzing test case #266491 (707 total, 0 uniq crashes found)...[0m
[1;94m[*] [0mFuzzing test case #266638 (707 total, 0 uniq crashes found)...[0m
[1;94m[*] [0mFuzzing test case #266667 (707 total, 0 uniq crashes found)...[0m
[1;94m[*] [0mFuzzing test case #266862 (707 total, 0 uniq crashes found)...[0m
[1;94m[*] [0mFuzzing test case #266900 (707 total, 0 uniq crashes found)...[0m
[1;94m[*] [0mFuzzing test case #266956 (707 total, 0 uniq crashes found)...[0m
[1;94m[*] [0mFuzzing test case #266986 (707 total, 0 uniq crashes found)...[0m
[1;94m[*] [0mFuzzing test case #267022 (707 total, 0 uniq crashes found)...[0m
[1;94m[*] [0mFuzzing test case #267159 (707 total, 0 uniq crashes found)...[0m
[1;94m[*] [0mFuzzing test case #267170 (707 total, 0 uniq crashes found)...[0m
[1;94m[*] [0mFuzzing test case #267189 (707 total, 0 uniq crashes found)...[0m
[1;94m[*] [0mFuzzing test case #267574 (707 total, 0 uniq crashes found)...[0m
[1;94m[*] [0mFuzzing test case #267620 (707 total, 0 uniq crashes found)...[0m
[1;94m[*] [0mFuzzing test case #267643 (707 total, 0 uniq crashes found)...[0m
[1;94m[*] [0mFuzzing test case #267671 (707 total, 0 uniq crashes found)...[0m
[1;94m[*] [0mFuzzing test case #267720 (707 total, 0 uniq crashes found)...[0m
[1;94m[*] [0mFuzzing test case #267824 (707 total, 0 uniq crashes found)...[0m
[1;94m[*] [0mFuzzing test case #267917 (707 total, 0 uniq crashes found)...[0m
[1;94m[*] [0mFuzzing test case #267990 (707 total, 0 uniq crashes found)...[0m
[1;94m[*] [0mFuzzing test case #268048 (707 total, 0 uniq crashes found)...[0m
[1;94m[*] [0mFuzzing test case #268051 (707 total, 0 uniq crashes found)...[0m
[1;94m[*] [0mFuzzing test case #268162 (707 total, 0 uniq crashes found)...[0m
[1;94m[*] [0mFuzzing test case #268235 (707 total, 0 uniq crashes found)...[0m
[1;94m[*] [0mFuzzing test case #268241 (707 total, 0 uniq crashes found)...[0m
[1;94m[*] [0mFuzzing test case #268404 (707 total, 0 uniq crashes found)...[0m
[1;94m[*] [0mFuzzing test case #268411 (707 total, 0 uniq crashes found)...[0m
[1;94m[*] [0mFuzzing test case #268434 (707 total, 0 uniq crashes found)...[0m
[1;94m[*] [0mFuzzing test case #268646 (707 total, 0 uniq crashes found)...[0m
[1;94m[*] [0mFuzzing test case #268722 (707 total, 0 uniq crashes found)...[0m
[1;94m[*] [0mFuzzing test case #268811 (707 total, 0 uniq crashes found)...[0m
[1;94m[*] [0mFuzzing test case #269330 (707 total, 0 uniq crashes found)...[0m
[1;94m[*] [0mFuzzing test case #269609 (707 total, 0 uniq crashes found)...[0m
[1;94m[*] [0mFuzzing test case #269619 (707 total, 0 uniq crashes found)...[0m
[1;94m[*] [0mFuzzing test case #269706 (707 total, 0 uniq crashes found)...[0m
[1;94m[*] [0mFuzzing test case #269711 (707 total, 0 uniq crashes found)...[0m
[1;94m[*] [0mFuzzing test case #269927 (707 total, 0 uniq crashes found)...[0m
[1;94m[*] [0mFuzzing test case #269982 (707 total, 0 uniq crashes found)...[0m
[1;94m[*] [0mFuzzing test case #270076 (707 total, 0 uniq crashes found)...[0m
[1;94m[*] [0mFuzzing test case #270108 (707 total, 0 uniq crashes found)...[0m
[1;94m[*] [0mFuzzing test case #270203 (707 total, 0 uniq crashes found)...[0m
[1;94m[*] [0mFuzzing test case #270245 (707 total, 0 uniq crashes found)...[0m
[1;94m[*] [0mFuzzing test case #270447 (707 total, 0 uniq crashes found)...[0m
[1;94m[*] [0mFuzzing test case #270460 (707 total, 0 uniq crashes found)...[0m
[1;94m[*] [0mFuzzing test case #270653 (707 total, 0 uniq crashes found)...[0m
[1;94m[*] [0mFuzzing test case #270658 (707 total, 0 uniq crashes found)...[0m
[1;94m[*] [0mFuzzing test case #270775 (707 total, 0 uniq crashes found)...[0m
[1;94m[*] [0mFuzzing test case #270940 (707 total, 0 uniq crashes found)...[0m
[1;94m[*] [0mFuzzing test case #270966 (707 total, 0 uniq crashes found)...[0m
[1;94m[*] [0mFuzzing test case #271050 (707 total, 0 uniq crashes found)...[0m
[1;94m[*] [0mFuzzing test case #271089 (708 total, 0 uniq crashes found)...[0m
[1;94m[*] [0mFuzzing test case #271163 (708 total, 0 uniq crashes found)...[0m
[1;94m[*] [0mFuzzing test case #271268 (708 total, 0 uniq crashes found)...[0m
[1;94m[*] [0mFuzzing test case #271472 (708 total, 0 uniq crashes found)...[0m
[1;94m[*] [0mFuzzing test case #271487 (708 total, 0 uniq crashes found)...[0m
[1;94m[*] [0mFuzzing test case #271537 (708 total, 0 uniq crashes found)...[0m
[1;94m[*] [0mFuzzing test case #271635 (708 total, 0 uniq crashes found)...[0m
[1;94m[*] [0mFuzzing test case #271675 (708 total, 0 uniq crashes found)...[0m
[1;94m[*] [0mFuzzing test case #271772 (708 total, 0 uniq crashes found)...[0m
[1;94m[*] [0mFuzzing test case #271818 (708 total, 0 uniq crashes found)...[0m
[1;94m[*] [0mFuzzing test case #272479 (708 total, 0 uniq crashes found)...[0m
[1;94m[*] [0mFuzzing test case #272492 (708 total, 0 uniq crashes found)...[0m
[1;94m[*] [0mFuzzing test case #272504 (708 total, 0 uniq crashes found)...[0m
[1;94m[*] [0mFuzzing test case #272646 (708 total, 0 uniq crashes found)...[0m
[1;94m[*] [0mFuzzing test case #272865 (708 total, 0 uniq crashes found)...[0m
[1;94m[*] [0mFuzzing test case #272903 (708 total, 0 uniq crashes found)...[0m
[1;94m[*] [0mFuzzing test case #272998 (708 total, 0 uniq crashes found)...[0m
[1;94m[*] [0mFuzzing test case #273227 (708 total, 0 uniq crashes found)...[0m
[1;94m[*] [0mFuzzing test case #273253 (708 total, 0 uniq crashes found)...[0m
[1;94m[*] [0mFuzzing test case #273373 (708 total, 0 uniq crashes found)...[0m
[1;94m[*] [0mFuzzing test case #273478 (708 total, 0 uniq crashes found)...[0m
[1;94m[*] [0mFuzzing test case #273487 (708 total, 0 uniq crashes found)...[0m
[1;94m[*] [0mFuzzing test case #273495 (708 total, 0 uniq crashes found)...[0m
[1;94m[*] [0mFuzzing test case #273640 (708 total, 0 uniq crashes found)...[0m
[1;94m[*] [0mFuzzing test case #273691 (708 total, 0 uniq crashes found)...[0m
[1;94m[*] [0mFuzzing test case #273771 (708 total, 0 uniq crashes found)...[0m
[1;94m[*] [0mFuzzing test case #273779 (708 total, 0 uniq crashes found)...[0m
[1;94m[*] [0mFuzzing test case #273843 (708 total, 0 uniq crashes found)...[0m
[1;94m[*] [0mFuzzing test case #273860 (708 total, 0 uniq crashes found)...[0m
[1;94m[*] [0mFuzzing test case #273913 (708 total, 0 uniq crashes found)...[0m
[1;94m[*] [0mFuzzing test case #273959 (708 total, 0 uniq crashes found)...[0m
[1;94m[*] [0mFuzzing test case #274187 (708 total, 0 uniq crashes found)...[0m
[1;94m[*] [0mFuzzing test case #274256 (708 total, 0 uniq crashes found)...[0m
[1;94m[*] [0mFuzzing test case #274285 (708 total, 0 uniq crashes found)...[0m
[1;94m[*] [0mFuzzing test case #274382 (708 total, 0 uniq crashes found)...[0m
[1;94m[*] [0mFuzzing test case #274424 (708 total, 0 uniq crashes found)...[0m
[1;94m[*] [0mFuzzing test case #274458 (708 total, 0 uniq crashes found)...[0m
[1;94m[*] [0mFuzzing test case #274602 (708 total, 0 uniq crashes found)...[0m
[1;94m[*] [0mFuzzing test case #274833 (708 total, 0 uniq crashes found)...[0m
[1;94m[*] [0mFuzzing test case #275367 (708 total, 0 uniq crashes found)...[0m
[1;94m[*] [0mFuzzing test case #275524 (708 total, 0 uniq crashes found)...[0m
[1;94m[*] [0mFuzzing test case #275682 (708 total, 0 uniq crashes found)...[0m
[1;94m[*] [0mFuzzing test case #275873 (708 total, 0 uniq crashes found)...[0m
[1;94m[*] [0mFuzzing test case #276110 (708 total, 0 uniq crashes found)...[0m
[1;94m[*] [0mFuzzing test case #276250 (708 total, 0 uniq crashes found)...[0m
[1;94m[*] [0mFuzzing test case #276277 (708 total, 0 uniq crashes found)...[0m
[1;94m[*] [0mFuzzing test case #276281 (708 total, 0 uniq crashes found)...[0m
[1;94m[*] [0mFuzzing test case #276363 (708 total, 0 uniq crashes found)...[0m
[1;94m[*] [0mFuzzing test case #276422 (708 total, 0 uniq crashes found)...[0m
[1;94m[*] [0mFuzzing test case #276504 (708 total, 0 uniq crashes found)...[0m
[1;94m[*] [0mFuzzing test case #276883 (708 total, 0 uniq crashes found)...[0m
[1;94m[*] [0mFuzzing test case #276899 (708 total, 0 uniq crashes found)...[0m
[1;94m[*] [0mFuzzing test case #276985 (708 total, 0 uniq crashes found)...[0m
[1;94m[*] [0mFuzzing test case #277008 (708 total, 0 uniq crashes found)...[0m
[1;94m[*] [0mFuzzing test case #277083 (708 total, 0 uniq crashes found)...[0m
[1;94m[*] [0mFuzzing test case #277231 (708 total, 0 uniq crashes found)...[0m
[1;94m[*] [0mFuzzing test case #277581 (708 total, 0 uniq crashes found)...[0m
[1;94m[*] [0mFuzzing test case #277583 (708 total, 0 uniq crashes found)...[0m
[1;94m[*] [0mFuzzing test case #277640 (708 total, 0 uniq crashes found)...[0m
[1;94m[*] [0mFuzzing test case #277747 (708 total, 0 uniq crashes found)...[0m
[1;94m[*] [0mFuzzing test case #277813 (708 total, 0 uniq crashes found)...[0m
[1;94m[*] [0mFuzzing test case #277839 (708 total, 0 uniq crashes found)...[0m
[1;94m[*] [0mFuzzing test case #277933 (708 total, 0 uniq crashes found)...[0m
[1;94m[*] [0mFuzzing test case #278040 (708 total, 0 uniq crashes found)...[0m
[1;94m[*] [0mFuzzing test case #278316 (708 total, 0 uniq crashes found)...[0m
[1;94m[*] [0mFuzzing test case #278367 (708 total, 0 uniq crashes found)...[0m
[1;94m[*] [0mFuzzing test case #278454 (708 total, 0 uniq crashes found)...[0m
[1;94m[*] [0mFuzzing test case #278570 (708 total, 0 uniq crashes found)...[0m
[1;94m[*] [0mFuzzing test case #278685 (708 total, 0 uniq crashes found)...[0m
[1;94m[*] [0mFuzzing test case #278693 (708 total, 0 uniq crashes found)...[0m
[1;94m[*] [0mFuzzing test case #279147 (708 total, 0 uniq crashes found)...[0m
[1;94m[*] [0mFuzzing test case #279179 (708 total, 0 uniq crashes found)...[0m
[1;94m[*] [0mFuzzing test case #279197 (708 total, 0 uniq crashes found)...[0m
[1;94m[*] [0mFuzzing test case #279340 (708 total, 0 uniq crashes found)...[0m
[1;94m[*] [0mFuzzing test case #279355 (708 total, 0 uniq crashes found)...[0m
[1;94m[*] [0mFuzzing test case #279493 (708 total, 0 uniq crashes found)...[0m
[1;94m[*] [0mFuzzing test case #279510 (708 total, 0 uniq crashes found)...[0m
[1;94m[*] [0mFuzzing test case #279740 (708 total, 0 uniq crashes found)...[0m
[1;94m[*] [0mFuzzing test case #279741 (708 total, 0 uniq crashes found)...[0m
[1;94m[*] [0mFuzzing test case #279876 (708 total, 0 uniq crashes found)...[0m
[1;94m[*] [0mFuzzing test case #279975 (708 total, 0 uniq crashes found)...[0m
[1;94m[*] [0mFuzzing test case #280189 (708 total, 0 uniq crashes found)...[0m
[1;94m[*] [0mFuzzing test case #280234 (708 total, 0 uniq crashes found)...[0m
[1;94m[*] [0mFuzzing test case #280469 (708 total, 0 uniq crashes found)...[0m
[1;94m[*] [0mFuzzing test case #280669 (708 total, 0 uniq crashes found)...[0m
[1;94m[*] [0mFuzzing test case #280706 (708 total, 0 uniq crashes found)...[0m
[1;94m[*] [0mFuzzing test case #280862 (708 total, 0 uniq crashes found)...[0m
[1;94m[*] [0mFuzzing test case #280919 (708 total, 0 uniq crashes found)...[0m
[1;94m[*] [0mFuzzing test case #280970 (708 total, 0 uniq crashes found)...[0m
[1;94m[*] [0mFuzzing test case #280991 (708 total, 0 uniq crashes found)...[0m
[1;94m[*] [0mFuzzing test case #280998 (708 total, 0 uniq crashes found)...[0m
[1;94m[*] [0mFuzzing test case #281066 (708 total, 0 uniq crashes found)...[0m
[1;94m[*] [0mFuzzing test case #281131 (708 total, 0 uniq crashes found)...[0m
[1;94m[*] [0mFuzzing test case #281454 (708 total, 0 uniq crashes found)...[0m
[1;94m[*] [0mFuzzing test case #281457 (708 total, 0 uniq crashes found)...[0m
[1;94m[*] [0mFuzzing test case #281499 (708 total, 0 uniq crashes found)...[0m
[1;94m[*] [0mFuzzing test case #281558 (708 total, 0 uniq crashes found)...[0m
[1;94m[*] [0mFuzzing test case #281668 (708 total, 0 uniq crashes found)...[0m
[1;94m[*] [0mFuzzing test case #281833 (708 total, 0 uniq crashes found)...[0m
[1;94m[*] [0mFuzzing test case #281853 (708 total, 0 uniq crashes found)...[0m
[1;94m[*] [0mFuzzing test case #281992 (708 total, 0 uniq crashes found)...[0m
[1;94m[*] [0mFuzzing test case #282004 (708 total, 0 uniq crashes found)...[0m
[1;94m[*] [0mFuzzing test case #282293 (708 total, 0 uniq crashes found)...[0m
[1;94m[*] [0mFuzzing test case #282551 (708 total, 0 uniq crashes found)...[0m
[1;94m[*] [0mFuzzing test case #282685 (708 total, 0 uniq crashes found)...[0m
[1;94m[*] [0mFuzzing test case #282833 (708 total, 0 uniq crashes found)...[0m
[1;94m[*] [0mFuzzing test case #282913 (708 total, 0 uniq crashes found)...[0m
[1;94m[*] [0mFuzzing test case #283086 (708 total, 0 uniq crashes found)...[0m
[1;94m[*] [0mFuzzing test case #283489 (708 total, 0 uniq crashes found)...[0m
[1;94m[*] [0mFuzzing test case #283495 (708 total, 0 uniq crashes found)...[0m
[1;94m[*] [0mFuzzing test case #283496 (709 total, 0 uniq crashes found)...[0m
[1;94m[*] [0mFuzzing test case #283611 (712 total, 0 uniq crashes found)...[0m
[1;94m[*] [0mFuzzing test case #283637 (712 total, 0 uniq crashes found)...[0m
[1;94m[*] [0mFuzzing test case #283675 (712 total, 0 uniq crashes found)...[0m
[1;94m[*] [0mFuzzing test case #283776 (712 total, 0 uniq crashes found)...[0m
[1;94m[*] [0mFuzzing test case #283808 (713 total, 0 uniq crashes found)...[0m
[1;94m[*] [0mFuzzing test case #283839 (713 total, 0 uniq crashes found)...[0m
[1;94m[*] [0mFuzzing test case #284024 (713 total, 0 uniq crashes found)...[0m
[1;94m[*] [0mFuzzing test case #284056 (713 total, 0 uniq crashes found)...[0m
[1;94m[*] [0mFuzzing test case #284093 (713 total, 0 uniq crashes found)...[0m
[1;94m[*] [0mFuzzing test case #284339 (713 total, 0 uniq crashes found)...[0m
[1;94m[*] [0mFuzzing test case #284356 (713 total, 0 uniq crashes found)...[0m
[1;94m[*] [0mFuzzing test case #284442 (713 total, 0 uniq crashes found)...[0m
[1;94m[*] [0mFuzzing test case #284546 (713 total, 0 uniq crashes found)...[0m
[1;94m[*] [0mFuzzing test case #284566 (713 total, 0 uniq crashes found)...[0m
[1;94m[*] [0mFuzzing test case #284949 (713 total, 0 uniq crashes found)...[0m
[1;94m[*] [0mFuzzing test case #285003 (713 total, 0 uniq crashes found)...[0m
[1;94m[*] [0mFuzzing test case #285052 (713 total, 0 uniq crashes found)...[0m
[1;94m[*] [0mFuzzing test case #285162 (713 total, 0 uniq crashes found)...[0m
[1;94m[*] [0mFuzzing test case #285217 (713 total, 0 uniq crashes found)...[0m
[1;94m[*] [0mFuzzing test case #285272 (713 total, 0 uniq crashes found)...[0m
[1;94m[*] [0mFuzzing test case #285369 (713 total, 0 uniq crashes found)...[0m
[1;94m[*] [0mFuzzing test case #285392 (713 total, 0 uniq crashes found)...[0m
[1;94m[*] [0mFuzzing test case #285419 (713 total, 0 uniq crashes found)...[0m
[1;94m[*] [0mFuzzing test case #285493 (713 total, 0 uniq crashes found)...[0m
[1;94m[*] [0mFuzzing test case #285642 (713 total, 0 uniq crashes found)...[0m
[1;94m[*] [0mFuzzing test case #285673 (713 total, 0 uniq crashes found)...[0m
[1;94m[*] [0mFuzzing test case #285684 (713 total, 0 uniq crashes found)...[0m
[1;94m[*] [0mFuzzing test case #285880 (713 total, 0 uniq crashes found)...[0m
[1;94m[*] [0mFuzzing test case #286077 (713 total, 0 uniq crashes found)...[0m
[1;94m[*] [0mFuzzing test case #286171 (713 total, 0 uniq crashes found)...[0m
[1;94m[*] [0mFuzzing test case #286259 (713 total, 0 uniq crashes found)...[0m
[1;94m[*] [0mFuzzing test case #286289 (713 total, 0 uniq crashes found)...[0m
[1;94m[*] [0mFuzzing test case #286335 (713 total, 0 uniq crashes found)...[0m
[1;94m[*] [0mFuzzing test case #286391 (713 total, 0 uniq crashes found)...[0m
[1;94m[*] [0mFuzzing test case #286436 (713 total, 0 uniq crashes found)...[0m
[1;94m[*] [0mFuzzing test case #286570 (713 total, 0 uniq crashes found)...[0m
[1;94m[*] [0mFuzzing test case #286666 (713 total, 0 uniq crashes found)...[0m
[1;94m[*] [0mFuzzing test case #286802 (713 total, 0 uniq crashes found)...[0m
[1;94m[*] [0mFuzzing test case #286808 (713 total, 0 uniq crashes found)...[0m
[1;94m[*] [0mFuzzing test case #286893 (713 total, 0 uniq crashes found)...[0m
[1;94m[*] [0mFuzzing test case #286903 (713 total, 0 uniq crashes found)...[0m
[1;94m[*] [0mFuzzing test case #287039 (713 total, 0 uniq crashes found)...[0m
[1;94m[*] [0mFuzzing test case #287117 (713 total, 0 uniq crashes found)...[0m
[1;94m[*] [0mFuzzing test case #287209 (713 total, 0 uniq crashes found)...[0m
[1;94m[*] [0mFuzzing test case #287232 (713 total, 0 uniq crashes found)...[0m
[1;94m[*] [0mFuzzing test case #287252 (713 total, 0 uniq crashes found)...[0m
[1;94m[*] [0mFuzzing test case #287260 (713 total, 0 uniq crashes found)...[0m
[1;94m[*] [0mFuzzing test case #287282 (713 total, 0 uniq crashes found)...[0m
[1;94m[*] [0mFuzzing test case #287291 (713 total, 0 uniq crashes found)...[0m
[1;94m[*] [0mFuzzing test case #287371 (713 total, 0 uniq crashes found)...[0m
[1;94m[*] [0mFuzzing test case #287373 (713 total, 0 uniq crashes found)...[0m
[1;94m[*] [0mFuzzing test case #287379 (713 total, 0 uniq crashes found)...[0m
[1;94m[*] [0mFuzzing test case #287500 (713 total, 0 uniq crashes found)...[0m
[1;94m[*] [0mFuzzing test case #287661 (713 total, 0 uniq crashes found)...[0m
[1;94m[*] [0mFuzzing test case #287678 (713 total, 0 uniq crashes found)...[0m
[1;94m[*] [0mFuzzing test case #287739 (713 total, 0 uniq crashes found)...[0m
[1;94m[*] [0mFuzzing test case #287816 (713 total, 0 uniq crashes found)...[0m
[1;94m[*] [0mFuzzing test case #287862 (713 total, 0 uniq crashes found)...[0m
[1;94m[*] [0mFuzzing test case #287996 (713 total, 0 uniq crashes found)...[0m
[1;94m[*] [0mFuzzing test case #288177 (713 total, 0 uniq crashes found)...[0m
[1;94m[*] [0mFuzzing test case #288246 (713 total, 0 uniq crashes found)...[0m
[1;94m[*] [0mFuzzing test case #288382 (713 total, 0 uniq crashes found)...[0m
[1;94m[*] [0mFuzzing test case #288582 (713 total, 0 uniq crashes found)...[0m
[1;94m[*] [0mFuzzing test case #288721 (713 total, 0 uniq crashes found)...[0m
[1;94m[*] [0mFuzzing test case #288904 (713 total, 0 uniq crashes found)...[0m
[1;94m[*] [0mFuzzing test case #288922 (713 total, 0 uniq crashes found)...[0m
[1;94m[*] [0mFuzzing test case #288935 (713 total, 0 uniq crashes found)...[0m
[1;94m[*] [0mFuzzing test case #289171 (713 total, 0 uniq crashes found)...[0m
[1;94m[*] [0mFuzzing test case #289189 (713 total, 0 uniq crashes found)...[0m
[1;94m[*] [0mFuzzing test case #289235 (713 total, 0 uniq crashes found)...[0m
[1;94m[*] [0mFuzzing test case #289404 (713 total, 0 uniq crashes found)...[0m
[1;94m[*] [0mFuzzing test case #289432 (713 total, 0 uniq crashes found)...[0m
[1;94m[*] [0mFuzzing test case #289483 (713 total, 0 uniq crashes found)...[0m
[1;94m[*] [0mFuzzing test case #289664 (713 total, 0 uniq crashes found)...[0m
[1;94m[*] [0mFuzzing test case #289750 (713 total, 0 uniq crashes found)...[0m
[1;94m[*] [0mFuzzing test case #289873 (713 total, 0 uniq crashes found)...[0m
[1;94m[*] [0mFuzzing test case #290053 (713 total, 0 uniq crashes found)...[0m
[1;94m[*] [0mFuzzing test case #290055 (713 total, 0 uniq crashes found)...[0m
[1;94m[*] [0mFuzzing test case #290066 (713 total, 0 uniq crashes found)...[0m
[1;94m[*] [0mFuzzing test case #290131 (713 total, 0 uniq crashes found)...[0m
[1;94m[*] [0mFuzzing test case #290155 (713 total, 0 uniq crashes found)...[0m
[1;94m[*] [0mFuzzing test case #290238 (713 total, 0 uniq crashes found)...[0m
[1;94m[*] [0mFuzzing test case #290329 (713 total, 0 uniq crashes found)...[0m
[1;94m[*] [0mFuzzing test case #290369 (713 total, 0 uniq crashes found)...[0m
[1;94m[*] [0mFuzzing test case #290540 (713 total, 0 uniq crashes found)...[0m
[1;94m[*] [0mFuzzing test case #290584 (713 total, 0 uniq crashes found)...[0m
[1;94m[*] [0mFuzzing test case #290585 (713 total, 0 uniq crashes found)...[0m
[1;94m[*] [0mFuzzing test case #290618 (713 total, 0 uniq crashes found)...[0m
[1;94m[*] [0mFuzzing test case #290642 (713 total, 0 uniq crashes found)...[0m
[1;94m[*] [0mFuzzing test case #290701 (713 total, 0 uniq crashes found)...[0m
[1;94m[*] [0mFuzzing test case #290714 (713 total, 0 uniq crashes found)...[0m
[1;94m[*] [0mFuzzing test case #290775 (713 total, 0 uniq crashes found)...[0m
[1;94m[*] [0mFuzzing test case #291019 (713 total, 0 uniq crashes found)...[0m
[1;94m[*] [0mFuzzing test case #291253 (713 total, 0 uniq crashes found)...[0m
[1;94m[*] [0mFuzzing test case #291357 (713 total, 0 uniq crashes found)...[0m
[1;94m[*] [0mFuzzing test case #291600 (713 total, 0 uniq crashes found)...[0m
[1;94m[*] [0mFuzzing test case #291661 (713 total, 0 uniq crashes found)...[0m
[1;94m[*] [0mFuzzing test case #292184 (713 total, 0 uniq crashes found)...[0m
[1;94m[*] [0mFuzzing test case #292462 (713 total, 0 uniq crashes found)...[0m
[1;94m[*] [0mFuzzing test case #292472 (713 total, 0 uniq crashes found)...[0m
[1;94m[*] [0mFuzzing test case #292515 (713 total, 0 uniq crashes found)...[0m
[1;94m[*] [0mFuzzing test case #292674 (713 total, 0 uniq crashes found)...[0m
[1;94m[*] [0mFuzzing test case #292797 (713 total, 0 uniq crashes found)...[0m
[1;94m[*] [0mFuzzing test case #292834 (713 total, 0 uniq crashes found)...[0m
[1;94m[*] [0mFuzzing test case #292858 (713 total, 0 uniq crashes found)...[0m
[1;94m[*] [0mFuzzing test case #293048 (713 total, 0 uniq crashes found)...[0m
[1;94m[*] [0mFuzzing test case #293082 (713 total, 0 uniq crashes found)...[0m
[1;94m[*] [0mFuzzing test case #293122 (713 total, 0 uniq crashes found)...[0m
[1;94m[*] [0mFuzzing test case #293356 (713 total, 0 uniq crashes found)...[0m
[1;94m[*] [0mFuzzing test case #293557 (713 total, 0 uniq crashes found)...[0m
[1;94m[*] [0mFuzzing test case #293600 (713 total, 0 uniq crashes found)...[0m
[1;94m[*] [0mFuzzing test case #293923 (713 total, 0 uniq crashes found)...[0m
[1;94m[*] [0mFuzzing test case #293929 (713 total, 0 uniq crashes found)...[0m
[1;94m[*] [0mFuzzing test case #294051 (713 total, 0 uniq crashes found)...[0m
[1;94m[*] [0mFuzzing test case #294152 (713 total, 0 uniq crashes found)...[0m
[1;94m[*] [0mFuzzing test case #294190 (713 total, 0 uniq crashes found)...[0m
[1;94m[*] [0mFuzzing test case #294255 (713 total, 0 uniq crashes found)...[0m
[1;94m[*] [0mFuzzing test case #294320 (713 total, 0 uniq crashes found)...[0m
[1;94m[*] [0mFuzzing test case #294477 (713 total, 0 uniq crashes found)...[0m
[1;94m[*] [0mFuzzing test case #294860 (713 total, 0 uniq crashes found)...[0m
[1;94m[*] [0mFuzzing test case #294875 (713 total, 0 uniq crashes found)...[0m
[1;94m[*] [0mFuzzing test case #294942 (713 total, 0 uniq crashes found)...[0m
[1;94m[*] [0mFuzzing test case #294960 (713 total, 0 uniq crashes found)...[0m
[1;94m[*] [0mFuzzing test case #295062 (713 total, 0 uniq crashes found)...[0m
[1;94m[*] [0mFuzzing test case #295152 (713 total, 0 uniq crashes found)...[0m
[1;94m[*] [0mFuzzing test case #295198 (713 total, 0 uniq crashes found)...[0m
[1;94m[*] [0mFuzzing test case #295254 (713 total, 0 uniq crashes found)...[0m
[1;94m[*] [0mFuzzing test case #295429 (713 total, 0 uniq crashes found)...[0m
[1;94m[*] [0mFuzzing test case #295529 (713 total, 0 uniq crashes found)...[0m
[1;94m[*] [0mFuzzing test case #295597 (713 total, 0 uniq crashes found)...[0m
[1;94m[*] [0mFuzzing test case #295607 (713 total, 0 uniq crashes found)...[0m
[1;94m[*] [0mFuzzing test case #295669 (713 total, 0 uniq crashes found)...[0m
[1;94m[*] [0mFuzzing test case #295688 (713 total, 0 uniq crashes found)...[0m
[1;94m[*] [0mFuzzing test case #295781 (713 total, 0 uniq crashes found)...[0m
[1;94m[*] [0mFuzzing test case #295919 (713 total, 0 uniq crashes found)...[0m
[1;94m[*] [0mFuzzing test case #295989 (713 total, 0 uniq crashes found)...[0m
[1;94m[*] [0mFuzzing test case #296015 (713 total, 0 uniq crashes found)...[0m
[1;94m[*] [0mFuzzing test case #296074 (713 total, 0 uniq crashes found)...[0m
[1;94m[*] [0mFuzzing test case #296088 (713 total, 0 uniq crashes found)...[0m
[1;94m[*] [0mFuzzing test case #296194 (713 total, 0 uniq crashes found)...[0m
[1;94m[*] [0mFuzzing test case #296293 (713 total, 0 uniq crashes found)...[0m
[1;94m[*] [0mFuzzing test case #296355 (713 total, 0 uniq crashes found)...[0m
[1;94m[*] [0mFuzzing test case #296490 (713 total, 0 uniq crashes found)...[0m
[1;94m[*] [0mFuzzing test case #296502 (713 total, 0 uniq crashes found)...[0m
[1;94m[*] [0mFuzzing test case #296504 (713 total, 0 uniq crashes found)...[0m
[1;94m[*] [0mFuzzing test case #296616 (713 total, 0 uniq crashes found)...[0m
[1;94m[*] [0mFuzzing test case #296739 (713 total, 0 uniq crashes found)...[0m
[1;94m[*] [0mFuzzing test case #296817 (713 total, 0 uniq crashes found)...[0m
[1;94m[*] [0mFuzzing test case #296927 (713 total, 0 uniq crashes found)...[0m
[1;94m[*] [0mFuzzing test case #297003 (713 total, 0 uniq crashes found)...[0m
[1;94m[*] [0mFuzzing test case #297199 (713 total, 0 uniq crashes found)...[0m
[1;94m[*] [0mFuzzing test case #297247 (713 total, 0 uniq crashes found)...[0m
[1;94m[*] [0mFuzzing test case #297344 (713 total, 0 uniq crashes found)...[0m
[1;94m[*] [0mFuzzing test case #297540 (713 total, 0 uniq crashes found)...[0m
[1;94m[*] [0mFuzzing test case #297613 (713 total, 0 uniq crashes found)...[0m
[1;94m[*] [0mFuzzing test case #297657 (713 total, 0 uniq crashes found)...[0m
[1;94m[*] [0mFuzzing test case #297812 (713 total, 0 uniq crashes found)...[0m
[1;94m[*] [0mFuzzing test case #297935 (713 total, 0 uniq crashes found)...[0m
[1;94m[*] [0mFuzzing test case #297978 (713 total, 0 uniq crashes found)...[0m
[1;94m[*] [0mFuzzing test case #298068 (713 total, 0 uniq crashes found)...[0m
[1;94m[*] [0mFuzzing test case #298118 (713 total, 0 uniq crashes found)...[0m
[1;94m[*] [0mFuzzing test case #298120 (713 total, 0 uniq crashes found)...[0m
[1;94m[*] [0mFuzzing test case #298279 (713 total, 0 uniq crashes found)...[0m
[1;94m[*] [0mFuzzing test case #298297 (713 total, 0 uniq crashes found)...[0m
[1;94m[*] [0mFuzzing test case #298406 (713 total, 0 uniq crashes found)...[0m
[1;94m[*] [0mFuzzing test case #298647 (713 total, 0 uniq crashes found)...[0m
[1;94m[*] [0mFuzzing test case #298672 (713 total, 0 uniq crashes found)...[0m
[1;94m[*] [0mFuzzing test case #298927 (713 total, 0 uniq crashes found)...[0m
[1;94m[*] [0mFuzzing test case #299275 (713 total, 0 uniq crashes found)...[0m
[1;94m[*] [0mFuzzing test case #299279 (713 total, 0 uniq crashes found)...[0m
[1;94m[*] [0mFuzzing test case #299597 (713 total, 0 uniq crashes found)...[0m
[1;94m[*] [0mFuzzing test case #299622 (713 total, 0 uniq crashes found)...[0m
[1;94m[*] [0mFuzzing test case #299667 (713 total, 0 uniq crashes found)...[0m
[1;94m[*] [0mFuzzing test case #299725 (713 total, 0 uniq crashes found)...[0m
[1;94m[*] [0mFuzzing test case #299745 (713 total, 0 uniq crashes found)...[0m
[1;94m[*] [0mFuzzing test case #299763 (713 total, 0 uniq crashes found)...[0m
[1;94m[*] [0mFuzzing test case #299967 (713 total, 0 uniq crashes found)...[0m
[1;94m[*] [0mFuzzing test case #300014 (713 total, 0 uniq crashes found)...[0m
[1;94m[*] [0mFuzzing test case #300111 (713 total, 0 uniq crashes found)...[0m
[1;94m[*] [0mFuzzing test case #300143 (713 total, 0 uniq crashes found)...[0m
[1;94m[*] [0mFuzzing test case #300239 (713 total, 0 uniq crashes found)...[0m
[1;94m[*] [0mFuzzing test case #300242 (713 total, 0 uniq crashes found)...[0m
[1;94m[*] [0mFuzzing test case #300329 (713 total, 0 uniq crashes found)...[0m
[1;94m[*] [0mFuzzing test case #300412 (713 total, 0 uniq crashes found)...[0m
[1;94m[*] [0mFuzzing test case #300438 (713 total, 0 uniq crashes found)...[0m
[1;94m[*] [0mFuzzing test case #300448 (713 total, 0 uniq crashes found)...[0m
[1;94m[*] [0mFuzzing test case #300609 (713 total, 0 uniq crashes found)...[0m
[1;94m[*] [0mFuzzing test case #300743 (713 total, 0 uniq crashes found)...[0m
[1;94m[*] [0mFuzzing test case #300967 (713 total, 0 uniq crashes found)...[0m
[1;94m[*] [0mFuzzing test case #301079 (713 total, 0 uniq crashes found)...[0m
[1;94m[*] [0mFuzzing test case #301208 (713 total, 0 uniq crashes found)...[0m
[1;94m[*] [0mFuzzing test case #301253 (713 total, 0 uniq crashes found)...[0m
[1;94m[*] [0mFuzzing test case #301849 (713 total, 0 uniq crashes found)...[0m
[1;94m[*] [0mFuzzing test case #302025 (713 total, 0 uniq crashes found)...[0m
[1;94m[*] [0mFuzzing test case #302111 (713 total, 0 uniq crashes found)...[0m
[1;94m[*] [0mFuzzing test case #302209 (713 total, 0 uniq crashes found)...[0m
[1;94m[*] [0mFuzzing test case #302244 (713 total, 0 uniq crashes found)...[0m
[1;94m[*] [0mFuzzing test case #302419 (713 total, 0 uniq crashes found)...[0m
[1;94m[*] [0mFuzzing test case #302476 (713 total, 0 uniq crashes found)...[0m
[1;94m[*] [0mFuzzing test case #302499 (713 total, 0 uniq crashes found)...[0m
[1;94m[*] [0mFuzzing test case #302621 (713 total, 0 uniq crashes found)...[0m
[1;94m[*] [0mFuzzing test case #302775 (713 total, 0 uniq crashes found)...[0m
[1;94m[*] [0mFuzzing test case #302844 (713 total, 0 uniq crashes found)...[0m
[1;94m[*] [0mFuzzing test case #303147 (713 total, 0 uniq crashes found)...[0m
[1;94m[*] [0mFuzzing test case #303197 (713 total, 0 uniq crashes found)...[0m
[1;94m[*] [0mFuzzing test case #303452 (713 total, 0 uniq crashes found)...[0m
[1;94m[*] [0mFuzzing test case #303455 (713 total, 0 uniq crashes found)...[0m
[1;94m[*] [0mFuzzing test case #303476 (713 total, 0 uniq crashes found)...[0m
[1;94m[*] [0mFuzzing test case #303699 (713 total, 0 uniq crashes found)...[0m
[1;94m[*] [0mFuzzing test case #303799 (713 total, 0 uniq crashes found)...[0m
[1;94m[*] [0mFuzzing test case #303802 (713 total, 0 uniq crashes found)...[0m
[1;94m[*] [0mFuzzing test case #303807 (713 total, 0 uniq crashes found)...[0m
[1;94m[*] [0mFuzzing test case #303832 (713 total, 0 uniq crashes found)...[0m
[1;94m[*] [0mFuzzing test case #303846 (713 total, 0 uniq crashes found)...[0m
[1;94m[*] [0mFuzzing test case #304132 (713 total, 0 uniq crashes found)...[0m
[1;94m[*] [0mFuzzing test case #304134 (713 total, 0 uniq crashes found)...[0m
[1;94m[*] [0mFuzzing test case #304179 (713 total, 0 uniq crashes found)...[0m
[1;94m[*] [0mFuzzing test case #304284 (713 total, 0 uniq crashes found)...[0m
[1;94m[*] [0mFuzzing test case #304493 (713 total, 0 uniq crashes found)...[0m
[1;94m[*] [0mFuzzing test case #304571 (713 total, 0 uniq crashes found)...[0m
[1;94m[*] [0mFuzzing test case #304639 (713 total, 0 uniq crashes found)...[0m
[1;94m[*] [0mFuzzing test case #304710 (713 total, 0 uniq crashes found)...[0m
[1;94m[*] [0mFuzzing test case #304839 (713 total, 0 uniq crashes found)...[0m
[1;94m[*] [0mFuzzing test case #304857 (713 total, 0 uniq crashes found)...[0m
[1;94m[*] [0mFuzzing test case #304913 (713 total, 0 uniq crashes found)...[0m
[1;94m[*] [0mFuzzing test case #304920 (713 total, 0 uniq crashes found)...[0m
[1;94m[*] [0mFuzzing test case #304968 (713 total, 0 uniq crashes found)...[0m
[1;94m[*] [0mFuzzing test case #304995 (713 total, 0 uniq crashes found)...[0m
[1;94m[*] [0mFuzzing test case #305057 (713 total, 0 uniq crashes found)...[0m
[1;94m[*] [0mFuzzing test case #305059 (713 total, 0 uniq crashes found)...[0m
[1;94m[*] [0mFuzzing test case #305081 (713 total, 0 uniq crashes found)...[0m
[1;94m[*] [0mFuzzing test case #305308 (713 total, 0 uniq crashes found)...[0m
[1;94m[*] [0mFuzzing test case #305425 (713 total, 0 uniq crashes found)...[0m
[1;94m[*] [0mFuzzing test case #305814 (713 total, 0 uniq crashes found)...[0m
[1;94m[*] [0mFuzzing test case #306388 (713 total, 0 uniq crashes found)...[0m
[1;94m[*] [0mFuzzing test case #306707 (713 total, 0 uniq crashes found)...[0m
[1;94m[*] [0mFuzzing test case #306876 (713 total, 0 uniq crashes found)...[0m
[1;94m[*] [0mFuzzing test case #306942 (713 total, 0 uniq crashes found)...[0m
[1;94m[*] [0mFuzzing test case #306957 (713 total, 0 uniq crashes found)...[0m
[1;94m[*] [0mFuzzing test case #307010 (713 total, 0 uniq crashes found)...[0m
[1;94m[*] [0mFuzzing test case #307234 (713 total, 0 uniq crashes found)...[0m
[1;94m[*] [0mFuzzing test case #307296 (713 total, 0 uniq crashes found)...[0m
[1;94m[*] [0mFuzzing test case #307325 (713 total, 0 uniq crashes found)...[0m
[1;94m[*] [0mFuzzing test case #307408 (713 total, 0 uniq crashes found)...[0m
[1;94m[*] [0mFuzzing test case #307470 (713 total, 0 uniq crashes found)...[0m
[1;94m[*] [0mFuzzing test case #307527 (713 total, 0 uniq crashes found)...[0m
[1;94m[*] [0mFuzzing test case #307531 (713 total, 0 uniq crashes found)...[0m
[1;94m[*] [0mFuzzing test case #307558 (713 total, 0 uniq crashes found)...[0m
[1;94m[*] [0mFuzzing test case #307878 (713 total, 0 uniq crashes found)...[0m
[1;94m[*] [0mFuzzing test case #308171 (713 total, 0 uniq crashes found)...[0m
[1;94m[*] [0mFuzzing test case #308183 (713 total, 0 uniq crashes found)...[0m
[1;94m[*] [0mFuzzing test case #308369 (713 total, 0 uniq crashes found)...[0m
[1;94m[*] [0mFuzzing test case #308616 (713 total, 0 uniq crashes found)...[0m
[1;94m[*] [0mFuzzing test case #308647 (713 total, 0 uniq crashes found)...[0m
[1;94m[*] [0mFuzzing test case #308818 (713 total, 0 uniq crashes found)...[0m
[1;94m[*] [0mFuzzing test case #308860 (713 total, 0 uniq crashes found)...[0m
[1;94m[*] [0mFuzzing test case #308922 (713 total, 0 uniq crashes found)...[0m
[1;94m[*] [0mFuzzing test case #308984 (713 total, 0 uniq crashes found)...[0m
[1;94m[*] [0mFuzzing test case #308988 (713 total, 0 uniq crashes found)...[0m
[1;94m[*] [0mFuzzing test case #309211 (713 total, 0 uniq crashes found)...[0m
[1;94m[*] [0mFuzzing test case #309462 (713 total, 0 uniq crashes found)...[0m
[1;94m[*] [0mFuzzing test case #309558 (713 total, 0 uniq crashes found)...[0m
[1;94m[*] [0mFuzzing test case #309713 (713 total, 0 uniq crashes found)...[0m
[1;94m[*] [0mFuzzing test case #309944 (713 total, 0 uniq crashes found)...[0m
[1;94m[*] [0mFuzzing test case #309980 (713 total, 0 uniq crashes found)...[0m
[1;94m[*] [0mFuzzing test case #310113 (713 total, 0 uniq crashes found)...[0m
[1;94m[*] [0mFuzzing test case #310230 (713 total, 0 uniq crashes found)...[0m
[1;94m[*] [0mFuzzing test case #310382 (713 total, 0 uniq crashes found)...[0m
[1;94m[*] [0mFuzzing test case #310541 (713 total, 0 uniq crashes found)...[0m
[1;94m[*] [0mFuzzing test case #310803 (713 total, 0 uniq crashes found)...[0m
[1;94m[*] [0mFuzzing test case #310850 (713 total, 0 uniq crashes found)...[0m
[1;94m[*] [0mFuzzing test case #311012 (713 total, 0 uniq crashes found)...[0m
[1;94m[*] [0mFuzzing test case #311014 (713 total, 0 uniq crashes found)...[0m
[1;94m[*] [0mFuzzing test case #311155 (713 total, 0 uniq crashes found)...[0m
[1;94m[*] [0mFuzzing test case #311293 (713 total, 0 uniq crashes found)...[0m
[1;94m[*] [0mFuzzing test case #311316 (713 total, 0 uniq crashes found)...[0m
[1;94m[*] [0mFuzzing test case #311464 (713 total, 0 uniq crashes found)...[0m
[1;94m[*] [0mFuzzing test case #311481 (713 total, 0 uniq crashes found)...[0m
[1;94m[*] [0mFuzzing test case #311584 (713 total, 0 uniq crashes found)...[0m
[1;94m[*] [0mFuzzing test case #311605 (713 total, 0 uniq crashes found)...[0m
[1;94m[*] [0mFuzzing test case #311654 (713 total, 0 uniq crashes found)...[0m
[1;94m[*] [0mFuzzing test case #311729 (713 total, 0 uniq crashes found)...[0m
[1;94m[*] [0mFuzzing test case #311912 (713 total, 0 uniq crashes found)...[0m
[1;94m[*] [0mFuzzing test case #312043 (713 total, 0 uniq crashes found)...[0m
[1;94m[*] [0mFuzzing test case #312046 (713 total, 0 uniq crashes found)...[0m
[1;94m[*] [0mFuzzing test case #312215 (713 total, 0 uniq crashes found)...[0m
[1;94m[*] [0mFuzzing test case #312471 (713 total, 0 uniq crashes found)...[0m
[1;94m[*] [0mFuzzing test case #312502 (713 total, 0 uniq crashes found)...[0m
[1;94m[*] [0mFuzzing test case #312527 (713 total, 0 uniq crashes found)...[0m
[1;94m[*] [0mFuzzing test case #312540 (713 total, 0 uniq crashes found)...[0m
[1;94m[*] [0mFuzzing test case #312555 (713 total, 0 uniq crashes found)...[0m
[1;94m[*] [0mFuzzing test case #312777 (713 total, 0 uniq crashes found)...[0m
[1;94m[*] [0mFuzzing test case #312872 (713 total, 0 uniq crashes found)...[0m
[1;94m[*] [0mFuzzing test case #313224 (713 total, 0 uniq crashes found)...[0m
[1;94m[*] [0mFuzzing test case #313418 (713 total, 0 uniq crashes found)...[0m
[1;94m[*] [0mFuzzing test case #313478 (713 total, 0 uniq crashes found)...[0m
[1;94m[*] [0mFuzzing test case #313688 (713 total, 0 uniq crashes found)...[0m
[1;94m[*] [0mFuzzing test case #313806 (713 total, 0 uniq crashes found)...[0m
[1;94m[*] [0mFuzzing test case #313815 (713 total, 0 uniq crashes found)...[0m
[1;94m[*] [0mFuzzing test case #314012 (713 total, 0 uniq crashes found)...[0m
[1;94m[*] [0mFuzzing test case #314104 (713 total, 0 uniq crashes found)...[0m
[1;94m[*] [0mFuzzing test case #314105 (713 total, 0 uniq crashes found)...[0m
[1;94m[*] [0mFuzzing test case #314149 (713 total, 0 uniq crashes found)...[0m
[1;94m[*] [0mFuzzing test case #314249 (713 total, 0 uniq crashes found)...[0m
[1;94m[*] [0mFuzzing test case #314392 (713 total, 0 uniq crashes found)...[0m
[1;94m[*] [0mFuzzing test case #314563 (713 total, 0 uniq crashes found)...[0m
[1;94m[*] [0mFuzzing test case #314588 (713 total, 0 uniq crashes found)...[0m
[1;94m[*] [0mFuzzing test case #314606 (713 total, 0 uniq crashes found)...[0m
[1;94m[*] [0mFuzzing test case #314632 (713 total, 0 uniq crashes found)...[0m
[1;94m[*] [0mFuzzing test case #314779 (713 total, 0 uniq crashes found)...[0m
[1;94m[*] [0mFuzzing test case #314844 (713 total, 0 uniq crashes found)...[0m
[1;94m[*] [0mFuzzing test case #314860 (713 total, 0 uniq crashes found)...[0m
[1;94m[*] [0mFuzzing test case #314913 (713 total, 0 uniq crashes found)...[0m
[1;94m[*] [0mFuzzing test case #315003 (713 total, 0 uniq crashes found)...[0m
[1;94m[*] [0mFuzzing test case #315702 (713 total, 0 uniq crashes found)...[0m
[1;94m[*] [0mFuzzing test case #315712 (713 total, 0 uniq crashes found)...[0m
[1;94m[*] [0mFuzzing test case #315772 (713 total, 0 uniq crashes found)...[0m
[1;94m[*] [0mFuzzing test case #315786 (713 total, 0 uniq crashes found)...[0m
[1;94m[*] [0mFuzzing test case #315790 (713 total, 0 uniq crashes found)...[0m
[1;94m[*] [0mFuzzing test case #315888 (713 total, 0 uniq crashes found)...[0m
[1;94m[*] [0mFuzzing test case #315944 (713 total, 0 uniq crashes found)...[0m
[1;94m[*] [0mFuzzing test case #315972 (713 total, 0 uniq crashes found)...[0m
[1;94m[*] [0mFuzzing test case #315988 (713 total, 0 uniq crashes found)...[0m
[1;94m[*] [0mFuzzing test case #316032 (713 total, 0 uniq crashes found)...[0m
[1;94m[*] [0mFuzzing test case #316059 (713 total, 0 uniq crashes found)...[0m
[1;94m[*] [0mFuzzing test case #316076 (713 total, 0 uniq crashes found)...[0m
[1;94m[*] [0mFuzzing test case #316173 (713 total, 0 uniq crashes found)...[0m
[1;94m[*] [0mFuzzing test case #316209 (713 total, 0 uniq crashes found)...[0m
[1;94m[*] [0mFuzzing test case #316406 (713 total, 0 uniq crashes found)...[0m
[1;94m[*] [0mFuzzing test case #316503 (713 total, 0 uniq crashes found)...[0m
[1;94m[*] [0mFuzzing test case #316583 (713 total, 0 uniq crashes found)...[0m
[1;94m[*] [0mFuzzing test case #316800 (713 total, 0 uniq crashes found)...[0m
[1;94m[*] [0mFuzzing test case #316963 (713 total, 0 uniq crashes found)...[0m
[1;94m[*] [0mFuzzing test case #317096 (713 total, 0 uniq crashes found)...[0m
[1;94m[*] [0mFuzzing test case #317353 (713 total, 0 uniq crashes found)...[0m
[1;94m[*] [0mFuzzing test case #317370 (713 total, 0 uniq crashes found)...[0m
[1;94m[*] [0mFuzzing test case #317411 (713 total, 0 uniq crashes found)...[0m
[1;94m[*] [0mFuzzing test case #317598 (713 total, 0 uniq crashes found)...[0m
[1;94m[*] [0mFuzzing test case #317723 (713 total, 0 uniq crashes found)...[0m
[1;94m[*] [0mFuzzing test case #317764 (713 total, 0 uniq crashes found)...[0m
[1;94m[*] [0mFuzzing test case #317966 (713 total, 0 uniq crashes found)...[0m
[1;94m[*] [0mFuzzing test case #318088 (713 total, 0 uniq crashes found)...[0m
[1;94m[*] [0mFuzzing test case #318304 (713 total, 0 uniq crashes found)...[0m
[1;94m[*] [0mFuzzing test case #318427 (713 total, 0 uniq crashes found)...[0m
[1;94m[*] [0mFuzzing test case #318438 (713 total, 0 uniq crashes found)...[0m
[1;94m[*] [0mFuzzing test case #318476 (713 total, 0 uniq crashes found)...[0m
[1;94m[*] [0mFuzzing test case #318515 (713 total, 0 uniq crashes found)...[0m
[1;94m[*] [0mFuzzing test case #318595 (713 total, 0 uniq crashes found)...[0m
[1;94m[*] [0mFuzzing test case #318723 (713 total, 0 uniq crashes found)...[0m
[1;94m[*] [0mFuzzing test case #318751 (713 total, 0 uniq crashes found)...[0m
[1;94m[*] [0mFuzzing test case #318882 (713 total, 0 uniq crashes found)...[0m
[1;94m[*] [0mFuzzing test case #319003 (713 total, 0 uniq crashes found)...[0m
[1;94m[*] [0mFuzzing test case #319097 (713 total, 0 uniq crashes found)...[0m
[1;94m[*] [0mFuzzing test case #319330 (713 total, 0 uniq crashes found)...[0m
[1;94m[*] [0mFuzzing test case #319438 (713 total, 0 uniq crashes found)...[0m
[1;94m[*] [0mFuzzing test case #319477 (713 total, 0 uniq crashes found)...[0m
[1;94m[*] [0mFuzzing test case #319536 (713 total, 0 uniq crashes found)...[0m
[1;94m[*] [0mFuzzing test case #319593 (713 total, 0 uniq crashes found)...[0m
[1;94m[*] [0mFuzzing test case #319610 (713 total, 0 uniq crashes found)...[0m
[1;94m[*] [0mFuzzing test case #319768 (713 total, 0 uniq crashes found)...[0m
[1;94m[*] [0mFuzzing test case #319895 (713 total, 0 uniq crashes found)...[0m
[1;94m[*] [0mFuzzing test case #319988 (713 total, 0 uniq crashes found)...[0m
[1;94m[*] [0mFuzzing test case #319998 (713 total, 0 uniq crashes found)...[0m
[1;94m[*] [0mFuzzing test case #320090 (713 total, 0 uniq crashes found)...[0m
[1;94m[*] [0mFuzzing test case #320094 (713 total, 0 uniq crashes found)...[0m
[1;94m[*] [0mFuzzing test case #320156 (713 total, 0 uniq crashes found)...[0m
[1;94m[*] [0mFuzzing test case #320166 (713 total, 0 uniq crashes found)...[0m
[1;94m[*] [0mFuzzing test case #320891 (713 total, 0 uniq crashes found)...[0m
[1;94m[*] [0mFuzzing test case #321003 (713 total, 0 uniq crashes found)...[0m
[1;94m[*] [0mFuzzing test case #321023 (713 total, 0 uniq crashes found)...[0m
[1;94m[*] [0mFuzzing test case #321064 (713 total, 0 uniq crashes found)...[0m
[1;94m[*] [0mFuzzing test case #321284 (713 total, 0 uniq crashes found)...[0m
[1;94m[*] [0mFuzzing test case #321334 (713 total, 0 uniq crashes found)...[0m
[1;94m[*] [0mFuzzing test case #321794 (713 total, 0 uniq crashes found)...[0m
[1;94m[*] [0mFuzzing test case #321894 (713 total, 0 uniq crashes found)...[0m
[1;94m[*] [0mFuzzing test case #322112 (713 total, 0 uniq crashes found)...[0m
[1;94m[*] [0mFuzzing test case #322143 (713 total, 0 uniq crashes found)...[0m
[1;94m[*] [0mFuzzing test case #322238 (713 total, 0 uniq crashes found)...[0m
[1;94m[*] [0mFuzzing test case #322794 (713 total, 0 uniq crashes found)...[0m
[1;94m[*] [0mFuzzing test case #323146 (713 total, 0 uniq crashes found)...[0m
[1;94m[*] [0mFuzzing test case #323188 (713 total, 0 uniq crashes found)...[0m
[1;94m[*] [0mFuzzing test case #323382 (713 total, 0 uniq crashes found)...[0m
[1;94m[*] [0mFuzzing test case #323594 (713 total, 0 uniq crashes found)...[0m
[1;94m[*] [0mFuzzing test case #323657 (713 total, 0 uniq crashes found)...[0m
[1;94m[*] [0mFuzzing test case #323742 (713 total, 0 uniq crashes found)...[0m
[1;94m[*] [0mFuzzing test case #323846 (713 total, 0 uniq crashes found)...[0m
[1;94m[*] [0mFuzzing test case #324027 (713 total, 0 uniq crashes found)...[0m
[1;94m[*] [0mFuzzing test case #324060 (713 total, 0 uniq crashes found)...[0m
[1;94m[*] [0mFuzzing test case #324076 (713 total, 0 uniq crashes found)...[0m
[1;94m[*] [0mFuzzing test case #324113 (713 total, 0 uniq crashes found)...[0m
[1;94m[*] [0mFuzzing test case #324347 (713 total, 0 uniq crashes found)...[0m
[1;94m[*] [0mFuzzing test case #324452 (713 total, 0 uniq crashes found)...[0m
[1;94m[*] [0mFuzzing test case #324559 (713 total, 0 uniq crashes found)...[0m
[1;94m[*] [0mFuzzing test case #324663 (713 total, 0 uniq crashes found)...[0m
[1;94m[*] [0mFuzzing test case #324670 (713 total, 0 uniq crashes found)...[0m
[1;94m[*] [0mFuzzing test case #324791 (713 total, 0 uniq crashes found)...[0m
[1;94m[*] [0mFuzzing test case #324814 (713 total, 0 uniq crashes found)...[0m
[1;94m[*] [0mFuzzing test case #325040 (713 total, 0 uniq crashes found)...[0m
[1;94m[*] [0mFuzzing test case #325063 (713 total, 0 uniq crashes found)...[0m
[1;94m[*] [0mFuzzing test case #325142 (713 total, 0 uniq crashes found)...[0m
[1;94m[*] [0mFuzzing test case #325229 (713 total, 0 uniq crashes found)...[0m
[1;94m[*] [0mFuzzing test case #325262 (713 total, 0 uniq crashes found)...[0m
[1;94m[*] [0mFuzzing test case #325450 (713 total, 0 uniq crashes found)...[0m
[1;94m[*] [0mFuzzing test case #325452 (713 total, 0 uniq crashes found)...[0m
[1;94m[*] [0mFuzzing test case #325469 (713 total, 0 uniq crashes found)...[0m
[1;94m[*] [0mFuzzing test case #325707 (713 total, 0 uniq crashes found)...[0m
[1;94m[*] [0mFuzzing test case #325736 (713 total, 0 uniq crashes found)...[0m
[1;94m[*] [0mFuzzing test case #325765 (713 total, 0 uniq crashes found)...[0m
[1;94m[*] [0mFuzzing test case #325770 (713 total, 0 uniq crashes found)...[0m
[1;94m[*] [0mFuzzing test case #325880 (713 total, 0 uniq crashes found)...[0m
[1;94m[*] [0mFuzzing test case #325910 (713 total, 0 uniq crashes found)...[0m
[1;94m[*] [0mFuzzing test case #326063 (713 total, 0 uniq crashes found)...[0m
[1;94m[*] [0mFuzzing test case #326071 (713 total, 0 uniq crashes found)...[0m
[1;94m[*] [0mFuzzing test case #326183 (713 total, 0 uniq crashes found)...[0m
[1;94m[*] [0mFuzzing test case #326217 (713 total, 0 uniq crashes found)...[0m
[1;94m[*] [0mFuzzing test case #326405 (713 total, 0 uniq crashes found)...[0m
[1;94m[*] [0mFuzzing test case #326422 (713 total, 0 uniq crashes found)...[0m
[1;94m[*] [0mFuzzing test case #326426 (713 total, 0 uniq crashes found)...[0m
[1;94m[*] [0mFuzzing test case #326529 (713 total, 0 uniq crashes found)...[0m
[1;94m[*] [0mFuzzing test case #326593 (713 total, 0 uniq crashes found)...[0m
[1;94m[*] [0mFuzzing test case #326853 (713 total, 0 uniq crashes found)...[0m
[1;94m[*] [0mFuzzing test case #327081 (713 total, 0 uniq crashes found)...[0m
[1;94m[*] [0mFuzzing test case #327087 (713 total, 0 uniq crashes found)...[0m
[1;94m[*] [0mFuzzing test case #327404 (713 total, 0 uniq crashes found)...[0m
[1;94m[*] [0mFuzzing test case #327429 (713 total, 0 uniq crashes found)...[0m
[1;94m[*] [0mFuzzing test case #327490 (713 total, 0 uniq crashes found)...[0m
[1;94m[*] [0mFuzzing test case #327526 (713 total, 0 uniq crashes found)...[0m
[1;94m[*] [0mFuzzing test case #327539 (713 total, 0 uniq crashes found)...[0m
[1;94m[*] [0mFuzzing test case #327708 (713 total, 0 uniq crashes found)...[0m
[1;94m[*] [0mFuzzing test case #327799 (713 total, 0 uniq crashes found)...[0m
[1;94m[*] [0mFuzzing test case #327812 (713 total, 0 uniq crashes found)...[0m
[1;94m[*] [0mFuzzing test case #328060 (713 total, 0 uniq crashes found)...[0m
[1;94m[*] [0mFuzzing test case #328065 (713 total, 0 uniq crashes found)...[0m
[1;94m[*] [0mFuzzing test case #328084 (713 total, 0 uniq crashes found)...[0m
[1;94m[*] [0mFuzzing test case #328338 (713 total, 0 uniq crashes found)...[0m
[1;94m[*] [0mFuzzing test case #328349 (713 total, 0 uniq crashes found)...[0m
[1;94m[*] [0mFuzzing test case #328384 (713 total, 0 uniq crashes found)...[0m
[1;94m[*] [0mFuzzing test case #328485 (713 total, 0 uniq crashes found)...[0m
[1;94m[*] [0mFuzzing test case #328562 (713 total, 0 uniq crashes found)...[0m
[1;94m[*] [0mFuzzing test case #328594 (713 total, 0 uniq crashes found)...[0m
[1;94m[*] [0mFuzzing test case #328618 (713 total, 0 uniq crashes found)...[0m
[1;94m[*] [0mFuzzing test case #328840 (713 total, 0 uniq crashes found)...[0m
[1;94m[*] [0mFuzzing test case #328871 (713 total, 0 uniq crashes found)...[0m
[1;94m[*] [0mFuzzing test case #328963 (713 total, 0 uniq crashes found)...[0m
[1;94m[*] [0mFuzzing test case #329362 (713 total, 0 uniq crashes found)...[0m
[1;94m[*] [0mFuzzing test case #329388 (713 total, 0 uniq crashes found)...[0m
[1;94m[*] [0mFuzzing test case #329654 (713 total, 0 uniq crashes found)...[0m
[1;94m[*] [0mFuzzing test case #329684 (713 total, 0 uniq crashes found)...[0m
[1;94m[*] [0mFuzzing test case #329807 (713 total, 0 uniq crashes found)...[0m
[1;94m[*] [0mFuzzing test case #329912 (713 total, 0 uniq crashes found)...[0m
[1;94m[*] [0mFuzzing test case #329928 (713 total, 0 uniq crashes found)...[0m
[1;94m[*] [0mFuzzing test case #329989 (713 total, 0 uniq crashes found)...[0m
[1;94m[*] [0mFuzzing test case #330064 (713 total, 0 uniq crashes found)...[0m
[1;94m[*] [0mFuzzing test case #330163 (713 total, 0 uniq crashes found)...[0m
[1;94m[*] [0mFuzzing test case #330228 (713 total, 0 uniq crashes found)...[0m
[1;94m[*] [0mFuzzing test case #330239 (713 total, 0 uniq crashes found)...[0m
[1;94m[*] [0mFuzzing test case #330342 (713 total, 0 uniq crashes found)...[0m
[1;94m[*] [0mFuzzing test case #330556 (713 total, 0 uniq crashes found)...[0m
[1;94m[*] [0mFuzzing test case #330611 (713 total, 0 uniq crashes found)...[0m
[1;94m[*] [0mFuzzing test case #330624 (713 total, 0 uniq crashes found)...[0m
[1;94m[*] [0mFuzzing test case #330648 (713 total, 0 uniq crashes found)...[0m
[1;94m[*] [0mFuzzing test case #330885 (713 total, 0 uniq crashes found)...[0m
[1;94m[*] [0mFuzzing test case #330902 (713 total, 0 uniq crashes found)...[0m
[1;94m[*] [0mFuzzing test case #331005 (713 total, 0 uniq crashes found)...[0m
[1;94m[*] [0mFuzzing test case #331034 (713 total, 0 uniq crashes found)...[0m
[1;94m[*] [0mFuzzing test case #331112 (713 total, 0 uniq crashes found)...[0m
[1;94m[*] [0mFuzzing test case #331185 (713 total, 0 uniq crashes found)...[0m
[1;94m[*] [0mFuzzing test case #331227 (713 total, 0 uniq crashes found)...[0m
[1;94m[*] [0mFuzzing test case #331390 (713 total, 0 uniq crashes found)...[0m
[1;94m[*] [0mFuzzing test case #331482 (713 total, 0 uniq crashes found)...[0m
[1;94m[*] [0mFuzzing test case #331560 (713 total, 0 uniq crashes found)...[0m
[1;94m[*] [0mFuzzing test case #331913 (713 total, 0 uniq crashes found)...[0m
[1;94m[*] [0mFuzzing test case #332158 (713 total, 0 uniq crashes found)...[0m
[1;94m[*] [0mFuzzing test case #332169 (713 total, 0 uniq crashes found)...[0m
[1;94m[*] [0mFuzzing test case #332368 (713 total, 0 uniq crashes found)...[0m
[1;94m[*] [0mFuzzing test case #332570 (713 total, 0 uniq crashes found)...[0m
[1;94m[*] [0mFuzzing test case #332794 (713 total, 0 uniq crashes found)...[0m
[1;94m[*] [0mFuzzing test case #332858 (713 total, 0 uniq crashes found)...[0m
[1;94m[*] [0mFuzzing test case #332874 (713 total, 0 uniq crashes found)...[0m
[1;94m[*] [0mFuzzing test case #333005 (713 total, 0 uniq crashes found)...[0m
[1;94m[*] [0mFuzzing test case #333235 (713 total, 0 uniq crashes found)...[0m
[1;94m[*] [0mFuzzing test case #333284 (713 total, 0 uniq crashes found)...[0m
[1;94m[*] [0mFuzzing test case #333288 (713 total, 0 uniq crashes found)...[0m
[1;94m[*] [0mFuzzing test case #333292 (713 total, 0 uniq crashes found)...[0m
[1;94m[*] [0mFuzzing test case #333375 (713 total, 0 uniq crashes found)...[0m
[1;94m[*] [0mFuzzing test case #333650 (713 total, 0 uniq crashes found)...[0m
[1;94m[*] [0mFuzzing test case #333807 (713 total, 0 uniq crashes found)...[0m
[1;94m[*] [0mFuzzing test case #334278 (713 total, 0 uniq crashes found)...[0m
[1;94m[*] [0mFuzzing test case #334394 (713 total, 0 uniq crashes found)...[0m
[1;94m[*] [0mFuzzing test case #334395 (713 total, 0 uniq crashes found)...[0m
[1;94m[*] [0mFuzzing test case #334432 (713 total, 0 uniq crashes found)...[0m
[1;94m[*] [0mFuzzing test case #334489 (713 total, 0 uniq crashes found)...[0m
[1;94m[*] [0mFuzzing test case #334539 (713 total, 0 uniq crashes found)...[0m
[1;94m[*] [0mFuzzing test case #334906 (713 total, 0 uniq crashes found)...[0m
[1;94m[*] [0mFuzzing test case #334945 (713 total, 0 uniq crashes found)...[0m
[1;94m[*] [0mFuzzing test case #335115 (713 total, 0 uniq crashes found)...[0m
[1;94m[*] [0mFuzzing test case #335181 (713 total, 0 uniq crashes found)...[0m
[1;94m[*] [0mFuzzing test case #335498 (713 total, 0 uniq crashes found)...[0m
[1;94m[*] [0mFuzzing test case #335531 (713 total, 0 uniq crashes found)...[0m
[1;94m[*] [0mFuzzing test case #335552 (713 total, 0 uniq crashes found)...[0m
[1;94m[*] [0mFuzzing test case #335636 (713 total, 0 uniq crashes found)...[0m
[1;94m[*] [0mFuzzing test case #335986 (713 total, 0 uniq crashes found)...[0m
[1;94m[*] [0mFuzzing test case #336049 (713 total, 0 uniq crashes found)...[0m
[1;94m[*] [0mFuzzing test case #336072 (713 total, 0 uniq crashes found)...[0m
[1;94m[*] [0mFuzzing test case #336141 (713 total, 0 uniq crashes found)...[0m
[1;94m[*] [0mFuzzing test case #336175 (713 total, 0 uniq crashes found)...[0m
[1;94m[*] [0mFuzzing test case #336283 (713 total, 0 uniq crashes found)...[0m
[1;94m[*] [0mFuzzing test case #336412 (713 total, 0 uniq crashes found)...[0m
[1;94m[*] [0mFuzzing test case #336469 (713 total, 0 uniq crashes found)...[0m
[1;94m[*] [0mFuzzing test case #336520 (713 total, 0 uniq crashes found)...[0m
[1;94m[*] [0mFuzzing test case #336792 (713 total, 0 uniq crashes found)...[0m
[1;94m[*] [0mFuzzing test case #336793 (713 total, 0 uniq crashes found)...[0m
[1;94m[*] [0mFuzzing test case #336809 (713 total, 0 uniq crashes found)...[0m
[1;94m[*] [0mFuzzing test case #336958 (713 total, 0 uniq crashes found)...[0m
[1;94m[*] [0mFuzzing test case #337123 (713 total, 0 uniq crashes found)...[0m
[1;94m[*] [0mFuzzing test case #337127 (713 total, 0 uniq crashes found)...[0m
[1;94m[*] [0mFuzzing test case #337154 (713 total, 0 uniq crashes found)...[0m
[1;94m[*] [0mFuzzing test case #337177 (713 total, 0 uniq crashes found)...[0m
[1;94m[*] [0mFuzzing test case #337202 (713 total, 0 uniq crashes found)...[0m
[1;94m[*] [0mFuzzing test case #337217 (713 total, 0 uniq crashes found)...[0m
[1;94m[*] [0mFuzzing test case #337251 (713 total, 0 uniq crashes found)...[0m
[1;94m[*] [0mFuzzing test case #337453 (713 total, 0 uniq crashes found)...[0m
[1;94m[*] [0mFuzzing test case #337536 (713 total, 0 uniq crashes found)...[0m
[1;94m[*] [0mFuzzing test case #337560 (713 total, 0 uniq crashes found)...[0m
[1;94m[*] [0mFuzzing test case #337636 (713 total, 0 uniq crashes found)...[0m
[1;94m[*] [0mFuzzing test case #337738 (713 total, 0 uniq crashes found)...[0m
[1;94m[*] [0mFuzzing test case #337739 (713 total, 0 uniq crashes found)...[0m
[1;94m[*] [0mFuzzing test case #337777 (713 total, 0 uniq crashes found)...[0m
[1;94m[*] [0mFuzzing test case #337787 (713 total, 0 uniq crashes found)...[0m
[1;94m[*] [0mFuzzing test case #337818 (713 total, 0 uniq crashes found)...[0m
[1;94m[*] [0mFuzzing test case #337870 (713 total, 0 uniq crashes found)...[0m
[1;94m[*] [0mFuzzing test case #337902 (713 total, 0 uniq crashes found)...[0m
[1;94m[*] [0mFuzzing test case #338074 (713 total, 0 uniq crashes found)...[0m
[1;94m[*] [0mFuzzing test case #338224 (713 total, 0 uniq crashes found)...[0m
[1;94m[*] [0mFuzzing test case #338261 (713 total, 0 uniq crashes found)...[0m
[1;94m[*] [0mFuzzing test case #338391 (713 total, 0 uniq crashes found)...[0m
[1;94m[*] [0mFuzzing test case #338985 (713 total, 0 uniq crashes found)...[0m
[1;94m[*] [0mFuzzing test case #339157 (713 total, 0 uniq crashes found)...[0m
[1;94m[*] [0mFuzzing test case #339168 (713 total, 0 uniq crashes found)...[0m
[1;94m[*] [0mFuzzing test case #339200 (713 total, 0 uniq crashes found)...[0m
[1;94m[*] [0mFuzzing test case #339212 (714 total, 0 uniq crashes found)...[0m
[1;94m[*] [0mFuzzing test case #339283 (714 total, 0 uniq crashes found)...[0m
[1;94m[*] [0mFuzzing test case #339361 (714 total, 0 uniq crashes found)...[0m
[1;94m[*] [0mFuzzing test case #339864 (714 total, 0 uniq crashes found)...[0m
[1;94m[*] [0mFuzzing test case #339874 (715 total, 0 uniq crashes found)...[0m
[1;94m[*] [0mFuzzing test case #339951 (715 total, 0 uniq crashes found)...[0m
[1;94m[*] [0mFuzzing test case #339982 (715 total, 0 uniq crashes found)...[0m
[1;94m[*] [0mFuzzing test case #340056 (715 total, 0 uniq crashes found)...[0m
[1;94m[*] [0mFuzzing test case #340561 (715 total, 0 uniq crashes found)...[0m
[1;94m[*] [0mFuzzing test case #340652 (718 total, 0 uniq crashes found)...[0m
[1;94m[*] [0mFuzzing test case #340737 (718 total, 0 uniq crashes found)...[0m
[1;94m[*] [0mFuzzing test case #340752 (718 total, 0 uniq crashes found)...[0m
[1;94m[*] [0mFuzzing test case #340831 (718 total, 0 uniq crashes found)...[0m
[1;94m[*] [0mFuzzing test case #340886 (718 total, 0 uniq crashes found)...[0m
[1;94m[*] [0mFuzzing test case #341029 (718 total, 0 uniq crashes found)...[0m
[1;94m[*] [0mFuzzing test case #341195 (718 total, 0 uniq crashes found)...[0m
[1;94m[*] [0mFuzzing test case #341328 (718 total, 0 uniq crashes found)...[0m
[1;94m[*] [0mFuzzing test case #341586 (718 total, 0 uniq crashes found)...[0m
[1;94m[*] [0mFuzzing test case #341598 (718 total, 0 uniq crashes found)...[0m
[1;94m[*] [0mFuzzing test case #341972 (718 total, 0 uniq crashes found)...[0m
[1;94m[*] [0mFuzzing test case #342068 (718 total, 0 uniq crashes found)...[0m
[1;94m[*] [0mFuzzing test case #342142 (718 total, 0 uniq crashes found)...[0m
[1;94m[*] [0mFuzzing test case #342273 (718 total, 0 uniq crashes found)...[0m
[1;94m[*] [0mFuzzing test case #342322 (718 total, 0 uniq crashes found)...[0m
[1;94m[*] [0mFuzzing test case #342367 (718 total, 0 uniq crashes found)...[0m
[1;94m[*] [0mFuzzing test case #342389 (718 total, 0 uniq crashes found)...[0m
[1;94m[*] [0mFuzzing test case #342422 (718 total, 0 uniq crashes found)...[0m
[1;94m[*] [0mFuzzing test case #342447 (718 total, 0 uniq crashes found)...[0m
[1;94m[*] [0mFuzzing test case #342517 (718 total, 0 uniq crashes found)...[0m
[1;94m[*] [0mFuzzing test case #342805 (718 total, 0 uniq crashes found)...[0m
[1;94m[*] [0mFuzzing test case #342868 (718 total, 0 uniq crashes found)...[0m
[1;94m[*] [0mFuzzing test case #343107 (718 total, 0 uniq crashes found)...[0m
[1;94m[*] [0mFuzzing test case #343141 (718 total, 0 uniq crashes found)...[0m
[1;94m[*] [0mFuzzing test case #343200 (718 total, 0 uniq crashes found)...[0m
[1;94m[*] [0mFuzzing test case #343254 (718 total, 0 uniq crashes found)...[0m
[1;94m[*] [0mFuzzing test case #343316 (718 total, 0 uniq crashes found)...[0m
[1;94m[*] [0mFuzzing test case #343339 (718 total, 0 uniq crashes found)...[0m
[1;94m[*] [0mFuzzing test case #343368 (718 total, 0 uniq crashes found)...[0m
[1;94m[*] [0mFuzzing test case #343401 (718 total, 0 uniq crashes found)...[0m
[1;94m[*] [0mFuzzing test case #343527 (718 total, 0 uniq crashes found)...[0m
[1;94m[*] [0mFuzzing test case #343691 (718 total, 0 uniq crashes found)...[0m
[1;94m[*] [0mFuzzing test case #343861 (718 total, 0 uniq crashes found)...[0m
[1;94m[*] [0mFuzzing test case #343949 (718 total, 0 uniq crashes found)...[0m
[1;94m[*] [0mFuzzing test case #344101 (718 total, 0 uniq crashes found)...[0m
[1;94m[*] [0mFuzzing test case #344121 (718 total, 0 uniq crashes found)...[0m
[1;94m[*] [0mFuzzing test case #344295 (718 total, 0 uniq crashes found)...[0m
[1;94m[*] [0mFuzzing test case #344313 (718 total, 0 uniq crashes found)...[0m
[1;94m[*] [0mFuzzing test case #344320 (718 total, 0 uniq crashes found)...[0m
[1;94m[*] [0mFuzzing test case #344339 (718 total, 0 uniq crashes found)...[0m
[1;94m[*] [0mFuzzing test case #344692 (718 total, 0 uniq crashes found)...[0m
[1;94m[*] [0mFuzzing test case #344739 (718 total, 0 uniq crashes found)...[0m
[1;94m[*] [0mFuzzing test case #344915 (718 total, 0 uniq crashes found)...[0m
[1;94m[*] [0mFuzzing test case #345087 (718 total, 0 uniq crashes found)...[0m
[1;94m[*] [0mFuzzing test case #345129 (718 total, 0 uniq crashes found)...[0m
[1;94m[*] [0mFuzzing test case #345183 (718 total, 0 uniq crashes found)...[0m
[1;94m[*] [0mFuzzing test case #345345 (718 total, 0 uniq crashes found)...[0m
[1;94m[*] [0mFuzzing test case #345369 (718 total, 0 uniq crashes found)...[0m
[1;94m[*] [0mFuzzing test case #345412 (718 total, 0 uniq crashes found)...[0m
[1;94m[*] [0mFuzzing test case #345459 (718 total, 0 uniq crashes found)...[0m
[1;94m[*] [0mFuzzing test case #345466 (718 total, 0 uniq crashes found)...[0m
[1;94m[*] [0mFuzzing test case #345594 (718 total, 0 uniq crashes found)...[0m
[1;94m[*] [0mFuzzing test case #345632 (718 total, 0 uniq crashes found)...[0m
[1;94m[*] [0mFuzzing test case #345768 (718 total, 0 uniq crashes found)...[0m
[1;94m[*] [0mFuzzing test case #345845 (718 total, 0 uniq crashes found)...[0m
[1;94m[*] [0mFuzzing test case #346025 (718 total, 0 uniq crashes found)...[0m
[1;94m[*] [0mFuzzing test case #346111 (718 total, 0 uniq crashes found)...[0m
[1;94m[*] [0mFuzzing test case #346118 (718 total, 0 uniq crashes found)...[0m
[1;94m[*] [0mFuzzing test case #346142 (718 total, 0 uniq crashes found)...[0m
[1;94m[*] [0mFuzzing test case #346178 (718 total, 0 uniq crashes found)...[0m
[1;94m[*] [0mFuzzing test case #346206 (718 total, 0 uniq crashes found)...[0m
[1;94m[*] [0mFuzzing test case #346213 (718 total, 0 uniq crashes found)...[0m
[1;94m[*] [0mFuzzing test case #346230 (718 total, 0 uniq crashes found)...[0m
[1;94m[*] [0mFuzzing test case #346457 (718 total, 0 uniq crashes found)...[0m
[1;94m[*] [0mFuzzing test case #346564 (718 total, 0 uniq crashes found)...[0m
[1;94m[*] [0mFuzzing test case #346586 (718 total, 0 uniq crashes found)...[0m
[1;94m[*] [0mFuzzing test case #346602 (718 total, 0 uniq crashes found)...[0m
[1;94m[*] [0mFuzzing test case #346733 (718 total, 0 uniq crashes found)...[0m
[1;94m[*] [0mFuzzing test case #346813 (718 total, 0 uniq crashes found)...[0m
[1;94m[*] [0mFuzzing test case #346836 (718 total, 0 uniq crashes found)...[0m
[1;94m[*] [0mFuzzing test case #346978 (718 total, 0 uniq crashes found)...[0m
[1;94m[*] [0mFuzzing test case #347018 (718 total, 0 uniq crashes found)...[0m
[1;94m[*] [0mFuzzing test case #347067 (718 total, 0 uniq crashes found)...[0m
[1;94m[*] [0mFuzzing test case #347132 (718 total, 0 uniq crashes found)...[0m
[1;94m[*] [0mFuzzing test case #347197 (718 total, 0 uniq crashes found)...[0m
[1;94m[*] [0mFuzzing test case #347236 (718 total, 0 uniq crashes found)...[0m
[1;94m[*] [0mFuzzing test case #347291 (718 total, 0 uniq crashes found)...[0m
[1;94m[*] [0mFuzzing test case #347296 (718 total, 0 uniq crashes found)...[0m
[1;94m[*] [0mFuzzing test case #347370 (718 total, 0 uniq crashes found)...[0m
[1;94m[*] [0mFuzzing test case #347388 (718 total, 0 uniq crashes found)...[0m
[1;94m[*] [0mFuzzing test case #347524 (718 total, 0 uniq crashes found)...[0m
[1;94m[*] [0mFuzzing test case #347608 (718 total, 0 uniq crashes found)...[0m
[1;94m[*] [0mFuzzing test case #347634 (718 total, 0 uniq crashes found)...[0m
[1;94m[*] [0mFuzzing test case #347879 (718 total, 0 uniq crashes found)...[0m
[1;94m[*] [0mFuzzing test case #348041 (718 total, 0 uniq crashes found)...[0m
[1;94m[*] [0mFuzzing test case #348676 (718 total, 0 uniq crashes found)...[0m
[1;94m[*] [0mFuzzing test case #348687 (718 total, 0 uniq crashes found)...[0m
[1;94m[*] [0mFuzzing test case #348843 (718 total, 0 uniq crashes found)...[0m
[1;94m[*] [0mFuzzing test case #348876 (718 total, 0 uniq crashes found)...[0m
[1;94m[*] [0mFuzzing test case #348941 (718 total, 0 uniq crashes found)...[0m
[1;94m[*] [0mFuzzing test case #349032 (718 total, 0 uniq crashes found)...[0m
[1;94m[*] [0mFuzzing test case #349218 (718 total, 0 uniq crashes found)...[0m
[1;94m[*] [0mFuzzing test case #349266 (718 total, 0 uniq crashes found)...[0m
[1;94m[*] [0mFuzzing test case #349419 (718 total, 0 uniq crashes found)...[0m
[1;94m[*] [0mFuzzing test case #349501 (718 total, 0 uniq crashes found)...[0m
[1;94m[*] [0mFuzzing test case #349615 (718 total, 0 uniq crashes found)...[0m
[1;94m[*] [0mFuzzing test case #349629 (718 total, 0 uniq crashes found)...[0m
[1;94m[*] [0mFuzzing test case #349786 (718 total, 0 uniq crashes found)...[0m
[1;94m[*] [0mFuzzing test case #349815 (718 total, 0 uniq crashes found)...[0m
[1;94m[*] [0mFuzzing test case #350027 (718 total, 0 uniq crashes found)...[0m
[1;94m[*] [0mFuzzing test case #350084 (718 total, 0 uniq crashes found)...[0m
[1;94m[*] [0mFuzzing test case #350490 (718 total, 0 uniq crashes found)...[0m
[1;94m[*] [0mFuzzing test case #350792 (718 total, 0 uniq crashes found)...[0m
[1;94m[*] [0mFuzzing test case #350822 (718 total, 0 uniq crashes found)...[0m
[1;94m[*] [0mFuzzing test case #350964 (718 total, 0 uniq crashes found)...[0m
[1;94m[*] [0mFuzzing test case #350990 (718 total, 0 uniq crashes found)...[0m
[1;94m[*] [0mFuzzing test case #351027 (719 total, 0 uniq crashes found)...[0m
[1;94m[*] [0mFuzzing test case #351202 (719 total, 0 uniq crashes found)...[0m
[1;94m[*] [0mFuzzing test case #351213 (719 total, 0 uniq crashes found)...[0m
[1;94m[*] [0mFuzzing test case #351262 (719 total, 0 uniq crashes found)...[0m
[1;94m[*] [0mFuzzing test case #351587 (719 total, 0 uniq crashes found)...[0m
[1;94m[*] [0mFuzzing test case #351648 (719 total, 0 uniq crashes found)...[0m
[1;94m[*] [0mFuzzing test case #351744 (719 total, 0 uniq crashes found)...[0m
[1;94m[*] [0mFuzzing test case #351757 (719 total, 0 uniq crashes found)...[0m
[1;94m[*] [0mFuzzing test case #351848 (719 total, 0 uniq crashes found)...[0m
[1;94m[*] [0mFuzzing test case #351901 (719 total, 0 uniq crashes found)...[0m
[1;94m[*] [0mFuzzing test case #351951 (719 total, 0 uniq crashes found)...[0m
[1;94m[*] [0mFuzzing test case #352007 (719 total, 0 uniq crashes found)...[0m
[1;94m[*] [0mFuzzing test case #352020 (719 total, 0 uniq crashes found)...[0m
[1;94m[*] [0mFuzzing test case #352382 (719 total, 0 uniq crashes found)...[0m
[1;94m[*] [0mFuzzing test case #352528 (719 total, 0 uniq crashes found)...[0m
[1;94m[*] [0mFuzzing test case #352604 (719 total, 0 uniq crashes found)...[0m
[1;94m[*] [0mFuzzing test case #352607 (719 total, 0 uniq crashes found)...[0m
[1;94m[*] [0mFuzzing test case #352765 (719 total, 0 uniq crashes found)...[0m
[1;94m[*] [0mFuzzing test case #352849 (719 total, 0 uniq crashes found)...[0m
[1;94m[*] [0mFuzzing test case #352939 (719 total, 0 uniq crashes found)...[0m
[1;94m[*] [0mFuzzing test case #352957 (719 total, 0 uniq crashes found)...[0m
[1;94m[*] [0mFuzzing test case #353194 (719 total, 0 uniq crashes found)...[0m
[1;94m[*] [0mFuzzing test case #353235 (719 total, 0 uniq crashes found)...[0m
[1;94m[*] [0mFuzzing test case #353384 (719 total, 0 uniq crashes found)...[0m
[1;94m[*] [0mFuzzing test case #353457 (719 total, 0 uniq crashes found)...[0m
[1;94m[*] [0mFuzzing test case #353619 (719 total, 0 uniq crashes found)...[0m
[1;94m[*] [0mFuzzing test case #353743 (719 total, 0 uniq crashes found)...[0m
[1;94m[*] [0mFuzzing test case #353768 (719 total, 0 uniq crashes found)...[0m
[1;94m[*] [0mFuzzing test case #353819 (719 total, 0 uniq crashes found)...[0m
[1;94m[*] [0mFuzzing test case #353885 (719 total, 0 uniq crashes found)...[0m
[1;94m[*] [0mFuzzing test case #353896 (719 total, 0 uniq crashes found)...[0m
[1;94m[*] [0mFuzzing test case #353923 (719 total, 0 uniq crashes found)...[0m
[1;94m[*] [0mFuzzing test case #353995 (719 total, 0 uniq crashes found)...[0m
[1;94m[*] [0mFuzzing test case #354153 (719 total, 0 uniq crashes found)...[0m
[1;94m[*] [0mFuzzing test case #354232 (719 total, 0 uniq crashes found)...[0m
[1;94m[*] [0mFuzzing test case #354255 (719 total, 0 uniq crashes found)...[0m
[1;94m[*] [0mFuzzing test case #354260 (719 total, 0 uniq crashes found)...[0m
[1;94m[*] [0mFuzzing test case #354291 (719 total, 0 uniq crashes found)...[0m
[1;94m[*] [0mFuzzing test case #354514 (719 total, 0 uniq crashes found)...[0m
[1;94m[*] [0mFuzzing test case #354573 (719 total, 0 uniq crashes found)...[0m
[1;94m[*] [0mFuzzing test case #355138 (719 total, 0 uniq crashes found)...[0m
[1;94m[*] [0mFuzzing test case #355304 (719 total, 0 uniq crashes found)...[0m
[1;94m[*] [0mFuzzing test case #355452 (719 total, 0 uniq crashes found)...[0m
[1;94m[*] [0mFuzzing test case #355719 (719 total, 0 uniq crashes found)...[0m
[1;94m[*] [0mFuzzing test case #355896 (719 total, 0 uniq crashes found)...[0m
[1;94m[*] [0mFuzzing test case #356038 (719 total, 0 uniq crashes found)...[0m
[1;94m[*] [0mFuzzing test case #356090 (719 total, 0 uniq crashes found)...[0m
[1;94m[*] [0mFuzzing test case #356124 (719 total, 0 uniq crashes found)...[0m
[1;94m[*] [0mFuzzing test case #356193 (719 total, 0 uniq crashes found)...[0m
[1;94m[*] [0mFuzzing test case #356214 (719 total, 0 uniq crashes found)...[0m
[1;94m[*] [0mFuzzing test case #356376 (719 total, 0 uniq crashes found)...[0m
[1;94m[*] [0mFuzzing test case #356428 (719 total, 0 uniq crashes found)...[0m
[1;94m[*] [0mFuzzing test case #356517 (719 total, 0 uniq crashes found)...[0m
[1;94m[*] [0mFuzzing test case #356828 (719 total, 0 uniq crashes found)...[0m
[1;94m[*] [0mFuzzing test case #356969 (719 total, 0 uniq crashes found)...[0m
[1;94m[*] [0mFuzzing test case #356989 (719 total, 0 uniq crashes found)...[0m
[1;94m[*] [0mFuzzing test case #357034 (719 total, 0 uniq crashes found)...[0m
[1;94m[*] [0mFuzzing test case #357368 (719 total, 0 uniq crashes found)...[0m
[1;94m[*] [0mFuzzing test case #357564 (719 total, 0 uniq crashes found)...[0m
[1;94m[*] [0mFuzzing test case #357673 (719 total, 0 uniq crashes found)...[0m
[1;94m[*] [0mFuzzing test case #357776 (719 total, 0 uniq crashes found)...[0m
[1;94m[*] [0mFuzzing test case #357783 (719 total, 0 uniq crashes found)...[0m
[1;94m[*] [0mFuzzing test case #357811 (719 total, 0 uniq crashes found)...[0m
[1;94m[*] [0mFuzzing test case #357907 (719 total, 0 uniq crashes found)...[0m
[1;94m[*] [0mFuzzing test case #358093 (719 total, 0 uniq crashes found)...[0m
[1;94m[*] [0mFuzzing test case #358218 (719 total, 0 uniq crashes found)...[0m
[1;94m[*] [0mFuzzing test case #358324 (719 total, 0 uniq crashes found)...[0m
[1;94m[*] [0mFuzzing test case #358622 (719 total, 0 uniq crashes found)...[0m
[1;94m[*] [0mFuzzing test case #358698 (719 total, 0 uniq crashes found)...[0m
[1;94m[*] [0mFuzzing test case #358716 (719 total, 0 uniq crashes found)...[0m
[1;94m[*] [0mFuzzing test case #358781 (719 total, 0 uniq crashes found)...[0m
[1;94m[*] [0mFuzzing test case #358899 (719 total, 0 uniq crashes found)...[0m
[1;94m[*] [0mFuzzing test case #358929 (719 total, 0 uniq crashes found)...[0m
[1;94m[*] [0mFuzzing test case #358985 (719 total, 0 uniq crashes found)...[0m
[1;94m[*] [0mFuzzing test case #359101 (719 total, 0 uniq crashes found)...[0m
[1;94m[*] [0mFuzzing test case #359117 (719 total, 0 uniq crashes found)...[0m
[1;94m[*] [0mFuzzing test case #359293 (719 total, 0 uniq crashes found)...[0m
[1;94m[*] [0mFuzzing test case #359429 (719 total, 0 uniq crashes found)...[0m
[1;94m[*] [0mFuzzing test case #359567 (719 total, 0 uniq crashes found)...[0m
[1;94m[*] [0mFuzzing test case #359572 (719 total, 0 uniq crashes found)...[0m
[1;94m[*] [0mFuzzing test case #359581 (719 total, 0 uniq crashes found)...[0m
[1;94m[*] [0mFuzzing test case #359767 (719 total, 0 uniq crashes found)...[0m
[1;94m[*] [0mFuzzing test case #359901 (719 total, 0 uniq crashes found)...[0m
[1;94m[*] [0mFuzzing test case #360005 (719 total, 0 uniq crashes found)...[0m
[1;94m[*] [0mFuzzing test case #360027 (719 total, 0 uniq crashes found)...[0m
[1;94m[*] [0mFuzzing test case #360142 (719 total, 0 uniq crashes found)...[0m
[1;94m[*] [0mFuzzing test case #360247 (719 total, 0 uniq crashes found)...[0m
[1;94m[*] [0mFuzzing test case #360317 (719 total, 0 uniq crashes found)...[0m
[1;94m[*] [0mFuzzing test case #360359 (719 total, 0 uniq crashes found)...[0m
[1;94m[*] [0mFuzzing test case #360534 (719 total, 0 uniq crashes found)...[0m
[1;94m[*] [0mFuzzing test case #360582 (719 total, 0 uniq crashes found)...[0m
[1;94m[*] [0mFuzzing test case #360731 (719 total, 0 uniq crashes found)...[0m
[1;94m[*] [0mFuzzing test case #360829 (719 total, 0 uniq crashes found)...[0m
[1;94m[*] [0mFuzzing test case #360845 (719 total, 0 uniq crashes found)...[0m
[1;94m[*] [0mFuzzing test case #361076 (719 total, 0 uniq crashes found)...[0m
[1;94m[*] [0mFuzzing test case #361115 (719 total, 0 uniq crashes found)...[0m
[1;94m[*] [0mFuzzing test case #361177 (719 total, 0 uniq crashes found)...[0m
[1;94m[*] [0mFuzzing test case #361297 (719 total, 0 uniq crashes found)...[0m
[1;94m[*] [0mFuzzing test case #361360 (719 total, 0 uniq crashes found)...[0m
[1;94m[*] [0mFuzzing test case #361368 (719 total, 0 uniq crashes found)...[0m
[1;94m[*] [0mFuzzing test case #361384 (719 total, 0 uniq crashes found)...[0m
[1;94m[*] [0mFuzzing test case #361581 (719 total, 0 uniq crashes found)...[0m
[1;94m[*] [0mFuzzing test case #361631 (719 total, 0 uniq crashes found)...[0m
[1;94m[*] [0mFuzzing test case #361640 (719 total, 0 uniq crashes found)...[0m
[1;94m[*] [0mFuzzing test case #361718 (719 total, 0 uniq crashes found)...[0m
[1;94m[*] [0mFuzzing test case #361721 (719 total, 0 uniq crashes found)...[0m
[1;94m[*] [0mFuzzing test case #361800 (719 total, 0 uniq crashes found)...[0m
[1;94m[*] [0mFuzzing test case #361855 (719 total, 0 uniq crashes found)...[0m
[1;94m[*] [0mFuzzing test case #361964 (719 total, 0 uniq crashes found)...[0m
[1;94m[*] [0mFuzzing test case #362102 (719 total, 0 uniq crashes found)...[0m
[1;94m[*] [0mFuzzing test case #362142 (719 total, 0 uniq crashes found)...[0m
[1;94m[*] [0mFuzzing test case #362202 (719 total, 0 uniq crashes found)...[0m
[1;94m[*] [0mFuzzing test case #362249 (719 total, 0 uniq crashes found)...[0m
[1;94m[*] [0mFuzzing test case #362436 (719 total, 0 uniq crashes found)...[0m
[1;94m[*] [0mFuzzing test case #362455 (719 total, 0 uniq crashes found)...[0m
[1;94m[*] [0mFuzzing test case #362547 (719 total, 0 uniq crashes found)...[0m
[1;94m[*] [0mFuzzing test case #362835 (719 total, 0 uniq crashes found)...[0m
[1;94m[*] [0mFuzzing test case #363026 (719 total, 0 uniq crashes found)...[0m
[1;94m[*] [0mFuzzing test case #363089 (719 total, 0 uniq crashes found)...[0m
[1;94m[*] [0mFuzzing test case #363197 (719 total, 0 uniq crashes found)...[0m
[1;94m[*] [0mFuzzing test case #363331 (719 total, 0 uniq crashes found)...[0m
[1;94m[*] [0mFuzzing test case #363391 (719 total, 0 uniq crashes found)...[0m
[1;94m[*] [0mFuzzing test case #363400 (719 total, 0 uniq crashes found)...[0m
[1;94m[*] [0mFuzzing test case #363495 (719 total, 0 uniq crashes found)...[0m
[1;94m[*] [0mFuzzing test case #363525 (719 total, 0 uniq crashes found)...[0m
[1;94m[*] [0mFuzzing test case #363888 (719 total, 0 uniq crashes found)...[0m
[1;94m[*] [0mFuzzing test case #363907 (719 total, 0 uniq crashes found)...[0m
[1;94m[*] [0mFuzzing test case #364075 (719 total, 0 uniq crashes found)...[0m
[1;94m[*] [0mFuzzing test case #364114 (719 total, 0 uniq crashes found)...[0m
[1;94m[*] [0mFuzzing test case #364159 (719 total, 0 uniq crashes found)...[0m
[1;94m[*] [0mFuzzing test case #364165 (719 total, 0 uniq crashes found)...[0m
[1;94m[*] [0mFuzzing test case #364230 (719 total, 0 uniq crashes found)...[0m
[1;94m[*] [0mFuzzing test case #364485 (719 total, 0 uniq crashes found)...[0m
[1;94m[*] [0mFuzzing test case #364575 (719 total, 0 uniq crashes found)...[0m
[1;94m[*] [0mFuzzing test case #364590 (719 total, 0 uniq crashes found)...[0m
[1;94m[*] [0mFuzzing test case #364650 (719 total, 0 uniq crashes found)...[0m
[1;94m[*] [0mFuzzing test case #364880 (719 total, 0 uniq crashes found)...[0m
[1;94m[*] [0mFuzzing test case #364928 (719 total, 0 uniq crashes found)...[0m
[1;94m[*] [0mFuzzing test case #365172 (719 total, 0 uniq crashes found)...[0m
[1;94m[*] [0mFuzzing test case #365184 (719 total, 0 uniq crashes found)...[0m
[1;94m[*] [0mFuzzing test case #365228 (719 total, 0 uniq crashes found)...[0m
[1;94m[*] [0mFuzzing test case #365256 (719 total, 0 uniq crashes found)...[0m
[1;94m[*] [0mFuzzing test case #365462 (719 total, 0 uniq crashes found)...[0m
[1;94m[*] [0mFuzzing test case #365526 (719 total, 0 uniq crashes found)...[0m
[1;94m[*] [0mFuzzing test case #365593 (719 total, 0 uniq crashes found)...[0m
[1;94m[*] [0mFuzzing test case #365679 (719 total, 0 uniq crashes found)...[0m
[1;94m[*] [0mFuzzing test case #365683 (719 total, 0 uniq crashes found)...[0m
[1;94m[*] [0mFuzzing test case #365684 (719 total, 0 uniq crashes found)...[0m
[1;94m[*] [0mFuzzing test case #365695 (719 total, 0 uniq crashes found)...[0m
[1;94m[*] [0mFuzzing test case #365748 (719 total, 0 uniq crashes found)...[0m
[1;94m[*] [0mFuzzing test case #365942 (719 total, 0 uniq crashes found)...[0m
[1;94m[*] [0mFuzzing test case #366406 (719 total, 0 uniq crashes found)...[0m
[1;94m[*] [0mFuzzing test case #366407 (720 total, 0 uniq crashes found)...[0m
[1;94m[*] [0mFuzzing test case #366666 (720 total, 0 uniq crashes found)...[0m
[1;94m[*] [0mFuzzing test case #367061 (720 total, 0 uniq crashes found)...[0m
[1;94m[*] [0mFuzzing test case #367225 (720 total, 0 uniq crashes found)...[0m
[1;94m[*] [0mFuzzing test case #367354 (720 total, 0 uniq crashes found)...[0m
[1;94m[*] [0mFuzzing test case #367670 (720 total, 0 uniq crashes found)...[0m
[1;94m[*] [0mFuzzing test case #367757 (720 total, 0 uniq crashes found)...[0m
[1;94m[*] [0mFuzzing test case #367944 (720 total, 0 uniq crashes found)...[0m
[1;94m[*] [0mFuzzing test case #368113 (720 total, 0 uniq crashes found)...[0m
[1;94m[*] [0mFuzzing test case #368145 (720 total, 0 uniq crashes found)...[0m
[1;94m[*] [0mFuzzing test case #368159 (720 total, 0 uniq crashes found)...[0m
[1;94m[*] [0mFuzzing test case #368341 (720 total, 0 uniq crashes found)...[0m
[1;94m[*] [0mFuzzing test case #368473 (720 total, 0 uniq crashes found)...[0m
[1;94m[*] [0mFuzzing test case #368610 (720 total, 0 uniq crashes found)...[0m
[1;94m[*] [0mFuzzing test case #368672 (720 total, 0 uniq crashes found)...[0m
[1;94m[*] [0mFuzzing test case #368782 (720 total, 0 uniq crashes found)...[0m
[1;94m[*] [0mFuzzing test case #368801 (720 total, 0 uniq crashes found)...[0m
[1;94m[*] [0mFuzzing test case #368890 (720 total, 0 uniq crashes found)...[0m
[1;94m[*] [0mFuzzing test case #368942 (720 total, 0 uniq crashes found)...[0m
[1;94m[*] [0mFuzzing test case #369020 (720 total, 0 uniq crashes found)...[0m
[1;94m[*] [0mFuzzing test case #369188 (720 total, 0 uniq crashes found)...[0m
[1;94m[*] [0mFuzzing test case #369230 (720 total, 0 uniq crashes found)...[0m
[1;94m[*] [0mFuzzing test case #369234 (720 total, 0 uniq crashes found)...[0m
[1;94m[*] [0mFuzzing test case #369311 (720 total, 0 uniq crashes found)...[0m
[1;94m[*] [0mFuzzing test case #369355 (720 total, 0 uniq crashes found)...[0m
[1;94m[*] [0mFuzzing test case #369375 (720 total, 0 uniq crashes found)...[0m
[1;94m[*] [0mFuzzing test case #369438 (720 total, 0 uniq crashes found)...[0m
[1;94m[*] [0mFuzzing test case #369467 (720 total, 0 uniq crashes found)...[0m
[1;94m[*] [0mFuzzing test case #369691 (720 total, 0 uniq crashes found)...[0m
[1;94m[*] [0mFuzzing test case #369727 (720 total, 0 uniq crashes found)...[0m
[1;94m[*] [0mFuzzing test case #369883 (720 total, 0 uniq crashes found)...[0m
[1;94m[*] [0mFuzzing test case #369949 (720 total, 0 uniq crashes found)...[0m
[1;94m[*] [0mFuzzing test case #369992 (720 total, 0 uniq crashes found)...[0m
[1;94m[*] [0mFuzzing test case #370014 (720 total, 0 uniq crashes found)...[0m
[1;94m[*] [0mFuzzing test case #370077 (720 total, 0 uniq crashes found)...[0m
[1;94m[*] [0mFuzzing test case #370118 (720 total, 0 uniq crashes found)...[0m
[1;94m[*] [0mFuzzing test case #370185 (720 total, 0 uniq crashes found)...[0m
[1;94m[*] [0mFuzzing test case #370206 (720 total, 0 uniq crashes found)...[0m
[1;94m[*] [0mFuzzing test case #370241 (720 total, 0 uniq crashes found)...[0m
[1;94m[*] [0mFuzzing test case #370470 (720 total, 0 uniq crashes found)...[0m
[1;94m[*] [0mFuzzing test case #370609 (720 total, 0 uniq crashes found)...[0m
[1;94m[*] [0mFuzzing test case #370627 (720 total, 0 uniq crashes found)...[0m
[1;94m[*] [0mFuzzing test case #370779 (720 total, 0 uniq crashes found)...[0m
[1;94m[*] [0mFuzzing test case #370921 (720 total, 0 uniq crashes found)...[0m
[1;94m[*] [0mFuzzing test case #371023 (720 total, 0 uniq crashes found)...[0m
[1;94m[*] [0mFuzzing test case #371208 (720 total, 0 uniq crashes found)...[0m
[1;94m[*] [0mFuzzing test case #371239 (720 total, 0 uniq crashes found)...[0m
[1;94m[*] [0mFuzzing test case #371249 (720 total, 0 uniq crashes found)...[0m
[1;94m[*] [0mFuzzing test case #371433 (720 total, 0 uniq crashes found)...[0m
[1;94m[*] [0mFuzzing test case #371530 (720 total, 0 uniq crashes found)...[0m
[1;94m[*] [0mFuzzing test case #371538 (720 total, 0 uniq crashes found)...[0m
[1;94m[*] [0mFuzzing test case #371605 (720 total, 0 uniq crashes found)...[0m
[1;94m[*] [0mFuzzing test case #371732 (720 total, 0 uniq crashes found)...[0m
[1;94m[*] [0mFuzzing test case #371765 (720 total, 0 uniq crashes found)...[0m
[1;94m[*] [0mFuzzing test case #371848 (720 total, 0 uniq crashes found)...[0m
[1;94m[*] [0mFuzzing test case #372420 (720 total, 0 uniq crashes found)...[0m
[1;94m[*] [0mFuzzing test case #372702 (720 total, 0 uniq crashes found)...[0m
[1;94m[*] [0mFuzzing test case #372703 (720 total, 0 uniq crashes found)...[0m
[1;94m[*] [0mFuzzing test case #372728 (720 total, 0 uniq crashes found)...[0m
[1;94m[*] [0mFuzzing test case #372851 (720 total, 0 uniq crashes found)...[0m
[1;94m[*] [0mFuzzing test case #372947 (720 total, 0 uniq crashes found)...[0m
[1;94m[*] [0mFuzzing test case #373001 (720 total, 0 uniq crashes found)...[0m
[1;94m[*] [0mFuzzing test case #373102 (720 total, 0 uniq crashes found)...[0m
[1;94m[*] [0mFuzzing test case #373219 (720 total, 0 uniq crashes found)...[0m
[1;94m[*] [0mFuzzing test case #373299 (720 total, 0 uniq crashes found)...[0m
[1;94m[*] [0mFuzzing test case #373408 (720 total, 0 uniq crashes found)...[0m
[1;94m[*] [0mFuzzing test case #373577 (720 total, 0 uniq crashes found)...[0m
[1;94m[*] [0mFuzzing test case #373704 (720 total, 0 uniq crashes found)...[0m
[1;94m[*] [0mFuzzing test case #373934 (720 total, 0 uniq crashes found)...[0m
[1;94m[*] [0mFuzzing test case #374050 (720 total, 0 uniq crashes found)...[0m
[1;94m[*] [0mFuzzing test case #374271 (720 total, 0 uniq crashes found)...[0m
[1;94m[*] [0mFuzzing test case #374367 (720 total, 0 uniq crashes found)...[0m
[1;94m[*] [0mFuzzing test case #374373 (720 total, 0 uniq crashes found)...[0m
[1;94m[*] [0mFuzzing test case #374546 (720 total, 0 uniq crashes found)...[0m
[1;94m[*] [0mFuzzing test case #374722 (720 total, 0 uniq crashes found)...[0m
[1;94m[*] [0mFuzzing test case #374762 (720 total, 0 uniq crashes found)...[0m
[1;94m[*] [0mFuzzing test case #374769 (720 total, 0 uniq crashes found)...[0m
[1;94m[*] [0mFuzzing test case #374910 (720 total, 0 uniq crashes found)...[0m
[1;94m[*] [0mFuzzing test case #374957 (720 total, 0 uniq crashes found)...[0m
[1;94m[*] [0mFuzzing test case #375219 (720 total, 0 uniq crashes found)...[0m
[1;94m[*] [0mFuzzing test case #375238 (720 total, 0 uniq crashes found)...[0m
[1;94m[*] [0mFuzzing test case #375337 (720 total, 0 uniq crashes found)...[0m
[1;94m[*] [0mFuzzing test case #375506 (720 total, 0 uniq crashes found)...[0m
[1;94m[*] [0mFuzzing test case #375530 (720 total, 0 uniq crashes found)...[0m
[1;94m[*] [0mFuzzing test case #375574 (720 total, 0 uniq crashes found)...[0m
[1;94m[*] [0mFuzzing test case #375675 (720 total, 0 uniq crashes found)...[0m
[1;94m[*] [0mFuzzing test case #375890 (720 total, 0 uniq crashes found)...[0m
[1;94m[*] [0mFuzzing test case #375995 (720 total, 0 uniq crashes found)...[0m
[1;94m[*] [0mFuzzing test case #376122 (720 total, 0 uniq crashes found)...[0m
[1;94m[*] [0mFuzzing test case #376184 (720 total, 0 uniq crashes found)...[0m
[1;94m[*] [0mFuzzing test case #376214 (720 total, 0 uniq crashes found)...[0m
[1;94m[*] [0mFuzzing test case #376296 (720 total, 0 uniq crashes found)...[0m
[1;94m[*] [0mFuzzing test case #376357 (720 total, 0 uniq crashes found)...[0m
[1;94m[*] [0mFuzzing test case #377005 (720 total, 0 uniq crashes found)...[0m
[1;94m[*] [0mFuzzing test case #377011 (720 total, 0 uniq crashes found)...[0m
[1;94m[*] [0mFuzzing test case #377044 (720 total, 0 uniq crashes found)...[0m
[1;94m[*] [0mFuzzing test case #377062 (720 total, 0 uniq crashes found)...[0m
[1;94m[*] [0mFuzzing test case #377177 (720 total, 0 uniq crashes found)...[0m
[1;94m[*] [0mFuzzing test case #377193 (720 total, 0 uniq crashes found)...[0m
[1;94m[*] [0mFuzzing test case #377198 (720 total, 0 uniq crashes found)...[0m
[1;94m[*] [0mFuzzing test case #377334 (721 total, 0 uniq crashes found)...[0m
[1;94m[*] [0mFuzzing test case #377511 (721 total, 0 uniq crashes found)...[0m
[1;94m[*] [0mFuzzing test case #377682 (721 total, 0 uniq crashes found)...[0m
[1;94m[*] [0mFuzzing test case #377695 (721 total, 0 uniq crashes found)...[0m
[1;94m[*] [0mFuzzing test case #377854 (721 total, 0 uniq crashes found)...[0m
[1;94m[*] [0mFuzzing test case #377872 (721 total, 0 uniq crashes found)...[0m
[1;94m[*] [0mFuzzing test case #377952 (721 total, 0 uniq crashes found)...[0m
[1;94m[*] [0mFuzzing test case #377968 (721 total, 0 uniq crashes found)...[0m
[1;94m[*] [0mFuzzing test case #378068 (721 total, 0 uniq crashes found)...[0m
[1;94m[*] [0mFuzzing test case #378228 (721 total, 0 uniq crashes found)...[0m
[1;94m[*] [0mFuzzing test case #378463 (721 total, 0 uniq crashes found)...[0m
[1;94m[*] [0mFuzzing test case #378525 (721 total, 0 uniq crashes found)...[0m
[1;94m[*] [0mFuzzing test case #378595 (721 total, 0 uniq crashes found)...[0m
[1;94m[*] [0mFuzzing test case #378636 (721 total, 0 uniq crashes found)...[0m
[1;94m[*] [0mFuzzing test case #378799 (721 total, 0 uniq crashes found)...[0m
[1;94m[*] [0mFuzzing test case #379116 (721 total, 0 uniq crashes found)...[0m
[1;94m[*] [0mFuzzing test case #379152 (721 total, 0 uniq crashes found)...[0m
[1;94m[*] [0mFuzzing test case #379335 (721 total, 0 uniq crashes found)...[0m
[1;94m[*] [0mFuzzing test case #379372 (721 total, 0 uniq crashes found)...[0m
[1;94m[*] [0mFuzzing test case #379379 (721 total, 0 uniq crashes found)...[0m
[1;94m[*] [0mFuzzing test case #379476 (721 total, 0 uniq crashes found)...[0m
[1;94m[*] [0mFuzzing test case #379517 (721 total, 0 uniq crashes found)...[0m
[1;94m[*] [0mFuzzing test case #379608 (721 total, 0 uniq crashes found)...[0m
[1;94m[*] [0mFuzzing test case #379622 (721 total, 0 uniq crashes found)...[0m
[1;94m[*] [0mFuzzing test case #379770 (721 total, 0 uniq crashes found)...[0m
[1;94m[*] [0mFuzzing test case #379808 (721 total, 0 uniq crashes found)...[0m
[1;94m[*] [0mFuzzing test case #379833 (721 total, 0 uniq crashes found)...[0m
[1;94m[*] [0mFuzzing test case #380128 (721 total, 0 uniq crashes found)...[0m
[1;94m[*] [0mFuzzing test case #380258 (721 total, 0 uniq crashes found)...[0m
[1;94m[*] [0mFuzzing test case #380344 (721 total, 0 uniq crashes found)...[0m
[1;94m[*] [0mFuzzing test case #380383 (721 total, 0 uniq crashes found)...[0m
[1;94m[*] [0mFuzzing test case #380424 (721 total, 0 uniq crashes found)...[0m
[1;94m[*] [0mFuzzing test case #380548 (721 total, 0 uniq crashes found)...[0m
[1;94m[*] [0mFuzzing test case #380624 (721 total, 0 uniq crashes found)...[0m
[1;94m[*] [0mFuzzing test case #380717 (721 total, 0 uniq crashes found)...[0m
[1;94m[*] [0mFuzzing test case #380726 (721 total, 0 uniq crashes found)...[0m
[1;94m[*] [0mFuzzing test case #380889 (721 total, 0 uniq crashes found)...[0m
[1;94m[*] [0mFuzzing test case #380945 (721 total, 0 uniq crashes found)...[0m
[1;94m[*] [0mFuzzing test case #381112 (721 total, 0 uniq crashes found)...[0m
[1;94m[*] [0mFuzzing test case #381156 (721 total, 0 uniq crashes found)...[0m
[1;94m[*] [0mFuzzing test case #381339 (721 total, 0 uniq crashes found)...[0m
[1;94m[*] [0mFuzzing test case #381383 (721 total, 0 uniq crashes found)...[0m
[1;94m[*] [0mFuzzing test case #381417 (721 total, 0 uniq crashes found)...[0m
[1;94m[*] [0mFuzzing test case #381543 (721 total, 0 uniq crashes found)...[0m
[1;94m[*] [0mFuzzing test case #381549 (721 total, 0 uniq crashes found)...[0m
[1;94m[*] [0mFuzzing test case #381557 (721 total, 0 uniq crashes found)...[0m
[1;94m[*] [0mFuzzing test case #381850 (721 total, 0 uniq crashes found)...[0m
[1;94m[*] [0mFuzzing test case #381852 (721 total, 0 uniq crashes found)...[0m
[1;94m[*] [0mFuzzing test case #381908 (721 total, 0 uniq crashes found)...[0m
[1;94m[*] [0mFuzzing test case #381916 (721 total, 0 uniq crashes found)...[0m
[1;94m[*] [0mFuzzing test case #381971 (721 total, 0 uniq crashes found)...[0m
[1;94m[*] [0mFuzzing test case #382391 (721 total, 0 uniq crashes found)...[0m
[1;94m[*] [0mFuzzing test case #382430 (721 total, 0 uniq crashes found)...[0m
[1;94m[*] [0mFuzzing test case #382443 (721 total, 0 uniq crashes found)...[0m
[1;94m[*] [0mFuzzing test case #382917 (721 total, 0 uniq crashes found)...[0m
[1;94m[*] [0mFuzzing test case #383049 (721 total, 0 uniq crashes found)...[0m
[1;94m[*] [0mFuzzing test case #383079 (721 total, 0 uniq crashes found)...[0m
[1;94m[*] [0mFuzzing test case #383184 (721 total, 0 uniq crashes found)...[0m
[1;94m[*] [0mFuzzing test case #383407 (721 total, 0 uniq crashes found)...[0m
[1;94m[*] [0mFuzzing test case #383675 (721 total, 0 uniq crashes found)...[0m
[1;94m[*] [0mFuzzing test case #383894 (721 total, 0 uniq crashes found)...[0m
[1;94m[*] [0mFuzzing test case #383943 (721 total, 0 uniq crashes found)...[0m
[1;94m[*] [0mFuzzing test case #383997 (721 total, 0 uniq crashes found)...[0m
[1;94m[*] [0mFuzzing test case #384140 (721 total, 0 uniq crashes found)...[0m
[1;94m[*] [0mFuzzing test case #384205 (721 total, 0 uniq crashes found)...[0m
[1;94m[*] [0mFuzzing test case #384246 (721 total, 0 uniq crashes found)...[0m
[1;94m[*] [0mFuzzing test case #384274 (721 total, 0 uniq crashes found)...[0m
[1;94m[*] [0mFuzzing test case #384358 (721 total, 0 uniq crashes found)...[0m
[1;94m[*] [0mFuzzing test case #384572 (721 total, 0 uniq crashes found)...[0m
[1;94m[*] [0mFuzzing test case #384631 (721 total, 0 uniq crashes found)...[0m
[1;94m[*] [0mFuzzing test case #384643 (721 total, 0 uniq crashes found)...[0m
[1;94m[*] [0mFuzzing test case #384750 (721 total, 0 uniq crashes found)...[0m
[1;94m[*] [0mFuzzing test case #384769 (721 total, 0 uniq crashes found)...[0m
[1;94m[*] [0mFuzzing test case #384804 (721 total, 0 uniq crashes found)...[0m
[1;94m[*] [0mFuzzing test case #384830 (721 total, 0 uniq crashes found)...[0m
[1;94m[*] [0mFuzzing test case #385009 (721 total, 0 uniq crashes found)...[0m
[1;94m[*] [0mFuzzing test case #385092 (721 total, 0 uniq crashes found)...[0m
[1;94m[*] [0mFuzzing test case #385140 (721 total, 0 uniq crashes found)...[0m
[1;94m[*] [0mFuzzing test case #385153 (721 total, 0 uniq crashes found)...[0m
[1;94m[*] [0mFuzzing test case #385159 (721 total, 0 uniq crashes found)...[0m
[1;94m[*] [0mFuzzing test case #385255 (721 total, 0 uniq crashes found)...[0m
[1;94m[*] [0mFuzzing test case #385270 (721 total, 0 uniq crashes found)...[0m
[1;94m[*] [0mFuzzing test case #385339 (721 total, 0 uniq crashes found)...[0m
[1;94m[*] [0mFuzzing test case #385346 (721 total, 0 uniq crashes found)...[0m
[1;94m[*] [0mFuzzing test case #385395 (721 total, 0 uniq crashes found)...[0m
[1;94m[*] [0mFuzzing test case #385485 (721 total, 0 uniq crashes found)...[0m
[1;94m[*] [0mFuzzing test case #385557 (721 total, 0 uniq crashes found)...[0m
[1;94m[*] [0mFuzzing test case #385567 (721 total, 0 uniq crashes found)...[0m
[1;94m[*] [0mFuzzing test case #385569 (721 total, 0 uniq crashes found)...[0m
[1;94m[*] [0mFuzzing test case #385755 (721 total, 0 uniq crashes found)...[0m
[1;94m[*] [0mFuzzing test case #385766 (721 total, 0 uniq crashes found)...[0m
[1;94m[*] [0mFuzzing test case #385876 (721 total, 0 uniq crashes found)...[0m
[1;94m[*] [0mFuzzing test case #385960 (721 total, 0 uniq crashes found)...[0m
[1;94m[*] [0mFuzzing test case #386061 (721 total, 0 uniq crashes found)...[0m
[1;94m[*] [0mFuzzing test case #386137 (721 total, 0 uniq crashes found)...[0m
[1;94m[*] [0mFuzzing test case #386372 (721 total, 0 uniq crashes found)...[0m
[1;94m[*] [0mFuzzing test case #386376 (721 total, 0 uniq crashes found)...[0m
[1;94m[*] [0mFuzzing test case #386695 (721 total, 0 uniq crashes found)...[0m
[1;94m[*] [0mFuzzing test case #386704 (721 total, 0 uniq crashes found)...[0m
[1;94m[*] [0mFuzzing test case #386839 (721 total, 0 uniq crashes found)...[0m
[1;94m[*] [0mFuzzing test case #386894 (721 total, 0 uniq crashes found)...[0m
[1;94m[*] [0mFuzzing test case #386908 (721 total, 0 uniq crashes found)...[0m
[1;94m[*] [0mFuzzing test case #386933 (721 total, 0 uniq crashes found)...[0m
[1;94m[*] [0mFuzzing test case #386936 (721 total, 0 uniq crashes found)...[0m
[1;94m[*] [0mFuzzing test case #387147 (721 total, 0 uniq crashes found)...[0m
[1;94m[*] [0mFuzzing test case #387218 (721 total, 0 uniq crashes found)...[0m
[1;94m[*] [0mFuzzing test case #387337 (721 total, 0 uniq crashes found)...[0m
[1;94m[*] [0mFuzzing test case #387352 (721 total, 0 uniq crashes found)...[0m
[1;94m[*] [0mFuzzing test case #387698 (721 total, 0 uniq crashes found)...[0m
[1;94m[*] [0mFuzzing test case #388075 (721 total, 0 uniq crashes found)...[0m
[1;94m[*] [0mFuzzing test case #388114 (721 total, 0 uniq crashes found)...[0m
[1;94m[*] [0mFuzzing test case #388144 (721 total, 0 uniq crashes found)...[0m
[1;94m[*] [0mFuzzing test case #388239 (721 total, 0 uniq crashes found)...[0m
[1;94m[*] [0mFuzzing test case #388264 (721 total, 0 uniq crashes found)...[0m
[1;94m[*] [0mFuzzing test case #388454 (721 total, 0 uniq crashes found)...[0m
[1;94m[*] [0mFuzzing test case #388522 (721 total, 0 uniq crashes found)...[0m
[1;94m[*] [0mFuzzing test case #388797 (721 total, 0 uniq crashes found)...[0m
[1;94m[*] [0mFuzzing test case #388801 (721 total, 0 uniq crashes found)...[0m
[1;94m[*] [0mFuzzing test case #388804 (721 total, 0 uniq crashes found)...[0m
[1;94m[*] [0mFuzzing test case #388863 (721 total, 0 uniq crashes found)...[0m
[1;94m[*] [0mFuzzing test case #388893 (721 total, 0 uniq crashes found)...[0m
[1;94m[*] [0mFuzzing test case #388998 (721 total, 0 uniq crashes found)...[0m
[1;94m[*] [0mFuzzing test case #389001 (721 total, 0 uniq crashes found)...[0m
[1;94m[*] [0mFuzzing test case #389277 (721 total, 0 uniq crashes found)...[0m
[1;94m[*] [0mFuzzing test case #389348 (721 total, 0 uniq crashes found)...[0m
[1;94m[*] [0mFuzzing test case #389550 (721 total, 0 uniq crashes found)...[0m
[1;94m[*] [0mFuzzing test case #389551 (721 total, 0 uniq crashes found)...[0m
[1;94m[*] [0mFuzzing test case #389581 (721 total, 0 uniq crashes found)...[0m
[1;94m[*] [0mFuzzing test case #389708 (721 total, 0 uniq crashes found)...[0m
[1;94m[*] [0mFuzzing test case #389729 (721 total, 0 uniq crashes found)...[0m
[1;94m[*] [0mFuzzing test case #389809 (721 total, 0 uniq crashes found)...[0m
[1;94m[*] [0mFuzzing test case #389838 (721 total, 0 uniq crashes found)...[0m
[1;94m[*] [0mFuzzing test case #389958 (721 total, 0 uniq crashes found)...[0m
[1;94m[*] [0mFuzzing test case #390103 (721 total, 0 uniq crashes found)...[0m
[1;94m[*] [0mFuzzing test case #390124 (721 total, 0 uniq crashes found)...[0m
[1;94m[*] [0mFuzzing test case #390160 (721 total, 0 uniq crashes found)...[0m
[1;94m[*] [0mFuzzing test case #390163 (721 total, 0 uniq crashes found)...[0m
[1;94m[*] [0mFuzzing test case #390252 (721 total, 0 uniq crashes found)...[0m
[1;94m[*] [0mFuzzing test case #390257 (721 total, 0 uniq crashes found)...[0m
[1;94m[*] [0mFuzzing test case #390388 (721 total, 0 uniq crashes found)...[0m
[1;94m[*] [0mFuzzing test case #390500 (721 total, 0 uniq crashes found)...[0m
[1;94m[*] [0mFuzzing test case #390551 (721 total, 0 uniq crashes found)...[0m
[1;94m[*] [0mFuzzing test case #390728 (721 total, 0 uniq crashes found)...[0m
[1;94m[*] [0mFuzzing test case #390799 (721 total, 0 uniq crashes found)...[0m
[1;94m[*] [0mFuzzing test case #390810 (721 total, 0 uniq crashes found)...[0m
[1;94m[*] [0mFuzzing test case #390816 (721 total, 0 uniq crashes found)...[0m
[1;94m[*] [0mFuzzing test case #390984 (721 total, 0 uniq crashes found)...[0m
[1;94m[*] [0mFuzzing test case #391031 (721 total, 0 uniq crashes found)...[0m
[1;94m[*] [0mFuzzing test case #391046 (721 total, 0 uniq crashes found)...[0m
[1;94m[*] [0mFuzzing test case #391083 (721 total, 0 uniq crashes found)...[0m
[1;94m[*] [0mFuzzing test case #391092 (721 total, 0 uniq crashes found)...[0m
[1;94m[*] [0mFuzzing test case #391185 (721 total, 0 uniq crashes found)...[0m
[1;94m[*] [0mFuzzing test case #391245 (721 total, 0 uniq crashes found)...[0m
[1;94m[*] [0mFuzzing test case #391798 (721 total, 0 uniq crashes found)...[0m
[1;94m[*] [0mFuzzing test case #391939 (721 total, 0 uniq crashes found)...[0m
[1;94m[*] [0mFuzzing test case #392067 (721 total, 0 uniq crashes found)...[0m
[1;94m[*] [0mFuzzing test case #392104 (721 total, 0 uniq crashes found)...[0m
[1;94m[*] [0mFuzzing test case #392112 (721 total, 0 uniq crashes found)...[0m
[1;94m[*] [0mFuzzing test case #392217 (721 total, 0 uniq crashes found)...[0m
[1;94m[*] [0mFuzzing test case #392596 (721 total, 0 uniq crashes found)...[0m
[1;94m[*] [0mFuzzing test case #392641 (721 total, 0 uniq crashes found)...[0m
[1;94m[*] [0mFuzzing test case #392660 (721 total, 0 uniq crashes found)...[0m
[1;94m[*] [0mFuzzing test case #392760 (721 total, 0 uniq crashes found)...[0m
[1;94m[*] [0mFuzzing test case #392837 (721 total, 0 uniq crashes found)...[0m
[1;94m[*] [0mFuzzing test case #392918 (721 total, 0 uniq crashes found)...[0m
[1;94m[*] [0mFuzzing test case #392973 (721 total, 0 uniq crashes found)...[0m
[1;94m[*] [0mFuzzing test case #392994 (721 total, 0 uniq crashes found)...[0m
[1;94m[*] [0mFuzzing test case #393048 (721 total, 0 uniq crashes found)...[0m
[1;94m[*] [0mFuzzing test case #393416 (721 total, 0 uniq crashes found)...[0m
[1;94m[*] [0mFuzzing test case #393419 (721 total, 0 uniq crashes found)...[0m
[1;94m[*] [0mFuzzing test case #393438 (721 total, 0 uniq crashes found)...[0m
[1;94m[*] [0mFuzzing test case #393515 (721 total, 0 uniq crashes found)...[0m
[1;94m[*] [0mFuzzing test case #393539 (721 total, 0 uniq crashes found)...[0m
[1;94m[*] [0mFuzzing test case #393555 (721 total, 0 uniq crashes found)...[0m
[1;94m[*] [0mFuzzing test case #393685 (721 total, 0 uniq crashes found)...[0m
[1;94m[*] [0mFuzzing test case #393697 (721 total, 0 uniq crashes found)...[0m
[1;94m[*] [0mFuzzing test case #393823 (721 total, 0 uniq crashes found)...[0m
[1;94m[*] [0mFuzzing test case #394178 (721 total, 0 uniq crashes found)...[0m
[1;94m[*] [0mFuzzing test case #394328 (721 total, 0 uniq crashes found)...[0m
[1;94m[*] [0mFuzzing test case #394337 (721 total, 0 uniq crashes found)...[0m
[1;94m[*] [0mFuzzing test case #394393 (721 total, 0 uniq crashes found)...[0m
[1;94m[*] [0mFuzzing test case #394396 (721 total, 0 uniq crashes found)...[0m
[1;94m[*] [0mFuzzing test case #394530 (721 total, 0 uniq crashes found)...[0m
[1;94m[*] [0mFuzzing test case #394547 (721 total, 0 uniq crashes found)...[0m
[1;94m[*] [0mFuzzing test case #394662 (721 total, 0 uniq crashes found)...[0m
[1;94m[*] [0mFuzzing test case #394680 (721 total, 0 uniq crashes found)...[0m
[1;94m[*] [0mFuzzing test case #394701 (721 total, 0 uniq crashes found)...[0m
[1;94m[*] [0mFuzzing test case #394804 (721 total, 0 uniq crashes found)...[0m
[1;94m[*] [0mFuzzing test case #394863 (721 total, 0 uniq crashes found)...[0m
[1;94m[*] [0mFuzzing test case #395001 (721 total, 0 uniq crashes found)...[0m
[1;94m[*] [0mFuzzing test case #395131 (721 total, 0 uniq crashes found)...[0m
[1;94m[*] [0mFuzzing test case #395196 (721 total, 0 uniq crashes found)...[0m
[1;94m[*] [0mFuzzing test case #395287 (721 total, 0 uniq crashes found)...[0m
[1;94m[*] [0mFuzzing test case #395376 (721 total, 0 uniq crashes found)...[0m
[1;94m[*] [0mFuzzing test case #395492 (721 total, 0 uniq crashes found)...[0m
[1;94m[*] [0mFuzzing test case #395599 (721 total, 0 uniq crashes found)...[0m
[1;94m[*] [0mFuzzing test case #395898 (721 total, 0 uniq crashes found)...[0m
[1;94m[*] [0mFuzzing test case #395975 (721 total, 0 uniq crashes found)...[0m
[1;94m[*] [0mFuzzing test case #396045 (721 total, 0 uniq crashes found)...[0m
[1;94m[*] [0mFuzzing test case #396211 (721 total, 0 uniq crashes found)...[0m
[1;94m[*] [0mFuzzing test case #396280 (721 total, 0 uniq crashes found)...[0m
[1;94m[*] [0mFuzzing test case #396372 (721 total, 0 uniq crashes found)...[0m
[1;94m[*] [0mFuzzing test case #396484 (721 total, 0 uniq crashes found)...[0m
[1;94m[*] [0mFuzzing test case #396751 (721 total, 0 uniq crashes found)...[0m
[1;94m[*] [0mFuzzing test case #396756 (721 total, 0 uniq crashes found)...[0m
[1;94m[*] [0mFuzzing test case #396833 (721 total, 0 uniq crashes found)...[0m
[1;94m[*] [0mFuzzing test case #396839 (721 total, 0 uniq crashes found)...[0m
[1;94m[*] [0mFuzzing test case #396948 (721 total, 0 uniq crashes found)...[0m
[?25h[1;91m

+++ Testing aborted by user +++
[0m
[1;93m[!] [0mStopped during the first cycle, results may be incomplete.
    (For info on resuming, see docs/README.)
[1;92m[+] [0mWe're done here. Have a nice day!
[0m
Campaign terminated at 2025-01-26 17:47
